epoch,brotli_size,soup_size,higher_entropy
1,524269,8192,-0.000116
65,517955,8192,0.095315
129,512912,8192,0.171095
193,509120,8192,0.228137
257,506045,8192,0.273359
321,503757,8192,0.306651
385,501984,8192,0.331150
449,500523,8192,0.350384
513,498602,8192,0.376558
577,498235,8192,0.378469
641,498141,8192,0.375520
705,498086,8192,0.373531
769,497795,8192,0.373698
833,497900,8192,0.365198
897,496680,8192,0.378934
961,496536,8192,0.372300
1025,495645,8192,0.374139
1089,496638,8192,0.352917
1153,496716,8192,0.346664
1217,496043,8192,0.350116
1281,495484,8192,0.352172
1345,496045,8192,0.334093
1409,496367,8192,0.321673
1473,495795,8192,0.320980
1537,496444,8192,0.300815
1601,497103,8192,0.283591
1665,497857,8192,0.267079
1729,498527,8192,0.252297
1793,499223,8192,0.236291
1857,497735,8192,0.250624
1921,496916,8192,0.251741
1985,497091,8192,0.244782
2049,497044,8192,0.233564
2113,496536,8192,0.234456
2177,495405,8192,0.241294
2241,494226,8192,0.248556
2305,494611,8192,0.241013
2369,494518,8192,0.235257
2433,494886,8192,0.223439
2497,494350,8192,0.222454
2561,493882,8192,0.220788
2625,493406,8192,0.222695
2689,492948,8192,0.216558
2753,492462,8192,0.213168
2817,492090,8192,0.208003
2881,492256,8192,0.198507
2945,493215,8192,0.185530
3009,494005,8192,0.168006
3073,493845,8192,0.166066
3137,493106,8192,0.168143
3201,493219,8192,0.163449
3265,494290,8192,0.145000
3329,494369,8192,0.143193
3393,494489,8192,0.137785
3457,495289,8192,0.129966
3521,494840,8192,0.136330
3585,495691,8192,0.126750
3649,495991,8192,0.118003
3713,495869,8192,0.114639
3777,495552,8192,0.112868
3841,494790,8192,0.114377
3905,495433,8192,0.100714
3969,494722,8192,0.105545
4033,494286,8192,0.110453
4097,493806,8192,0.109654
4161,493745,8192,0.106933
4225,493904,8192,0.100115
4289,494214,8192,0.095107
4353,494331,8192,0.096203
4417,493355,8192,0.111481
4481,493835,8192,0.104328
4545,493208,8192,0.107762
4609,493692,8192,0.098712
4673,493681,8192,0.098546
4737,493511,8192,0.094757
4801,492355,8192,0.102432
4865,492289,8192,0.100958
4929,492614,8192,0.099479
4993,491953,8192,0.105113
5057,492582,8192,0.100042
5121,492179,8192,0.098331
5185,492648,8192,0.090679
5249,491456,8192,0.101718
5313,491585,8192,0.096565
5377,491823,8192,0.098870
5441,491587,8192,0.093808
5505,491527,8192,0.093180
5569,491264,8192,0.091179
5633,490153,8192,0.103845
5697,489582,8192,0.103957
5761,488854,8192,0.103248
5825,489158,8192,0.095346
5889,489503,8192,0.086361
5953,489354,8192,0.084501
6017,489146,8192,0.085097
6081,488564,8192,0.092200
6145,487186,8192,0.107499
6209,485469,8192,0.134103
6273,484785,8192,0.144361
6337,484208,8192,0.152228
6401,485105,8192,0.137903
6465,485619,8192,0.123235
6529,485695,8192,0.119948
6593,486023,8192,0.109410
6657,485927,8192,0.108731
6721,486510,8192,0.100197
6785,487158,8192,0.091853
6849,487444,8192,0.089655
6913,487403,8192,0.087397
6977,486981,8192,0.082800
7041,486577,8192,0.083710
7105,487098,8192,0.077392
7169,486858,8192,0.078461
7233,487534,8192,0.072943
7297,487961,8192,0.067973
7361,488289,8192,0.069199
7425,487458,8192,0.077638
7489,486908,8192,0.085572
7553,486505,8192,0.086913
7617,485438,8192,0.100922
7681,486034,8192,0.093469
7745,485801,8192,0.095044
7809,485852,8192,0.103270
7873,485574,8192,0.105163
7937,486831,8192,0.097815
8001,486137,8192,0.107191
8065,486026,8192,0.106470
8129,486213,8192,0.104615
8193,485328,8192,0.122537
8257,484009,8192,0.136056
8321,482571,8192,0.154475
8385,481426,8192,0.167543
8449,482059,8192,0.154787
8513,482168,8192,0.152235
8577,481539,8192,0.163892
8641,482496,8192,0.156437
8705,482874,8192,0.154170
8769,483616,8192,0.149871
8833,484619,8192,0.134853
8897,483678,8192,0.148637
8961,483307,8192,0.155570
9025,483799,8192,0.147316
9089,483532,8192,0.156673
9153,483381,8192,0.151821
9217,483857,8192,0.148555
9281,483406,8192,0.153956
9345,483416,8192,0.150392
9409,483013,8192,0.150324
9473,483455,8192,0.139385
9537,483780,8192,0.137117
9601,484961,8192,0.126852
9665,485107,8192,0.121530
9729,484709,8192,0.120896
9793,484636,8192,0.120351
9857,484902,8192,0.116100
9921,484853,8192,0.119388
9985,484858,8192,0.119974
10049,484254,8192,0.125554
10113,484250,8192,0.124454
10177,483505,8192,0.128333
10241,483879,8192,0.131559
10305,484481,8192,0.126543
10369,483873,8192,0.127335
10433,484458,8192,0.124258
10497,484246,8192,0.123353
10561,483993,8192,0.125263
10625,484158,8192,0.121699
10689,484008,8192,0.123318
10753,484305,8192,0.120396
10817,484617,8192,0.117352
10881,484681,8192,0.117453
10945,484891,8192,0.109485
11009,484801,8192,0.110900
11073,484974,8192,0.112845
11137,484447,8192,0.124760
11201,484180,8192,0.129428
11265,484501,8192,0.127931
11329,484202,8192,0.130060
11393,483676,8192,0.131594
11457,482474,8192,0.146913
11521,482180,8192,0.137893
11585,481980,8192,0.142529
11649,480625,8192,0.154043
11713,479890,8192,0.162859
11777,480048,8192,0.161247
11841,481106,8192,0.142978
11905,482399,8192,0.130528
11969,482297,8192,0.130520
12033,482125,8192,0.123060
12097,482006,8192,0.128012
12161,482465,8192,0.120826
12225,482597,8192,0.124287
12289,482587,8192,0.124614
12353,482526,8192,0.128832
12417,482551,8192,0.124999
12481,482545,8192,0.130951
12545,484037,8192,0.124052
12609,484435,8192,0.124717
12673,484608,8192,0.126894
12737,485102,8192,0.115090
12801,485190,8192,0.114553
12865,485621,8192,0.109134
12929,485773,8192,0.113433
12993,485952,8192,0.108282
13057,485546,8192,0.120577
13121,485171,8192,0.128274
13185,484236,8192,0.135193
13249,483520,8192,0.151179
13313,483259,8192,0.161813
13377,482781,8192,0.161839
13441,482624,8192,0.152325
13505,482828,8192,0.147569
13569,481667,8192,0.154069
13633,482407,8192,0.144959
13697,482319,8192,0.146151
13761,482770,8192,0.147121
13825,482712,8192,0.145223
13889,483218,8192,0.138685
13953,483882,8192,0.135041
14017,483663,8192,0.129192
14081,484515,8192,0.124180
14145,484291,8192,0.130416
14209,483064,8192,0.141928
14273,483419,8192,0.138902
14337,482345,8192,0.152692
14401,481995,8192,0.163666
14465,480103,8192,0.183632
14529,480589,8192,0.182727
14593,480276,8192,0.183432
14657,480515,8192,0.178571
14721,480577,8192,0.174128
14785,480957,8192,0.170754
14849,481205,8192,0.166845
14913,481790,8192,0.157439
14977,481351,8192,0.160802
15041,481324,8192,0.168698
15105,482429,8192,0.157213
15169,482108,8192,0.165281
15233,482327,8192,0.165726
15297,482267,8192,0.166258
15361,482107,8192,0.166212
15425,482804,8192,0.160890
15489,482505,8192,0.159915
15553,482211,8192,0.159131
15617,482820,8192,0.155828
15681,483087,8192,0.154683
15745,483085,8192,0.153468
15809,482558,8192,0.162760
15873,482408,8192,0.164514
15937,482777,8192,0.159172
16001,482783,8192,0.157959
16065,482652,8192,0.159340
16129,482355,8192,0.170703
16193,483546,8192,0.157359
16257,483565,8192,0.158294
16321,484712,8192,0.142019
16385,483797,8192,0.149001
16449,483931,8192,0.142143
16513,484913,8192,0.126817
16577,485416,8192,0.117219
16641,484931,8192,0.122496
16705,484878,8192,0.125985
16769,484456,8192,0.131122
16833,485404,8192,0.114118
16897,486408,8192,0.101923
16961,485520,8192,0.114266
17025,485679,8192,0.118696
17089,484825,8192,0.128904
17153,484745,8192,0.119186
17217,484410,8192,0.128379
17281,484499,8192,0.131623
17345,484417,8192,0.134049
17409,485149,8192,0.128564
17473,484647,8192,0.132636
17537,484642,8192,0.127628
17601,486217,8192,0.111492
17665,484731,8192,0.124577
17729,484370,8192,0.124541
17793,485276,8192,0.116427
17857,485324,8192,0.115251
17921,485760,8192,0.111217
17985,486848,8192,0.095403
18049,486906,8192,0.095000
18113,487063,8192,0.096405
18177,487275,8192,0.097214
18241,486718,8192,0.102677
18305,487374,8192,0.095310
18369,485916,8192,0.113729
18433,484819,8192,0.132736
18497,483789,8192,0.151162
18561,485053,8192,0.137846
18625,485217,8192,0.138083
18689,486403,8192,0.127501
18753,486724,8192,0.126012
18817,487022,8192,0.124185
18881,487080,8192,0.120584
18945,486603,8192,0.125534
19009,485507,8192,0.132996
19073,485823,8192,0.120225
19137,485493,8192,0.119336
19201,486135,8192,0.109863
19265,486204,8192,0.106351
19329,485776,8192,0.107198
19393,485942,8192,0.109253
19457,485535,8192,0.111598
19521,484510,8192,0.125044
19585,483745,8192,0.140867
19649,484637,8192,0.139520
19713,485727,8192,0.129629
19777,485730,8192,0.130046
19841,484749,8192,0.137485
19905,484551,8192,0.140446
19969,485965,8192,0.122300
20033,485935,8192,0.119775
20097,485361,8192,0.127959
20161,484905,8192,0.129132
20225,484870,8192,0.129587
20289,486482,8192,0.112239
20353,486697,8192,0.115232
20417,485933,8192,0.124238
20481,486326,8192,0.120113
20545,486571,8192,0.113751
20609,486940,8192,0.107546
20673,487138,8192,0.104990
20737,486739,8192,0.113031
20801,485730,8192,0.125436
20865,485711,8192,0.122755
20929,485283,8192,0.127339
20993,486351,8192,0.115149
21057,486261,8192,0.110617
21121,486015,8192,0.108433
21185,486299,8192,0.103860
21249,485832,8192,0.106338
21313,486014,8192,0.113774
21377,487199,8192,0.098557
21441,487043,8192,0.097832
21505,487193,8192,0.101723
21569,486880,8192,0.106887
21633,486109,8192,0.107279
21697,486455,8192,0.107543
21761,486443,8192,0.106636
21825,486633,8192,0.107655
21889,486948,8192,0.106152
21953,487045,8192,0.111401
22017,487574,8192,0.106928
22081,487325,8192,0.107791
22145,486706,8192,0.117741
22209,486575,8192,0.120192
22273,486090,8192,0.128414
22337,486279,8192,0.127609
22401,485198,8192,0.136349
22465,485140,8192,0.133234
22529,485132,8192,0.131834
22593,485676,8192,0.121568
22657,484469,8192,0.129319
22721,484012,8192,0.132600
22785,483445,8192,0.137068
22849,483865,8192,0.132419
22913,483601,8192,0.138937
22977,483895,8192,0.134513
23041,483922,8192,0.128273
23105,484418,8192,0.120259
23169,484323,8192,0.120723
23233,483789,8192,0.133444
23297,483979,8192,0.123954
23361,482827,8192,0.136306
23425,482472,8192,0.150899
23489,482574,8192,0.146393
23553,482632,8192,0.141510
23617,481968,8192,0.156130
23681,482600,8192,0.144859
23745,482863,8192,0.139699
23809,483132,8192,0.140541
23873,483350,8192,0.144774
23937,484595,8192,0.134517
24001,484689,8192,0.130264
24065,484807,8192,0.134955
24129,483890,8192,0.140569
24193,483804,8192,0.129983
24257,483755,8192,0.127758
24321,483724,8192,0.127802
24385,484100,8192,0.128414
24449,483644,8192,0.130831
24513,482614,8192,0.141420
24577,482537,8192,0.141386
24641,481572,8192,0.145645
24705,481625,8192,0.147705
24769,481292,8192,0.149429
24833,481556,8192,0.143217
24897,481772,8192,0.140265
24961,481972,8192,0.137628
25025,482700,8192,0.134132
25089,483560,8192,0.128624
25153,483021,8192,0.137115
25217,482320,8192,0.152251
25281,483292,8192,0.142008
25345,483953,8192,0.135446
25409,483006,8192,0.147688
25473,482219,8192,0.154987
25537,481987,8192,0.155617
25601,482183,8192,0.152598
25665,481176,8192,0.167123
25729,480698,8192,0.173684
25793,481655,8192,0.157861
25857,481468,8192,0.158348
25921,481703,8192,0.155043
25985,482323,8192,0.148228
26049,482158,8192,0.153160
26113,481829,8192,0.148302
26177,482599,8192,0.142390
26241,482025,8192,0.150149
26305,482414,8192,0.141517
26369,482061,8192,0.155148
26433,482833,8192,0.150465
26497,482768,8192,0.147949
26561,482636,8192,0.148832
26625,483204,8192,0.140163
26689,483826,8192,0.123969
26753,483750,8192,0.125623
26817,484057,8192,0.126177
26881,483707,8192,0.133212
26945,483654,8192,0.137819
27009,483330,8192,0.136395
27073,483304,8192,0.140482
27137,483145,8192,0.138926
27201,483928,8192,0.131531
27265,484062,8192,0.125710
27329,484051,8192,0.128067
27393,485193,8192,0.118736
27457,485588,8192,0.118525
27521,485579,8192,0.125809
27585,485557,8192,0.123018
27649,485929,8192,0.118003
27713,485911,8192,0.125996
27777,484905,8192,0.132810
27841,484148,8192,0.135955
27905,483291,8192,0.144542
27969,482704,8192,0.154370
28033,482759,8192,0.155325
28097,482710,8192,0.157920
28161,483430,8192,0.150863
28225,483785,8192,0.147650
28289,483463,8192,0.152784
28353,482765,8192,0.164638
28417,483741,8192,0.154097
28481,484282,8192,0.147455
28545,483477,8192,0.160965
28609,483298,8192,0.157855
28673,482233,8192,0.159645
28737,482940,8192,0.146750
28801,482832,8192,0.149730
28865,483193,8192,0.143189
28929,481168,8192,0.171524
28993,481290,8192,0.158935
29057,481450,8192,0.166181
29121,481902,8192,0.161166
29185,481047,8192,0.177808
29249,480891,8192,0.177875
29313,481017,8192,0.172235
29377,481294,8192,0.164550
29441,481430,8192,0.158306
29505,481578,8192,0.157494
29569,481934,8192,0.156400
29633,482854,8192,0.139034
29697,483097,8192,0.139981
29761,484067,8192,0.133120
29825,484156,8192,0.131055
29889,485469,8192,0.116147
29953,485654,8192,0.111427
30017,485675,8192,0.107304
30081,484899,8192,0.114882
30145,484243,8192,0.125401
30209,484207,8192,0.123675
30273,484624,8192,0.121163
30337,484556,8192,0.125710
30401,484367,8192,0.124702
30465,483950,8192,0.132855
30529,484605,8192,0.131254
30593,484033,8192,0.136998
30657,483818,8192,0.141636
30721,483543,8192,0.143437
30785,483713,8192,0.142064
30849,483974,8192,0.146780
30913,483827,8192,0.149340
30977,482278,8192,0.172543
31041,482424,8192,0.167452
31105,482424,8192,0.163369
31169,483210,8192,0.153771
31233,483994,8192,0.144627
31297,482406,8192,0.158957
31361,482806,8192,0.157635
31425,482961,8192,0.153410
31489,482928,8192,0.156342
31553,483350,8192,0.150827
31617,483115,8192,0.150556
31681,482954,8192,0.147898
31745,482895,8192,0.144126
31809,482267,8192,0.153391
31873,481408,8192,0.162404
31937,480895,8192,0.169567
32001,480963,8192,0.159715
32065,480806,8192,0.157091
32129,480330,8192,0.161736
32193,480492,8192,0.155789
32257,479993,8192,0.160027
32321,479727,8192,0.158311
32385,480020,8192,0.157194
32449,480371,8192,0.153505
32513,479728,8192,0.163309
32577,480378,8192,0.151929
32641,480753,8192,0.148207
32705,481035,8192,0.151047
32769,481452,8192,0.149827
32833,481813,8192,0.146930
32897,481527,8192,0.154119
32961,481971,8192,0.146630
33025,482441,8192,0.140847
33089,483420,8192,0.129750
33153,483938,8192,0.124852
33217,484659,8192,0.126874
33281,484988,8192,0.123911
33345,485395,8192,0.121836
33409,485592,8192,0.125659
33473,484888,8192,0.139892
33537,484929,8192,0.141204
33601,484890,8192,0.143529
33665,483875,8192,0.154599
33729,483326,8192,0.165987
33793,482164,8192,0.172888
33857,480267,8192,0.192101
33921,480494,8192,0.186642
33985,480547,8192,0.182061
34049,480422,8192,0.179956
34113,479162,8192,0.186429
34177,479561,8192,0.173910
34241,479806,8192,0.165722
34305,481078,8192,0.145185
34369,481904,8192,0.127861
34433,481054,8192,0.134080
34497,481603,8192,0.119569
34561,482038,8192,0.119205
34625,482135,8192,0.114973
34689,481794,8192,0.113602
34753,482778,8192,0.103720
34817,483216,8192,0.103624
34881,482977,8192,0.106506
34945,482422,8192,0.115645
35009,483189,8192,0.115473
35073,483230,8192,0.110156
35137,483400,8192,0.110259
35201,483470,8192,0.109649
35265,483389,8192,0.109812
35329,483893,8192,0.106378
35393,483734,8192,0.117661
35457,482941,8192,0.130160
35521,483024,8192,0.130554
35585,482524,8192,0.136562
35649,482729,8192,0.136743
35713,483385,8192,0.125520
35777,483212,8192,0.125682
35841,482922,8192,0.130440
35905,483477,8192,0.132367
35969,483773,8192,0.132311
36033,483745,8192,0.138726
36097,482758,8192,0.152387
36161,482480,8192,0.160779
36225,482772,8192,0.153949
36289,482956,8192,0.156198
36353,483103,8192,0.153197
36417,482915,8192,0.146013
36481,482282,8192,0.145293
36545,482722,8192,0.146356
36609,483177,8192,0.137077
36673,483093,8192,0.138144
36737,482257,8192,0.148426
36801,483361,8192,0.143874
36865,482906,8192,0.152571
36929,483074,8192,0.142945
36993,483028,8192,0.145237
37057,483151,8192,0.149627
37121,483358,8192,0.150606
37185,483100,8192,0.154298
37249,483861,8192,0.151421
37313,484172,8192,0.150829
37377,484445,8192,0.147460
37441,483596,8192,0.163140
37505,484724,8192,0.154033
37569,485171,8192,0.146192
37633,484972,8192,0.153536
37697,484481,8192,0.156601
37761,484052,8192,0.165635
37825,484544,8192,0.159308
37889,485009,8192,0.152811
37953,484652,8192,0.153307
38017,484739,8192,0.147522
38081,483423,8192,0.159175
38145,484194,8192,0.150715
38209,484515,8192,0.146291
38273,484581,8192,0.146583
38337,484463,8192,0.141914
38401,484669,8192,0.135387
38465,485656,8192,0.128938
38529,486178,8192,0.119288
38593,486131,8192,0.117067
38657,484517,8192,0.132825
38721,484909,8192,0.125704
38785,484948,8192,0.122071
38849,484376,8192,0.124351
38913,484905,8192,0.107357
38977,485524,8192,0.101728
39041,485497,8192,0.101054
39105,485369,8192,0.105263
39169,485512,8192,0.105968
39233,486491,8192,0.103670
39297,485531,8192,0.107116
39361,486635,8192,0.098032
39425,486587,8192,0.094941
39489,486465,8192,0.098017
39553,487272,8192,0.087037
39617,486995,8192,0.087835
39681,487163,8192,0.085827
39745,487280,8192,0.090843
39809,487585,8192,0.093541
39873,487945,8192,0.091137
39937,488013,8192,0.087679
40001,488381,8192,0.088618
40065,488616,8192,0.089219
40129,488290,8192,0.097313
40193,488555,8192,0.094442
40257,488893,8192,0.093532
40321,488749,8192,0.102153
40385,488419,8192,0.105097
40449,489190,8192,0.098723
40513,489191,8192,0.100818
40577,488924,8192,0.099121
40641,488887,8192,0.103282
40705,488133,8192,0.102754
40769,488055,8192,0.096313
40833,487207,8192,0.103412
40897,486615,8192,0.110727
40961,485766,8192,0.117482
41025,485819,8192,0.109734
41089,486233,8192,0.110505
41153,486265,8192,0.113282
41217,487255,8192,0.105877
41281,487304,8192,0.098710
41345,486306,8192,0.114804
41409,484995,8192,0.134111
41473,485360,8192,0.138841
41537,485688,8192,0.136923
41601,485604,8192,0.139080
41665,486060,8192,0.135869
41729,485519,8192,0.145430
41793,486018,8192,0.142787
41857,484535,8192,0.153217
41921,484144,8192,0.154193
41985,484128,8192,0.148603
42049,485084,8192,0.134446
42113,485026,8192,0.135910
42177,485419,8192,0.135242
42241,484556,8192,0.137075
42305,485234,8192,0.120791
42369,485305,8192,0.114548
42433,486281,8192,0.111618
42497,486271,8192,0.112050
42561,486102,8192,0.102223
42625,486952,8192,0.097345
42689,486738,8192,0.095125
42753,485784,8192,0.099669
42817,485713,8192,0.099414
42881,485976,8192,0.096243
42945,486451,8192,0.083120
43009,485682,8192,0.095055
43073,485424,8192,0.097115
43137,486283,8192,0.088086
43201,487173,8192,0.084476
43265,487373,8192,0.082022
43329,487136,8192,0.089327
43393,486971,8192,0.095972
43457,487388,8192,0.090000
43521,486514,8192,0.099641
43585,487148,8192,0.091330
43649,487720,8192,0.082649
43713,487240,8192,0.091475
43777,487419,8192,0.098179
43841,487683,8192,0.101552
43905,487192,8192,0.109660
43969,487482,8192,0.109732
44033,487506,8192,0.114644
44097,487616,8192,0.115556
44161,487818,8192,0.111095
44225,488005,8192,0.112633
44289,488288,8192,0.105895
44353,488159,8192,0.106017
44417,488158,8192,0.103560
44481,487519,8192,0.119440
44545,487231,8192,0.123784
44609,487839,8192,0.110072
44673,487888,8192,0.108644
44737,488175,8192,0.105943
44801,488475,8192,0.105163
44865,487659,8192,0.111600
44929,486919,8192,0.114223
44993,485986,8192,0.124845
45057,485988,8192,0.125927
45121,485518,8192,0.130329
45185,485015,8192,0.132996
45249,484961,8192,0.130446
45313,485245,8192,0.121274
45377,484989,8192,0.127145
45441,485952,8192,0.113710
45505,486775,8192,0.107679
45569,487107,8192,0.107840
45633,487303,8192,0.111873
45697,486222,8192,0.126677
45761,486921,8192,0.118468
45825,487221,8192,0.114814
45889,487831,8192,0.110047
45953,487867,8192,0.109384
46017,488575,8192,0.097849
46081,488150,8192,0.112381
46145,488071,8192,0.107881
46209,487372,8192,0.114739
46273,486626,8192,0.118761
46337,486031,8192,0.127426
46401,485900,8192,0.128274
46465,485780,8192,0.128737
46529,485786,8192,0.125428
46593,485529,8192,0.124272
46657,485062,8192,0.123961
46721,484219,8192,0.135634
46785,483148,8192,0.143941
46849,483244,8192,0.139847
46913,483390,8192,0.138247
46977,482838,8192,0.143416
47041,482985,8192,0.133237
47105,483686,8192,0.132198
47169,483342,8192,0.132354
47233,484548,8192,0.121061
47297,484328,8192,0.127536
47361,484725,8192,0.130083
47425,484425,8192,0.129069
47489,484036,8192,0.132993
47553,484419,8192,0.134414
47617,484664,8192,0.126703
47681,485887,8192,0.113141
47745,486622,8192,0.106519
47809,487313,8192,0.098324
47873,487663,8192,0.100734
47937,487862,8192,0.106539
48001,487675,8192,0.099954
48065,487740,8192,0.100075
48129,487796,8192,0.097855
48193,487735,8192,0.100033
48257,487431,8192,0.108673
48321,487130,8192,0.116381
48385,486007,8192,0.126464
48449,484885,8192,0.132609
48513,483557,8192,0.148021
48577,482376,8192,0.158811
48641,482956,8192,0.152277
48705,482544,8192,0.147018
48769,482339,8192,0.142142
48833,482365,8192,0.144397
48897,482602,8192,0.139581
48961,482844,8192,0.142088
49025,483270,8192,0.140843
49089,482539,8192,0.156445
49153,482798,8192,0.159641
49217,483016,8192,0.155473
49281,482661,8192,0.157110
49345,482810,8192,0.156566
49409,482358,8192,0.156963
49473,482954,8192,0.152378
49537,483494,8192,0.153481
49601,484719,8192,0.140351
49665,483519,8192,0.151046
49729,483136,8192,0.147093
49793,483790,8192,0.142879
49857,484995,8192,0.134276
49921,485881,8192,0.127886
49985,485654,8192,0.128962
50049,485653,8192,0.133846
50113,486123,8192,0.127918
50177,485644,8192,0.130704
50241,485451,8192,0.125986
50305,486192,8192,0.116090
50369,485762,8192,0.128373
50433,484601,8192,0.134406
50497,484201,8192,0.136630
50561,484138,8192,0.127250
50625,484043,8192,0.131626
50689,483504,8192,0.138594
50753,483183,8192,0.143700
50817,483008,8192,0.136343
50881,484044,8192,0.120134
50945,484126,8192,0.122170
51009,483812,8192,0.133874
51073,483841,8192,0.136155
51137,483700,8192,0.140134
51201,483726,8192,0.142455
51265,483108,8192,0.145826
51329,482895,8192,0.150949
51393,483207,8192,0.141968
51457,483213,8192,0.140484
51521,482226,8192,0.155155
51585,481981,8192,0.157021
51649,480666,8192,0.167552
51713,481383,8192,0.160043
51777,481225,8192,0.161738
51841,481031,8192,0.167254
51905,479966,8192,0.188825
51969,480418,8192,0.180428
52033,480998,8192,0.175315
52097,480439,8192,0.177231
52161,480673,8192,0.167472
52225,480856,8192,0.165678
52289,480616,8192,0.167677
52353,480764,8192,0.165624
52417,480905,8192,0.158756
52481,481135,8192,0.155383
52545,480472,8192,0.163843
52609,480325,8192,0.164801
52673,481311,8192,0.152189
52737,481488,8192,0.143855
52801,480178,8192,0.160688
52865,480843,8192,0.147326
52929,480353,8192,0.154254
52993,481601,8192,0.149125
53057,481863,8192,0.141167
53121,481356,8192,0.150440
53185,481602,8192,0.147782
53249,481653,8192,0.148409
53313,482514,8192,0.143170
53377,482672,8192,0.139004
53441,483498,8192,0.124852
53505,482690,8192,0.127383
53569,481905,8192,0.135038
53633,482131,8192,0.131016
53697,482338,8192,0.127038
53761,482134,8192,0.127957
53825,481890,8192,0.130261
53889,482337,8192,0.125724
53953,482594,8192,0.128713
54017,482750,8192,0.132515
54081,482631,8192,0.135285
54145,483246,8192,0.122262
54209,482537,8192,0.133798
54273,483586,8192,0.125589
54337,483237,8192,0.125555
54401,483259,8192,0.130126
54465,483751,8192,0.126185
54529,483684,8192,0.131864
54593,484277,8192,0.129592
54657,484780,8192,0.119593
54721,484407,8192,0.121308
54785,485221,8192,0.113107
54849,484530,8192,0.124096
54913,484831,8192,0.120386
54977,485234,8192,0.121773
55041,484696,8192,0.122859
55105,484098,8192,0.125456
55169,483566,8192,0.130942
55233,483580,8192,0.120978
55297,484357,8192,0.111859
55361,484875,8192,0.105873
55425,485495,8192,0.100695
55489,485324,8192,0.107523
55553,484760,8192,0.116378
55617,485605,8192,0.108851
55681,485281,8192,0.114220
55745,485084,8192,0.119549
55809,485328,8192,0.116319
55873,486050,8192,0.108484
55937,486285,8192,0.108143
56001,485861,8192,0.119118
56065,485792,8192,0.120597
56129,486632,8192,0.109519
56193,486614,8192,0.111851
56257,487175,8192,0.101293
56321,486532,8192,0.105239
56385,485934,8192,0.112080
56449,486052,8192,0.114033
56513,485152,8192,0.124688
56577,485129,8192,0.125361
56641,485626,8192,0.114015
56705,485929,8192,0.115211
56769,486006,8192,0.118614
56833,485221,8192,0.129173
56897,484690,8192,0.137442
56961,483625,8192,0.157335
57025,481987,8192,0.175012
57089,481925,8192,0.188644
57153,482979,8192,0.181817
57217,483522,8192,0.172389
57281,483726,8192,0.174140
57345,484429,8192,0.166330
57409,483964,8192,0.173236
57473,484379,8192,0.168595
57537,482877,8192,0.174498
57601,482993,8192,0.172870
57665,482150,8192,0.167970
57729,481327,8192,0.177035
57793,482047,8192,0.168214
57857,482253,8192,0.157069
57921,482037,8192,0.149722
57985,482737,8192,0.141026
58049,482603,8192,0.140095
58113,482464,8192,0.137686
58177,482950,8192,0.129214
58241,482759,8192,0.128022
58305,483697,8192,0.114045
58369,483367,8192,0.115311
58433,483641,8192,0.106024
58497,483996,8192,0.101383
58561,484085,8192,0.101164
58625,484492,8192,0.093649
58689,484783,8192,0.089671
58753,484841,8192,0.091604
58817,484944,8192,0.093272
58881,484311,8192,0.102403
58945,485096,8192,0.106242
59009,484570,8192,0.110929
59073,484108,8192,0.122984
59137,484006,8192,0.120693
59201,483601,8192,0.127090
59265,483338,8192,0.136290
59329,483823,8192,0.131744
59393,484517,8192,0.125011
59457,484793,8192,0.124155
59521,484617,8192,0.133841
59585,484575,8192,0.136589
59649,484689,8192,0.132878
59713,483234,8192,0.147852
59777,483356,8192,0.139084
59841,483640,8192,0.137215
59905,483733,8192,0.140727
59969,484716,8192,0.127212
60033,485113,8192,0.117068
60097,485729,8192,0.107171
60161,486228,8192,0.108845
60225,485185,8192,0.117361
60289,484180,8192,0.120723
60353,484447,8192,0.113924
60417,484181,8192,0.115068
60481,484994,8192,0.105057
60545,485350,8192,0.104670
60609,484751,8192,0.106029
60673,485321,8192,0.098805
60737,485768,8192,0.099404
60801,486108,8192,0.095643
60865,485577,8192,0.090333
60929,486045,8192,0.087512
60993,486247,8192,0.089856
61057,486802,8192,0.087360
61121,486111,8192,0.099211
61185,485802,8192,0.102112
61249,485859,8192,0.105677
61313,485915,8192,0.102364
61377,486453,8192,0.089647
61441,485672,8192,0.098836
61505,486214,8192,0.099665
61569,486119,8192,0.093740
61633,486358,8192,0.088333
61697,485579,8192,0.096136
61761,485349,8192,0.097358
61825,485397,8192,0.100471
61889,485596,8192,0.098521
61953,483559,8192,0.119106
62017,483303,8192,0.121917
62081,482782,8192,0.124384
62145,482896,8192,0.116022
62209,483457,8192,0.113234
62273,483341,8192,0.117341
62337,482992,8192,0.123874
62401,483248,8192,0.122263
62465,484268,8192,0.108666
62529,484761,8192,0.111831
62593,484548,8192,0.117463
62657,483748,8192,0.126582
62721,483186,8192,0.125231
62785,482846,8192,0.131667
62849,483051,8192,0.125790
62913,483902,8192,0.125091
62977,484429,8192,0.125462
63041,484124,8192,0.135900
63105,484339,8192,0.133073
63169,483820,8192,0.136154
63233,483730,8192,0.137896
63297,485167,8192,0.126697
63361,484437,8192,0.140326
63425,484455,8192,0.146089
63489,484241,8192,0.149693
63553,483582,8192,0.159448
63617,484092,8192,0.151484
63681,483313,8192,0.159239
63745,482571,8192,0.166208
63809,482722,8192,0.163387
63873,483072,8192,0.161314
63937,483995,8192,0.151475
64001,483210,8192,0.166912
64065,483302,8192,0.164318
64129,483271,8192,0.165603
64193,483378,8192,0.160475
64257,484743,8192,0.139901
64321,485291,8192,0.130365
64385,484727,8192,0.139515
64449,484711,8192,0.133673
64513,484865,8192,0.125756
64577,486240,8192,0.111837
64641,485739,8192,0.116397
64705,484934,8192,0.125130
64769,485639,8192,0.119142
64833,485804,8192,0.118314
64897,484695,8192,0.134014
64961,485453,8192,0.125623
65025,485958,8192,0.115925
65089,486166,8192,0.117002
65153,486274,8192,0.118210
65217,485861,8192,0.125551
65281,486464,8192,0.125458
65345,486189,8192,0.124290
65409,487031,8192,0.121307
65473,487124,8192,0.116005
65537,487402,8192,0.120499
65601,487156,8192,0.121435
65665,487233,8192,0.120592
65729,486698,8192,0.124601
65793,485997,8192,0.132915
65857,485870,8192,0.129083
65921,485914,8192,0.131255
65985,485628,8192,0.135230
66049,485054,8192,0.141604
66113,485437,8192,0.138361
66177,484826,8192,0.152647
66241,485639,8192,0.146258
66305,486395,8192,0.136366
66369,485787,8192,0.143180
66433,485661,8192,0.145327
66497,486008,8192,0.140970
66561,485810,8192,0.139945
66625,485436,8192,0.140421
66689,485730,8192,0.134552
66753,485932,8192,0.136199
66817,486191,8192,0.138081
66881,485725,8192,0.145438
66945,484688,8192,0.152462
67009,485253,8192,0.144028
67073,485924,8192,0.135465
67137,486316,8192,0.127380
67201,486079,8192,0.133931
67265,486063,8192,0.134602
67329,486308,8192,0.128746
67393,486982,8192,0.121964
67457,487015,8192,0.114880
67521,486689,8192,0.123448
67585,486488,8192,0.122690
67649,485196,8192,0.136622
67713,485467,8192,0.140098
67777,484998,8192,0.145836
67841,484612,8192,0.150903
67905,485697,8192,0.134911
67969,486024,8192,0.130553
68033,486484,8192,0.125341
68097,486656,8192,0.122531
68161,486559,8192,0.128131
68225,486519,8192,0.125878
68289,485052,8192,0.140274
68353,484329,8192,0.146378
68417,483166,8192,0.159374
68481,483748,8192,0.150656
68545,483756,8192,0.142581
68609,484643,8192,0.128431
68673,485517,8192,0.123707
68737,485197,8192,0.126612
68801,485223,8192,0.126854
68865,485060,8192,0.138211
68929,484350,8192,0.145040
68993,484600,8192,0.142654
69057,484142,8192,0.140894
69121,484666,8192,0.139716
69185,485015,8192,0.134257
69249,484840,8192,0.131885
69313,485551,8192,0.126641
69377,486422,8192,0.119653
69441,487183,8192,0.110440
69505,487802,8192,0.105152
69569,486852,8192,0.113208
69633,486350,8192,0.117782
69697,486284,8192,0.117050
69761,485723,8192,0.127330
69825,485412,8192,0.131976
69889,485253,8192,0.127147
69953,485016,8192,0.135680
70017,484696,8192,0.140588
70081,485486,8192,0.134763
70145,485087,8192,0.138318
70209,483909,8192,0.148886
70273,484291,8192,0.147074
70337,484648,8192,0.143817
70401,484945,8192,0.145961
70465,485918,8192,0.133673
70529,485563,8192,0.136944
70593,484833,8192,0.150309
70657,484026,8192,0.161685
70721,483863,8192,0.164308
70785,485106,8192,0.150013
70849,484636,8192,0.153074
70913,484893,8192,0.152352
70977,484788,8192,0.146870
71041,485399,8192,0.139574
71105,486806,8192,0.116528
71169,486754,8192,0.112748
71233,484912,8192,0.133543
71297,484792,8192,0.138858
71361,485133,8192,0.134666
71425,485824,8192,0.130883
71489,485973,8192,0.127984
71553,486139,8192,0.123886
71617,486003,8192,0.129910
71681,486683,8192,0.123673
71745,486688,8192,0.128924
71809,486553,8192,0.127522
71873,486050,8192,0.132449
71937,486176,8192,0.130961
72001,486785,8192,0.123118
72065,487067,8192,0.123405
72129,486751,8192,0.122840
72193,486578,8192,0.118838
72257,486454,8192,0.123836
72321,486155,8192,0.125341
72385,485178,8192,0.133449
72449,484913,8192,0.138507
72513,485501,8192,0.132513
72577,484694,8192,0.143869
72641,483179,8192,0.165353
72705,483281,8192,0.166264
72769,483405,8192,0.163705
72833,484236,8192,0.155851
72897,484074,8192,0.160369
72961,485334,8192,0.141100
73025,484089,8192,0.150940
73089,483170,8192,0.152107
73153,483160,8192,0.150300
73217,483950,8192,0.144860
73281,484538,8192,0.135334
73345,483091,8192,0.149909
73409,482525,8192,0.160564
73473,480717,8192,0.170902
73537,479907,8192,0.177582
73601,479013,8192,0.184470
73665,478732,8192,0.192569
73729,477067,8192,0.205544
73793,476835,8192,0.213295
73857,477297,8192,0.214654
73921,478331,8192,0.195070
73985,479075,8192,0.187537
74049,479218,8192,0.182710
74113,479825,8192,0.178141
74177,480221,8192,0.169901
74241,479753,8192,0.173108
74305,480597,8192,0.157525
74369,480910,8192,0.146071
74433,481574,8192,0.132133
74497,481749,8192,0.134259
74561,481262,8192,0.136634
74625,481443,8192,0.136099
74689,481241,8192,0.137918
74753,480545,8192,0.136439
74817,480002,8192,0.132710
74881,479879,8192,0.128663
74945,479455,8192,0.134746
75009,478086,8192,0.159944
75073,478353,8192,0.159013
75137,479702,8192,0.146727
75201,481145,8192,0.132976
75265,480509,8192,0.132946
75329,481184,8192,0.118481
75393,481027,8192,0.130456
75457,481841,8192,0.119953
75521,482687,8192,0.112388
75585,481937,8192,0.122395
75649,481780,8192,0.125230
75713,482719,8192,0.117331
75777,483468,8192,0.115845
75841,482722,8192,0.122813
75905,482369,8192,0.128127
75969,482031,8192,0.126879
76033,482863,8192,0.124135
76097,482539,8192,0.131671
76161,482990,8192,0.131424
76225,483450,8192,0.126980
76289,482721,8192,0.132202
76353,483334,8192,0.128220
76417,483591,8192,0.130296
76481,484017,8192,0.127875
76545,484486,8192,0.125166
76609,483936,8192,0.130015
76673,484087,8192,0.133339
76737,484590,8192,0.118085
76801,484551,8192,0.124891
76865,484723,8192,0.127222
76929,485031,8192,0.129574
76993,485048,8192,0.124968
77057,485287,8192,0.117544
77121,485255,8192,0.118269
77185,484727,8192,0.118223
77249,484112,8192,0.128912
77313,484308,8192,0.122530
77377,484261,8192,0.115989
77441,484535,8192,0.120406
77505,484400,8192,0.119614
77569,483950,8192,0.131335
77633,482818,8192,0.143038
77697,482763,8192,0.148925
77761,483686,8192,0.145333
77825,482915,8192,0.158495
77889,483107,8192,0.162004
77953,483566,8192,0.158238
78017,483978,8192,0.148939
78081,483699,8192,0.154655
78145,484550,8192,0.143886
78209,485012,8192,0.140339
78273,484318,8192,0.150287
78337,484188,8192,0.152568
78401,483725,8192,0.149391
78465,482771,8192,0.155703
78529,483514,8192,0.148871
78593,484749,8192,0.130890
78657,485467,8192,0.119438
78721,485405,8192,0.122008
78785,485260,8192,0.125416
78849,485488,8192,0.115816
78913,485619,8192,0.111458
78977,486014,8192,0.103550
79041,485938,8192,0.098702
79105,486452,8192,0.094325
79169,486215,8192,0.099890
79233,486290,8192,0.095031
79297,486911,8192,0.100791
79361,486772,8192,0.106530
79425,486624,8192,0.108659
79489,487171,8192,0.108937
79553,487325,8192,0.103751
79617,488505,8192,0.091126
79681,488473,8192,0.098255
79745,487523,8192,0.107014
79809,486855,8192,0.120481
79873,486685,8192,0.119388
79937,485911,8192,0.133158
80001,485513,8192,0.135365
80065,485862,8192,0.125718
80129,486042,8192,0.123430
80193,485443,8192,0.125338
80257,485326,8192,0.133360
80321,485987,8192,0.127178
80385,485891,8192,0.125179
80449,485764,8192,0.122615
80513,486411,8192,0.119425
80577,486580,8192,0.115875
80641,487522,8192,0.106354
80705,486926,8192,0.114070
80769,486455,8192,0.118236
80833,485730,8192,0.128331
80897,484754,8192,0.135664
80961,484857,8192,0.127357
81025,485763,8192,0.117561
81089,486090,8192,0.122466
81153,485289,8192,0.133817
81217,485875,8192,0.131922
81281,485506,8192,0.136240
81345,487222,8192,0.118790
81409,487562,8192,0.116927
81473,487841,8192,0.122998
81537,487664,8192,0.132804
81601,488014,8192,0.132641
81665,486568,8192,0.150888
81729,485006,8192,0.171535
81793,485236,8192,0.163927
81857,484529,8192,0.170149
81921,483419,8192,0.179133
81985,483731,8192,0.170051
82049,483460,8192,0.168635
82113,483309,8192,0.162191
82177,483275,8192,0.155071
82241,482232,8192,0.145091
82305,482887,8192,0.127520
82369,482628,8192,0.119786
82433,482909,8192,0.109228
82497,483237,8192,0.106345
82561,482973,8192,0.108713
82625,483444,8192,0.100500
82689,483313,8192,0.105195
82753,482797,8192,0.123531
82817,482566,8192,0.122365
82881,482335,8192,0.123485
82945,482625,8192,0.117378
83009,482089,8192,0.125033
83073,483618,8192,0.110789
83137,483143,8192,0.112912
83201,482694,8192,0.107147
83265,483141,8192,0.102968
83329,483243,8192,0.103002
83393,482944,8192,0.099269
83457,483804,8192,0.097437
83521,484452,8192,0.092455
83585,485404,8192,0.086795
83649,484312,8192,0.100712
83713,482626,8192,0.116605
83777,483372,8192,0.103112
83841,482536,8192,0.109102
83905,483502,8192,0.099537
83969,483077,8192,0.107407
84033,482909,8192,0.110001
84097,483134,8192,0.103118
84161,483928,8192,0.096197
84225,484713,8192,0.091016
84289,484649,8192,0.094937
84353,483684,8192,0.107499
84417,483970,8192,0.110591
84481,482584,8192,0.130136
84545,483878,8192,0.120724
84609,483541,8192,0.130069
84673,484725,8192,0.118798
84737,485186,8192,0.119685
84801,485687,8192,0.112627
84865,485158,8192,0.125888
84929,485439,8192,0.125448
84993,484782,8192,0.136016
85057,483912,8192,0.148193
85121,483370,8192,0.150537
85185,482324,8192,0.156816
85249,482474,8192,0.157531
85313,482158,8192,0.161332
85377,482858,8192,0.150210
85441,483182,8192,0.148703
85505,483112,8192,0.150988
85569,483654,8192,0.143622
85633,484484,8192,0.135652
85697,484182,8192,0.148744
85761,484715,8192,0.136585
85825,485343,8192,0.130937
85889,484838,8192,0.139833
85953,484921,8192,0.137560
86017,485154,8192,0.124789
86081,486354,8192,0.109558
86145,485783,8192,0.115246
86209,484216,8192,0.127066
86273,484243,8192,0.116204
86337,483826,8192,0.129068
86401,483352,8192,0.138198
86465,484276,8192,0.126376
86529,484595,8192,0.123363
86593,484142,8192,0.128402
86657,483751,8192,0.134783
86721,484661,8192,0.130858
86785,485317,8192,0.122724
86849,485268,8192,0.122829
86913,485599,8192,0.117131
86977,485067,8192,0.129031
87041,486143,8192,0.116399
87105,485443,8192,0.122850
87169,485693,8192,0.121702
87233,485818,8192,0.120763
87297,486370,8192,0.109710
87361,486806,8192,0.105115
87425,485816,8192,0.113959
87489,486218,8192,0.116613
87553,486375,8192,0.116886
87617,485575,8192,0.121660
87681,485504,8192,0.125953
87745,485468,8192,0.131111
87809,484900,8192,0.141344
87873,484617,8192,0.146965
87937,485092,8192,0.137851
88001,485279,8192,0.125969
88065,485682,8192,0.115461
88129,485701,8192,0.115163
88193,485478,8192,0.118051
88257,486007,8192,0.113204
88321,486516,8192,0.107055
88385,486210,8192,0.111920
88449,485428,8192,0.122114
88513,485944,8192,0.118433
88577,484817,8192,0.125920
88641,484960,8192,0.129711
88705,484817,8192,0.133858
88769,484929,8192,0.135331
88833,485601,8192,0.126381
88897,485357,8192,0.123822
88961,485812,8192,0.118906
89025,485507,8192,0.122720
89089,485451,8192,0.122114
89153,485631,8192,0.121239
89217,484861,8192,0.132256
89281,484756,8192,0.132660
89345,484520,8192,0.134535
89409,483799,8192,0.141463
89473,483436,8192,0.143812
89537,484355,8192,0.134321
89601,484244,8192,0.136613
89665,484389,8192,0.135028
89729,484712,8192,0.133323
89793,484346,8192,0.131497
89857,484787,8192,0.127108
89921,483182,8192,0.145278
89985,482334,8192,0.149110
90049,482309,8192,0.145525
90113,482898,8192,0.134991
90177,483319,8192,0.135417
90241,484101,8192,0.130172
90305,484544,8192,0.126790
90369,485373,8192,0.117232
90433,485743,8192,0.111342
90497,486428,8192,0.106189
90561,486941,8192,0.097106
90625,486288,8192,0.108860
90689,486251,8192,0.111988
90753,486585,8192,0.118232
90817,486554,8192,0.121097
90881,486429,8192,0.123024
90945,485380,8192,0.134790
91009,485379,8192,0.133463
91073,484061,8192,0.150766
91137,484319,8192,0.149055
91201,484756,8192,0.145622
91265,484702,8192,0.142600
91329,485310,8192,0.132026
91393,486166,8192,0.115679
91457,486606,8192,0.110268
91521,485931,8192,0.125485
91585,485514,8192,0.127535
91649,485505,8192,0.130335
91713,485793,8192,0.126486
91777,484976,8192,0.130948
91841,485860,8192,0.126548
91905,485265,8192,0.135016
91969,485112,8192,0.133426
92033,484855,8192,0.137906
92097,484696,8192,0.139688
92161,484427,8192,0.138963
92225,483870,8192,0.153111
92289,483700,8192,0.149276
92353,483649,8192,0.146163
92417,484433,8192,0.139882
92481,484987,8192,0.131487
92545,483823,8192,0.146886
92609,483693,8192,0.153351
92673,484367,8192,0.149690
92737,484294,8192,0.155975
92801,485708,8192,0.142651
92865,485872,8192,0.145902
92929,485956,8192,0.147548
92993,486714,8192,0.135970
93057,487389,8192,0.136046
93121,487592,8192,0.130670
93185,487701,8192,0.122389
93249,487426,8192,0.117068
93313,487648,8192,0.117138
93377,487353,8192,0.119506
93441,486680,8192,0.124602
93505,485889,8192,0.136072
93569,485930,8192,0.132668
93633,485724,8192,0.133260
93697,485505,8192,0.137563
93761,485243,8192,0.131501
93825,484875,8192,0.139085
93889,485514,8192,0.128432
93953,486459,8192,0.118450
94017,486067,8192,0.121809
94081,486387,8192,0.114617
94145,485878,8192,0.120526
94209,486256,8192,0.113700
94273,485746,8192,0.119498
94337,485439,8192,0.125767
94401,485566,8192,0.128171
94465,486119,8192,0.127504
94529,486136,8192,0.134714
94593,486290,8192,0.138992
94657,485908,8192,0.142714
94721,486130,8192,0.137619
94785,486237,8192,0.137572
94849,485863,8192,0.138426
94913,485500,8192,0.139401
94977,487065,8192,0.124269
95041,486830,8192,0.127200
95105,486573,8192,0.127861
95169,486528,8192,0.132913
95233,486695,8192,0.135077
95297,486559,8192,0.135795
95361,487344,8192,0.121402
95425,488029,8192,0.113031
95489,488757,8192,0.107479
95553,489032,8192,0.106626
95617,488867,8192,0.105688
95681,489411,8192,0.100969
95745,489341,8192,0.098353
95809,488648,8192,0.101741
95873,488140,8192,0.097532
95937,488504,8192,0.102348
96001,487614,8192,0.109833
96065,487541,8192,0.107316
96129,487129,8192,0.114963
96193,486917,8192,0.113842
96257,487452,8192,0.109958
96321,486944,8192,0.109631
96385,486558,8192,0.118285
96449,486522,8192,0.117421
96513,485845,8192,0.121457
96577,485625,8192,0.120183
96641,487151,8192,0.097627
96705,487550,8192,0.098566
96769,487757,8192,0.089214
96833,488121,8192,0.094767
96897,488564,8192,0.089522
96961,488314,8192,0.090657
97025,487533,8192,0.087623
97089,486615,8192,0.097461
97153,485916,8192,0.100161
97217,485841,8192,0.102011
97281,485744,8192,0.108423
97345,486125,8192,0.107278
97409,485595,8192,0.108772
97473,485506,8192,0.109435
97537,485242,8192,0.105962
97601,485923,8192,0.107387
97665,485166,8192,0.120134
97729,486125,8192,0.109807
97793,486939,8192,0.105627
97857,486723,8192,0.110414
97921,487259,8192,0.098736
97985,486991,8192,0.099855
98049,487185,8192,0.099850
98113,487563,8192,0.098766
98177,487588,8192,0.093130
98241,487640,8192,0.096488
98305,488488,8192,0.093737
98369,488127,8192,0.102798
98433,487855,8192,0.098280
98497,487096,8192,0.103606
98561,487024,8192,0.099386
98625,487472,8192,0.097953
98689,488481,8192,0.091702
98753,488117,8192,0.101103
98817,487605,8192,0.101588
98881,487988,8192,0.097104
98945,486905,8192,0.106063
99009,486572,8192,0.109271
99073,486828,8192,0.103083
99137,485327,8192,0.113104
99201,485361,8192,0.117993
99265,485003,8192,0.118665
99329,485907,8192,0.108624
99393,485556,8192,0.112027
99457,484948,8192,0.118566
99521,486183,8192,0.101074
99585,485794,8192,0.104864
99649,485986,8192,0.101106
99713,486038,8192,0.107348
99777,485633,8192,0.113890
99841,485022,8192,0.114469
99905,484972,8192,0.120673
99969,485034,8192,0.118656
100033,484601,8192,0.127686
100097,484142,8192,0.138334
100161,484672,8192,0.133379
100225,485258,8192,0.130829
100289,485179,8192,0.127424
100353,484987,8192,0.130816
100417,485688,8192,0.121212
100481,485430,8192,0.124761
100545,485615,8192,0.123753
100609,486335,8192,0.118562
100673,487119,8192,0.113165
100737,487119,8192,0.108138
100801,487599,8192,0.099042
100865,487446,8192,0.096925
100929,487918,8192,0.096281
100993,488220,8192,0.101789
101057,488235,8192,0.105542
101121,489015,8192,0.098584
101185,487959,8192,0.108939
101249,487817,8192,0.108724
101313,487473,8192,0.110915
101377,487487,8192,0.112168
101441,487038,8192,0.115359
101505,486948,8192,0.107616
101569,487266,8192,0.098666
101633,487896,8192,0.094892
101697,487696,8192,0.096901
101761,487679,8192,0.100230
101825,487924,8192,0.097553
101889,487190,8192,0.101347
101953,487663,8192,0.092941
102017,486940,8192,0.099428
102081,487972,8192,0.091240
102145,488155,8192,0.091812
102209,487804,8192,0.092735
102273,487404,8192,0.106550
102337,487159,8192,0.103624
102401,484984,8192,0.125380
102465,484059,8192,0.130989
102529,484701,8192,0.121524
102593,483840,8192,0.125292
102657,483984,8192,0.123770
102721,484753,8192,0.118559
102785,485176,8192,0.111650
102849,484379,8192,0.114437
102913,484806,8192,0.106757
102977,485029,8192,0.106878
103041,484800,8192,0.111704
103105,484007,8192,0.119426
103169,484012,8192,0.120288
103233,483745,8192,0.114890
103297,483842,8192,0.114689
103361,484206,8192,0.109425
103425,484254,8192,0.111092
103489,483475,8192,0.118541
103553,484384,8192,0.104434
103617,484578,8192,0.097947
103681,484932,8192,0.096230
103745,484367,8192,0.108571
103809,483277,8192,0.129519
103873,484481,8192,0.112859
103937,484813,8192,0.108007
104001,485358,8192,0.100548
104065,485143,8192,0.104222
104129,484592,8192,0.116842
104193,485101,8192,0.111673
104257,485471,8192,0.109920
104321,485895,8192,0.107323
104385,486795,8192,0.100356
104449,486661,8192,0.112697
104513,487670,8192,0.100156
104577,488166,8192,0.096667
104641,487770,8192,0.103235
104705,487378,8192,0.111534
104769,487413,8192,0.110946
104833,486668,8192,0.115859
104897,486708,8192,0.116657
104961,486756,8192,0.115446
105025,486989,8192,0.113378
105089,487200,8192,0.107223
105153,487301,8192,0.104823
105217,487073,8192,0.101420
105281,487040,8192,0.106198
105345,487494,8192,0.100877
105409,486579,8192,0.110754
105473,486379,8192,0.111429
105537,486957,8192,0.111579
105601,486821,8192,0.116416
105665,486602,8192,0.120601
105729,485818,8192,0.124446
105793,485829,8192,0.124298
105857,486461,8192,0.121398
105921,485794,8192,0.125309
105985,486201,8192,0.121344
106049,485857,8192,0.128947
106113,485573,8192,0.135159
106177,486367,8192,0.126601
106241,486109,8192,0.133878
106305,487101,8192,0.120122
106369,487301,8192,0.116216
106433,487584,8192,0.115648
106497,487598,8192,0.116652
106561,488257,8192,0.109000
106625,488401,8192,0.103040
106689,487594,8192,0.115120
106753,487600,8192,0.118800
106817,487382,8192,0.115223
106881,487026,8192,0.115649
106945,487020,8192,0.117143
107009,486782,8192,0.116899
107073,486560,8192,0.121404
107137,486164,8192,0.131877
107201,485337,8192,0.147908
107265,485387,8192,0.145749
107329,485645,8192,0.146479
107393,485633,8192,0.145555
107457,486094,8192,0.148292
107521,486245,8192,0.146485
107585,487203,8192,0.139665
107649,487327,8192,0.129178
107713,487041,8192,0.126873
107777,486776,8192,0.123123
107841,486090,8192,0.130331
107905,486491,8192,0.122924
107969,486856,8192,0.118817
108033,487246,8192,0.112264
108097,487225,8192,0.112251
108161,487188,8192,0.113398
108225,486591,8192,0.120021
108289,486750,8192,0.129853
108353,486400,8192,0.129792
108417,486781,8192,0.126815
108481,486331,8192,0.133389
108545,486787,8192,0.125836
108609,486932,8192,0.122302
108673,486672,8192,0.124082
108737,486507,8192,0.126048
108801,487541,8192,0.116693
108865,487033,8192,0.123271
108929,486638,8192,0.121521
108993,486384,8192,0.124955
109057,485248,8192,0.129226
109121,486331,8192,0.117528
109185,486154,8192,0.117183
109249,486142,8192,0.118616
109313,486436,8192,0.106489
109377,486709,8192,0.097749
109441,486010,8192,0.097352
109505,484578,8192,0.109560
109569,483883,8192,0.116350
109633,484521,8192,0.109903
109697,485198,8192,0.102412
109761,486394,8192,0.095533
109825,486590,8192,0.094242
109889,486006,8192,0.102860
109953,486358,8192,0.099171
110017,485197,8192,0.103611
110081,485210,8192,0.109878
110145,484215,8192,0.109366
110209,484977,8192,0.107085
110273,484709,8192,0.102110
110337,484130,8192,0.113634
110401,484838,8192,0.103201
110465,483523,8192,0.123119
110529,484186,8192,0.117776
110593,483579,8192,0.119104
110657,483323,8192,0.117134
110721,484213,8192,0.103084
110785,484468,8192,0.097403
110849,484766,8192,0.090341
110913,485059,8192,0.086197
110977,485902,8192,0.079732
111041,485785,8192,0.083200
111105,484964,8192,0.096382
111169,483145,8192,0.111920
111233,482468,8192,0.117375
111297,483122,8192,0.108694
111361,483363,8192,0.104256
111425,484532,8192,0.090632
111489,484745,8192,0.094632
111553,484797,8192,0.093692
111617,484644,8192,0.104690
111681,484194,8192,0.112154
111745,484559,8192,0.108681
111809,485430,8192,0.102431
111873,483915,8192,0.116508
111937,483901,8192,0.124431
112001,484075,8192,0.126250
112065,483811,8192,0.133679
112129,482724,8192,0.140443
112193,482503,8192,0.146088
112257,482691,8192,0.144605
112321,483424,8192,0.140314
112385,482694,8192,0.149067
112449,482101,8192,0.157472
112513,484017,8192,0.139624
112577,484569,8192,0.131751
112641,484868,8192,0.131148
112705,484704,8192,0.135949
112769,485671,8192,0.126697
112833,486194,8192,0.118079
112897,486597,8192,0.108798
112961,486270,8192,0.108308
113025,485558,8192,0.116462
113089,485479,8192,0.120853
113153,485597,8192,0.116516
113217,485139,8192,0.123501
113281,484520,8192,0.127536
113345,483770,8192,0.140638
113409,484551,8192,0.129339
113473,484057,8192,0.134249
113537,483607,8192,0.136576
113601,483378,8192,0.146434
113665,482633,8192,0.152063
113729,483337,8192,0.139049
113793,483154,8192,0.140315
113857,483192,8192,0.137388
113921,483071,8192,0.138729
113985,483904,8192,0.122668
114049,483350,8192,0.127498
114113,482845,8192,0.135329
114177,483371,8192,0.130772
114241,483921,8192,0.122479
114305,483178,8192,0.131356
114369,482776,8192,0.137585
114433,482764,8192,0.139121
114497,483024,8192,0.134531
114561,483443,8192,0.125741
114625,482492,8192,0.136561
114689,482353,8192,0.134514
114753,481946,8192,0.141236
114817,481217,8192,0.154196
114881,481929,8192,0.148239
114945,481826,8192,0.149950
115009,481952,8192,0.152240
115073,481788,8192,0.151066
115137,482564,8192,0.136411
115201,481455,8192,0.147057
115265,482542,8192,0.138853
115329,482815,8192,0.137480
115393,483514,8192,0.129891
115457,483114,8192,0.135259
115521,482368,8192,0.142387
115585,481689,8192,0.154466
115649,481975,8192,0.148909
115713,481609,8192,0.151531
115777,481539,8192,0.149712
115841,481215,8192,0.158878
115905,480021,8192,0.170867
115969,480729,8192,0.165156
116033,481308,8192,0.157964
116097,480307,8192,0.165395
116161,478935,8192,0.176185
116225,478111,8192,0.188274
116289,478695,8192,0.183343
116353,479392,8192,0.175823
116417,481003,8192,0.159387
116481,480783,8192,0.169252
116545,481458,8192,0.162884
116609,482292,8192,0.153636
116673,482811,8192,0.149944
116737,483298,8192,0.135540
116801,483881,8192,0.136086
116865,483356,8192,0.137609
116929,483255,8192,0.139441
116993,482878,8192,0.149683
117057,482741,8192,0.154998
117121,482303,8192,0.158465
117185,482355,8192,0.156248
117249,481848,8192,0.160008
117313,482026,8192,0.149683
117377,482408,8192,0.146502
117441,483258,8192,0.142744
117505,483110,8192,0.143689
117569,483783,8192,0.134226
117633,483872,8192,0.131566
117697,485059,8192,0.121517
117761,485607,8192,0.122205
117825,484444,8192,0.125578
117889,483279,8192,0.133615
117953,483406,8192,0.130644
118017,483917,8192,0.129415
118081,483102,8192,0.145882
118145,483211,8192,0.146367
118209,482128,8192,0.151177
118273,482251,8192,0.148197
118337,481521,8192,0.157715
118401,482128,8192,0.147597
118465,481839,8192,0.154133
118529,481327,8192,0.162404
118593,481703,8192,0.155607
118657,481755,8192,0.154899
118721,481137,8192,0.160180
118785,481029,8192,0.162203
118849,481682,8192,0.149289
118913,481100,8192,0.149223
118977,481923,8192,0.145234
119041,481884,8192,0.138487
119105,482653,8192,0.135996
119169,483251,8192,0.137518
119233,482450,8192,0.147227
119297,482769,8192,0.139106
119361,482782,8192,0.134804
119425,483219,8192,0.128560
119489,482940,8192,0.135206
119553,482060,8192,0.149909
119617,482139,8192,0.147053
119681,482527,8192,0.144558
119745,483137,8192,0.138511
119809,482272,8192,0.146245
119873,482660,8192,0.138818
119937,482100,8192,0.143875
120001,482547,8192,0.137195
120065,482307,8192,0.146092
120129,481492,8192,0.154442
120193,481276,8192,0.157224
120257,481762,8192,0.157283
120321,480424,8192,0.172635
120385,481082,8192,0.166948
120449,481225,8192,0.170851
120513,480743,8192,0.173272
120577,481596,8192,0.168165
120641,482078,8192,0.153222
120705,482589,8192,0.149240
120769,482494,8192,0.157017
120833,483021,8192,0.142893
120897,482676,8192,0.143926
120961,483195,8192,0.144945
121025,483274,8192,0.153072
121089,483518,8192,0.149434
121153,484092,8192,0.146957
121217,482896,8192,0.169678
121281,482001,8192,0.174663
121345,480873,8192,0.175280
121409,479717,8192,0.184664
121473,479066,8192,0.191509
121537,478267,8192,0.189957
121601,478935,8192,0.183459
121665,479707,8192,0.175589
121729,480787,8192,0.166060
121793,480494,8192,0.163566
121857,481335,8192,0.150122
121921,480492,8192,0.158756
121985,480314,8192,0.164590
122049,480641,8192,0.162667
122113,480363,8192,0.163588
122177,479816,8192,0.169213
122241,480148,8192,0.163780
122305,481508,8192,0.152334
122369,481223,8192,0.151155
122433,481576,8192,0.138410
122497,481485,8192,0.144384
122561,481688,8192,0.145324
122625,482958,8192,0.132998
122689,483836,8192,0.125413
122753,483509,8192,0.127546
122817,483743,8192,0.120699
122881,483882,8192,0.118201
122945,484351,8192,0.109001
123009,483821,8192,0.115896
123073,484134,8192,0.121562
123137,483914,8192,0.121281
123201,483426,8192,0.129649
123265,484917,8192,0.116344
123329,485205,8192,0.111371
123393,485198,8192,0.110932
123457,484759,8192,0.116640
123521,483499,8192,0.128392
123585,483901,8192,0.117457
123649,483006,8192,0.121918
123713,483001,8192,0.120164
123777,483276,8192,0.113462
123841,483090,8192,0.112740
123905,483653,8192,0.114801
123969,483727,8192,0.117370
124033,484267,8192,0.114575
124097,485088,8192,0.113033
124161,485436,8192,0.113594
124225,485169,8192,0.128233
124289,485221,8192,0.123776
124353,485154,8192,0.124137
124417,485287,8192,0.124558
124481,485260,8192,0.126343
124545,484207,8192,0.142849
124609,485092,8192,0.134089
124673,484048,8192,0.144744
124737,483242,8192,0.148359
124801,483673,8192,0.141663
124865,482927,8192,0.147249
124929,484098,8192,0.132999
124993,484435,8192,0.119960
125057,484583,8192,0.120606
125121,484753,8192,0.117728
125185,484778,8192,0.115566
125249,483647,8192,0.126425
125313,483019,8192,0.140558
125377,484295,8192,0.118856
125441,484113,8192,0.123589
125505,484603,8192,0.121341
125569,484484,8192,0.119425
125633,484641,8192,0.117141
125697,484657,8192,0.108015
125761,484176,8192,0.114419
125825,484484,8192,0.108537
125889,484393,8192,0.114592
125953,484667,8192,0.115564
126017,483509,8192,0.124053
126081,483231,8192,0.119684
126145,482694,8192,0.121972
126209,482080,8192,0.129241
126273,481618,8192,0.123778
126337,481649,8192,0.125207
126401,481253,8192,0.129495
126465,480869,8192,0.132092
126529,481248,8192,0.131475
126593,481048,8192,0.139794
126657,480331,8192,0.151159
126721,480808,8192,0.150455
126785,481298,8192,0.142660
126849,480775,8192,0.143879
126913,481084,8192,0.138436
126977,481282,8192,0.134285
127041,481203,8192,0.136687
127105,481314,8192,0.137729
127169,481277,8192,0.139703
127233,480244,8192,0.146270
127297,480080,8192,0.153031
127361,480984,8192,0.154023
127425,480858,8192,0.164357
127489,479746,8192,0.170604
127553,479784,8192,0.167175
127617,480274,8192,0.162055
127681,480087,8192,0.162681
127745,480722,8192,0.148592
127809,481339,8192,0.141205
127873,481068,8192,0.136508
127937,481340,8192,0.131139
128001,481874,8192,0.121012
128065,482614,8192,0.118181
128129,482239,8192,0.128728
128193,482661,8192,0.123439
128257,483924,8192,0.110858
128321,483913,8192,0.108781
128385,483767,8192,0.117859
128449,483533,8192,0.115808
128513,483511,8192,0.117436
128577,483383,8192,0.119151
128641,482767,8192,0.130141
128705,483463,8192,0.124559
128769,484042,8192,0.115911
128833,484624,8192,0.105930
128897,485083,8192,0.103523
128961,484904,8192,0.106991
129025,485217,8192,0.097378
129089,484675,8192,0.101125
129153,484479,8192,0.101081
129217,484144,8192,0.097939
129281,485089,8192,0.091914
129345,486199,8192,0.077199
129409,486122,8192,0.080707
129473,486683,8192,0.070449
129537,486290,8192,0.073260
129601,485897,8192,0.083326
129665,485569,8192,0.087271
129729,485449,8192,0.096332
129793,485635,8192,0.101681
129857,486425,8192,0.098592
129921,486732,8192,0.092988
129985,487418,8192,0.090307
130049,487216,8192,0.095625
130113,487255,8192,0.090340
130177,486233,8192,0.098716
130241,486751,8192,0.096553
130305,487352,8192,0.092993
130369,487737,8192,0.089338
130433,488224,8192,0.086792
130497,487770,8192,0.091680
130561,489026,8192,0.081630
130625,488642,8192,0.085965
130689,488110,8192,0.093506
130753,487611,8192,0.098221
130817,487925,8192,0.095714
130881,488395,8192,0.094075
130945,488168,8192,0.087585
131009,488443,8192,0.084495
131073,489082,8192,0.078773
131137,488902,8192,0.081330
131201,487992,8192,0.091483
131265,488135,8192,0.097174
131329,487918,8192,0.098513
131393,487854,8192,0.095715
131457,487184,8192,0.104385
131521,487420,8192,0.103445
131585,487932,8192,0.096969
131649,486959,8192,0.114860
131713,486107,8192,0.129567
131777,486763,8192,0.128934
131841,487158,8192,0.123537
131905,486610,8192,0.130565
131969,486620,8192,0.136900
132033,486761,8192,0.131675
132097,486395,8192,0.139684
132161,485614,8192,0.147000
132225,485805,8192,0.147556
132289,486546,8192,0.136283
132353,486538,8192,0.138193
132417,487100,8192,0.130677
132481,486600,8192,0.137317
132545,487578,8192,0.118274
132609,487616,8192,0.122121
132673,487578,8192,0.124297
132737,486391,8192,0.137511
132801,486269,8192,0.144679
132865,485697,8192,0.144326
132929,486400,8192,0.129598
132993,486610,8192,0.133726
133057,486919,8192,0.129132
133121,486685,8192,0.133180
133185,487068,8192,0.128038
133249,486914,8192,0.131766
133313,487371,8192,0.121319
133377,487500,8192,0.124267
133441,487563,8192,0.122830
133505,487274,8192,0.125775
133569,487322,8192,0.125777
133633,487767,8192,0.124282
133697,486974,8192,0.134840
133761,487111,8192,0.124702
133825,487693,8192,0.111653
133889,487422,8192,0.117483
133953,487477,8192,0.118957
134017,487814,8192,0.123370
134081,487474,8192,0.128756
134145,487240,8192,0.130632
134209,487160,8192,0.131813
134273,487252,8192,0.137802
134337,488318,8192,0.128492
134401,487936,8192,0.132769
134465,488123,8192,0.130736
134529,488708,8192,0.111914
134593,488979,8192,0.105348
134657,488760,8192,0.106944
134721,488542,8192,0.105886
134785,488055,8192,0.112258
134849,489030,8192,0.103896
134913,488718,8192,0.104145
134977,488512,8192,0.105189
135041,488351,8192,0.109947
135105,488958,8192,0.106509
135169,488703,8192,0.110937
135233,488183,8192,0.115040
135297,488355,8192,0.110780
135361,488551,8192,0.107401
135425,487709,8192,0.114537
135489,487137,8192,0.117428
135553,486358,8192,0.121863
135617,486242,8192,0.120359
135681,486012,8192,0.120858
135745,486294,8192,0.122131
135809,486042,8192,0.121873
135873,486580,8192,0.116897
135937,486489,8192,0.112219
136001,487189,8192,0.107366
136065,487356,8192,0.098896
136129,487015,8192,0.099098
136193,486683,8192,0.105278
136257,486208,8192,0.112726
136321,486362,8192,0.112755
136385,486868,8192,0.112611
136449,486607,8192,0.113830
136513,486080,8192,0.119557
136577,486552,8192,0.113477
136641,485817,8192,0.120585
136705,485641,8192,0.127921
136769,485810,8192,0.127521
136833,486320,8192,0.119971
136897,486000,8192,0.118587
136961,485644,8192,0.124779
137025,485612,8192,0.123865
137089,485880,8192,0.117895
137153,485905,8192,0.113562
137217,486555,8192,0.104756
137281,486822,8192,0.102990
137345,487537,8192,0.101563
137409,486551,8192,0.113189
137473,486659,8192,0.117505
137537,487211,8192,0.112835
137601,486799,8192,0.115012
137665,487553,8192,0.103369
137729,486318,8192,0.120997
137793,486602,8192,0.120767
137857,487261,8192,0.109560
137921,487921,8192,0.103523
137985,487646,8192,0.107947
138049,487846,8192,0.113360
138113,488220,8192,0.118454
138177,488163,8192,0.121594
138241,488185,8192,0.117674
138305,488402,8192,0.116281
138369,487996,8192,0.123094
138433,487068,8192,0.131601
138497,485961,8192,0.137242
138561,486666,8192,0.125534
138625,485925,8192,0.128349
138689,485146,8192,0.144266
138753,485190,8192,0.145533
138817,484380,8192,0.160189
138881,484641,8192,0.163890
138945,484093,8192,0.170883
139009,484698,8192,0.162663
139073,484448,8192,0.171063
139137,485071,8192,0.167255
139201,485318,8192,0.161438
139265,484924,8192,0.166143
139329,485428,8192,0.158762
139393,485529,8192,0.151991
139457,486162,8192,0.139230
139521,486288,8192,0.137953
139585,486280,8192,0.139901
139649,485967,8192,0.139095
139713,486118,8192,0.142677
139777,485191,8192,0.154810
139841,484517,8192,0.162209
139905,484655,8192,0.159495
139969,484745,8192,0.150192
140033,484818,8192,0.155712
140097,484340,8192,0.166174
140161,484474,8192,0.159816
140225,484251,8192,0.162300
140289,484045,8192,0.161067
140353,483987,8192,0.161921
140417,483481,8192,0.164646
140481,482544,8192,0.174817
140545,482115,8192,0.179466
140609,482499,8192,0.175406
140673,483272,8192,0.155706
140737,483324,8192,0.157211
140801,483192,8192,0.157233
140865,482830,8192,0.164681
140929,483336,8192,0.159111
140993,482903,8192,0.159726
141057,482979,8192,0.160404
141121,484011,8192,0.140645
141185,484576,8192,0.137382
141249,484484,8192,0.141559
141313,485001,8192,0.136792
141377,484998,8192,0.132804
141441,484882,8192,0.131472
141505,484531,8192,0.137677
141569,485358,8192,0.124370
141633,486133,8192,0.117291
141697,486415,8192,0.115100
141761,486607,8192,0.114574
141825,485549,8192,0.122736
141889,485068,8192,0.120981
141953,485200,8192,0.117062
142017,484617,8192,0.121289
142081,484802,8192,0.114142
142145,485776,8192,0.109932
142209,486032,8192,0.109025
142273,486340,8192,0.107298
142337,486865,8192,0.106579
142401,486677,8192,0.110479
142465,487466,8192,0.102515
142529,486935,8192,0.104691
142593,487297,8192,0.106449
142657,487541,8192,0.110556
142721,489144,8192,0.092121
142785,488822,8192,0.095797
142849,488142,8192,0.104384
142913,487974,8192,0.113586
142977,488036,8192,0.109919
143041,487639,8192,0.114917
143105,487634,8192,0.115954
143169,487737,8192,0.114654
143233,487667,8192,0.122405
143297,486336,8192,0.135725
143361,486783,8192,0.132562
143425,486439,8192,0.136250
143489,486110,8192,0.138069
143553,486388,8192,0.136754
143617,486027,8192,0.138666
143681,485866,8192,0.136908
143745,485494,8192,0.146204
143809,485125,8192,0.152142
143873,484760,8192,0.154416
143937,484924,8192,0.146931
144001,484302,8192,0.156394
144065,485315,8192,0.143586
144129,485189,8192,0.150716
144193,485466,8192,0.153111
144257,485438,8192,0.150930
144321,485721,8192,0.146596
144385,485485,8192,0.148111
144449,484896,8192,0.160807
144513,485059,8192,0.158577
144577,485210,8192,0.145724
144641,485464,8192,0.141466
144705,485796,8192,0.133076
144769,486049,8192,0.135431
144833,486112,8192,0.133610
144897,484548,8192,0.152122
144961,483768,8192,0.155215
145025,483496,8192,0.149448
145089,482957,8192,0.158003
145153,482876,8192,0.155334
145217,483671,8192,0.148434
145281,483537,8192,0.148684
145345,482951,8192,0.148248
145409,483418,8192,0.137078
145473,482910,8192,0.142490
145537,482927,8192,0.147244
145601,482129,8192,0.155851
145665,482602,8192,0.160224
145729,483217,8192,0.149872
145793,482177,8192,0.153563
145857,481692,8192,0.150414
145921,482208,8192,0.142036
145985,482236,8192,0.143628
146049,481750,8192,0.145231
146113,481766,8192,0.141854
146177,481853,8192,0.135375
146241,481999,8192,0.128235
146305,483479,8192,0.111423
146369,483277,8192,0.112850
146433,482314,8192,0.119651
146497,483594,8192,0.103652
146561,484387,8192,0.094014
146625,484959,8192,0.090506
146689,485085,8192,0.085713
146753,484024,8192,0.096797
146817,483448,8192,0.098932
146881,481598,8192,0.116233
146945,481982,8192,0.111118
147009,482764,8192,0.106049
147073,483057,8192,0.098952
147137,483293,8192,0.100859
147201,482832,8192,0.100666
147265,482597,8192,0.102445
147329,482702,8192,0.105791
147393,482789,8192,0.099942
147457,482027,8192,0.112438
147521,482100,8192,0.113834
147585,482147,8192,0.111245
147649,482136,8192,0.112382
147713,481957,8192,0.109930
147777,481656,8192,0.112292
147841,480992,8192,0.119126
147905,480888,8192,0.116814
147969,480437,8192,0.119077
148033,480520,8192,0.118119
148097,480969,8192,0.114888
148161,481272,8192,0.106062
148225,481623,8192,0.101689
148289,481543,8192,0.105229
148353,481804,8192,0.103358
148417,482421,8192,0.098495
148481,482304,8192,0.095371
148545,481555,8192,0.101321
148609,480701,8192,0.112263
148673,481866,8192,0.101948
148737,481329,8192,0.102931
148801,481387,8192,0.107859
148865,480897,8192,0.120585
148929,481015,8192,0.114114
148993,481275,8192,0.111444
149057,481276,8192,0.117565
149121,481040,8192,0.125038
149185,480326,8192,0.129462
149249,480041,8192,0.122477
149313,480152,8192,0.129708
149377,480189,8192,0.127021
149441,480723,8192,0.124420
149505,481054,8192,0.126788
149569,480718,8192,0.129793
149633,481411,8192,0.130310
149697,481300,8192,0.137829
149761,482715,8192,0.121681
149825,481993,8192,0.129880
149889,482407,8192,0.122706
149953,481720,8192,0.135586
150017,479769,8192,0.159376
150081,479921,8192,0.156478
150145,479772,8192,0.159534
150209,481353,8192,0.133283
150273,481217,8192,0.136203
150337,482150,8192,0.125709
150401,481333,8192,0.141422
150465,481463,8192,0.136865
150529,481633,8192,0.142322
150593,481692,8192,0.145246
150657,481338,8192,0.151451
150721,481519,8192,0.146218
150785,481885,8192,0.145766
150849,480974,8192,0.160827
150913,480557,8192,0.161156
150977,480896,8192,0.149131
151041,481625,8192,0.137234
151105,481810,8192,0.136151
151169,481491,8192,0.138485
151233,481367,8192,0.142525
151297,481200,8192,0.148066
151361,481118,8192,0.146917
151425,481468,8192,0.142573
151489,481008,8192,0.158319
151553,480762,8192,0.160357
151617,480532,8192,0.153999
151681,479956,8192,0.163474
151745,479917,8192,0.160064
151809,479898,8192,0.163844
151873,478837,8192,0.170676
151937,479105,8192,0.159856
152001,479530,8192,0.163801
152065,479458,8192,0.165553
152129,480190,8192,0.157120
152193,480504,8192,0.149888
152257,482230,8192,0.139015
152321,482347,8192,0.137110
152385,482916,8192,0.126578
152449,481601,8192,0.135515
152513,481144,8192,0.142174
152577,480495,8192,0.137390
152641,480219,8192,0.142267
152705,480666,8192,0.135615
152769,480551,8192,0.133134
152833,480378,8192,0.140253
152897,480630,8192,0.139384
152961,481389,8192,0.136275
153025,481319,8192,0.138092
153089,482986,8192,0.123370
153153,483010,8192,0.122143
153217,483139,8192,0.120816
153281,483120,8192,0.123499
153345,483514,8192,0.117459
153409,483468,8192,0.113293
153473,483668,8192,0.110613
153537,482957,8192,0.123069
153601,482286,8192,0.124252
153665,482805,8192,0.117525
153729,482756,8192,0.115087
153793,483035,8192,0.113108
153857,483185,8192,0.113407
153921,483281,8192,0.112609
153985,482568,8192,0.120471
154049,482898,8192,0.124042
154113,483377,8192,0.122041
154177,483697,8192,0.125539
154241,483114,8192,0.129271
154305,483964,8192,0.125554
154369,483810,8192,0.128564
154433,483693,8192,0.128836
154497,483795,8192,0.129069
154561,483342,8192,0.137998
154625,483371,8192,0.140545
154689,482589,8192,0.140941
154753,482793,8192,0.134128
154817,484151,8192,0.118522
154881,484879,8192,0.110693
154945,485329,8192,0.109804
155009,485505,8192,0.111796
155073,485633,8192,0.117425
155137,485664,8192,0.114586
155201,485752,8192,0.113218
155265,485648,8192,0.113227
155329,485262,8192,0.112472
155393,484782,8192,0.113934
155457,484055,8192,0.112320
155521,482838,8192,0.125779
155585,483042,8192,0.124819
155649,483390,8192,0.124604
155713,482405,8192,0.137056
155777,483948,8192,0.125118
155841,484103,8192,0.120488
155905,484517,8192,0.114960
155969,484927,8192,0.110030
156033,484846,8192,0.115451
156097,484618,8192,0.121284
156161,485195,8192,0.119188
156225,485887,8192,0.118254
156289,485766,8192,0.123829
156353,486123,8192,0.114719
156417,486702,8192,0.109142
156481,485811,8192,0.120577
156545,485958,8192,0.111641
156609,486238,8192,0.105124
156673,485699,8192,0.105398
156737,486737,8192,0.088036
156801,485827,8192,0.101544
156865,486267,8192,0.099111
156929,485448,8192,0.106052
156993,485284,8192,0.104597
157057,485184,8192,0.101951
157121,484849,8192,0.108937
157185,483390,8192,0.122899
157249,483102,8192,0.128683
157313,482955,8192,0.130427
157377,483017,8192,0.130436
157441,483425,8192,0.125391
157505,483182,8192,0.129094
157569,483976,8192,0.121579
157633,483202,8192,0.131248
157697,483216,8192,0.140035
157761,483020,8192,0.136801
157825,482475,8192,0.138260
157889,482892,8192,0.131792
157953,483308,8192,0.129728
158017,483489,8192,0.126283
158081,483973,8192,0.118188
158145,482855,8192,0.133548
158209,482888,8192,0.135617
158273,482306,8192,0.142552
158337,482238,8192,0.143547
158401,482486,8192,0.147476
158465,482098,8192,0.152631
158529,482024,8192,0.150636
158593,481399,8192,0.155501
158657,481168,8192,0.155603
158721,480441,8192,0.155894
158785,478990,8192,0.161292
158849,479239,8192,0.160842
158913,479423,8192,0.160146
158977,479658,8192,0.153679
159041,479800,8192,0.153406
159105,480066,8192,0.151178
159169,480328,8192,0.152556
159233,480048,8192,0.159600
159297,479316,8192,0.167007
159361,479794,8192,0.163699
159425,479117,8192,0.178570
159489,478845,8192,0.183154
159553,479053,8192,0.175173
159617,479715,8192,0.165956
159681,480969,8192,0.156975
159745,480596,8192,0.160815
159809,481078,8192,0.159343
159873,481224,8192,0.154882
159937,481052,8192,0.156708
160001,481349,8192,0.156540
160065,481412,8192,0.156492
160129,482645,8192,0.137736
160193,482663,8192,0.136129
160257,483256,8192,0.135657
160321,484128,8192,0.125496
160385,483957,8192,0.132806
160449,483574,8192,0.134599
160513,482607,8192,0.144240
160577,483030,8192,0.142898
160641,483607,8192,0.143408
160705,483147,8192,0.150610
160769,482922,8192,0.141772
160833,483085,8192,0.141115
160897,483032,8192,0.136902
160961,482957,8192,0.137948
161025,480904,8192,0.157077
161089,481839,8192,0.147522
161153,481427,8192,0.147390
161217,481371,8192,0.154928
161281,482207,8192,0.147774
161345,482936,8192,0.142676
161409,482395,8192,0.148364
161473,482664,8192,0.145425
161537,482693,8192,0.140799
161601,483348,8192,0.132323
161665,483533,8192,0.124753
161729,482607,8192,0.137268
161793,483205,8192,0.126305
161857,482862,8192,0.128359
161921,483558,8192,0.117868
161985,483901,8192,0.115076
162049,483397,8192,0.117022
162113,482994,8192,0.117151
162177,483244,8192,0.113296
162241,483363,8192,0.111842
162305,483448,8192,0.106486
162369,483437,8192,0.107018
162433,482155,8192,0.132007
162497,482236,8192,0.134264
162561,482847,8192,0.126531
162625,482056,8192,0.129395
162689,481531,8192,0.134870
162753,481267,8192,0.131785
162817,481089,8192,0.136400
162881,481765,8192,0.127346
162945,481783,8192,0.120536
163009,481222,8192,0.125200
163073,481800,8192,0.121807
163137,482137,8192,0.121249
163201,481817,8192,0.128140
163265,482365,8192,0.122342
163329,483662,8192,0.105452
163393,482766,8192,0.112135
163457,483518,8192,0.103028
163521,483252,8192,0.111242
163585,483192,8192,0.111987
163649,483941,8192,0.099706
163713,483982,8192,0.100524
163777,483959,8192,0.091999
163841,483620,8192,0.092542
163905,482681,8192,0.103111
163969,483625,8192,0.096100
164033,482880,8192,0.108636
164097,482648,8192,0.114436
164161,482065,8192,0.118525
164225,480681,8192,0.133347
164289,480677,8192,0.133202
164353,480304,8192,0.136432
164417,480292,8192,0.124003
164481,480646,8192,0.122970
164545,480348,8192,0.128337
164609,480485,8192,0.124837
164673,480302,8192,0.124337
164737,480683,8192,0.118463
164801,480860,8192,0.127540
164865,481559,8192,0.120040
164929,481515,8192,0.119444
164993,482478,8192,0.108021
165057,481992,8192,0.110249
165121,482126,8192,0.102574
165185,481212,8192,0.110429
165249,481920,8192,0.111752
165313,481807,8192,0.118361
165377,481992,8192,0.115979
165441,482815,8192,0.109675
165505,482904,8192,0.117697
165569,483078,8192,0.115534
165633,482735,8192,0.123244
165697,482212,8192,0.131168
165761,482763,8192,0.123054
165825,482680,8192,0.127721
165889,482351,8192,0.128696
165953,482618,8192,0.125342
166017,483294,8192,0.121630
166081,483321,8192,0.120959
166145,482968,8192,0.128511
166209,483967,8192,0.114339
166273,483523,8192,0.121334
166337,483476,8192,0.122652
166401,484157,8192,0.110413
166465,483916,8192,0.112497
166529,483735,8192,0.107911
166593,483552,8192,0.104935
166657,483994,8192,0.103581
166721,484081,8192,0.105782
166785,484287,8192,0.108241
166849,484312,8192,0.110750
166913,484522,8192,0.113251
166977,484249,8192,0.110759
167041,483279,8192,0.113522
167105,483497,8192,0.113304
167169,483504,8192,0.108224
167233,483712,8192,0.109754
167297,484036,8192,0.105160
167361,483970,8192,0.114211
167425,484600,8192,0.106491
167489,485858,8192,0.094114
167553,485308,8192,0.099073
167617,485729,8192,0.092355
167681,485394,8192,0.093778
167745,485473,8192,0.091208
167809,484333,8192,0.105697
167873,484357,8192,0.106669
167937,484061,8192,0.110932
168001,483539,8192,0.114920
168065,484079,8192,0.115703
168129,484288,8192,0.116713
168193,484077,8192,0.125019
168257,484626,8192,0.127172
168321,484571,8192,0.128892
168385,483716,8192,0.135910
168449,483624,8192,0.137386
168513,483377,8192,0.142187
168577,482965,8192,0.151190
168641,483598,8192,0.149657
168705,483142,8192,0.146903
168769,482121,8192,0.168526
168833,482940,8192,0.154798
168897,483373,8192,0.146628
168961,483328,8192,0.146264
169025,483487,8192,0.148519
169089,484029,8192,0.143032
169153,483685,8192,0.153852
169217,483339,8192,0.160676
169281,483273,8192,0.163873
169345,483255,8192,0.160522
169409,483492,8192,0.150720
169473,483254,8192,0.150528
169537,482710,8192,0.149471
169601,482700,8192,0.150382
169665,481888,8192,0.159039
169729,481353,8192,0.167821
169793,481768,8192,0.159980
169857,482702,8192,0.152366
169921,483889,8192,0.140771
169985,484405,8192,0.138118
170049,484803,8192,0.130310
170113,484203,8192,0.135830
170177,483815,8192,0.141883
170241,482842,8192,0.156323
170305,482656,8192,0.167132
170369,482623,8192,0.169183
170433,483096,8192,0.164847
170497,483963,8192,0.155135
170561,484355,8192,0.153841
170625,484370,8192,0.153625
170689,483864,8192,0.157296
170753,483159,8192,0.166406
170817,483099,8192,0.167057
170881,483799,8192,0.154542
170945,483320,8192,0.158185
171009,483774,8192,0.155644
171073,483286,8192,0.163251
171137,482468,8192,0.169745
171201,482165,8192,0.169840
171265,482713,8192,0.166688
171329,483250,8192,0.161798
171393,483453,8192,0.153495
171457,484385,8192,0.140625
171521,485272,8192,0.137374
171585,484913,8192,0.143233
171649,484913,8192,0.143722
171713,485273,8192,0.142460
171777,484631,8192,0.145088
171841,485232,8192,0.140387
171905,484450,8192,0.148081
171969,485594,8192,0.138631
172033,486862,8192,0.129754
172097,486647,8192,0.130652
172161,486315,8192,0.130610
172225,486028,8192,0.142793
172289,486670,8192,0.139579
172353,487372,8192,0.132984
172417,486408,8192,0.149899
172481,486989,8192,0.138859
172545,486197,8192,0.152994
172609,485858,8192,0.153731
172673,485647,8192,0.159064
172737,485376,8192,0.159530
172801,484259,8192,0.175150
172865,483717,8192,0.187704
172929,483457,8192,0.191310
172993,482786,8192,0.203051
173057,482164,8192,0.209834
173121,481661,8192,0.215766
173185,481203,8192,0.222346
173249,481424,8192,0.219712
173313,482389,8192,0.205786
173377,482963,8192,0.194801
173441,482465,8192,0.197488
173505,482117,8192,0.202629
173569,482838,8192,0.192827
173633,482357,8192,0.196664
173697,483415,8192,0.187754
173761,482696,8192,0.198422
173825,484319,8192,0.181649
173889,483241,8192,0.188566
173953,484017,8192,0.176611
174017,483678,8192,0.181245
174081,484499,8192,0.172613
174145,484301,8192,0.170511
174209,483351,8192,0.180627
174273,483657,8192,0.168164
174337,483201,8192,0.164934
174401,483696,8192,0.159538
174465,483295,8192,0.158569
174529,483990,8192,0.149174
174593,484438,8192,0.140163
174657,485088,8192,0.131140
174721,485425,8192,0.123812
174785,486033,8192,0.118590
174849,486491,8192,0.112103
174913,486538,8192,0.116413
174977,485987,8192,0.117719
175041,486080,8192,0.118739
175105,485882,8192,0.116261
175169,485399,8192,0.120466
175233,484457,8192,0.128088
175297,484252,8192,0.135100
175361,484667,8192,0.129176
175425,485038,8192,0.130803
175489,485667,8192,0.130380
175553,486031,8192,0.135848
175617,485115,8192,0.149568
175681,484657,8192,0.155418
175745,483821,8192,0.161444
175809,483325,8192,0.157061
175873,482918,8192,0.155519
175937,482963,8192,0.152533
176001,482816,8192,0.151262
176065,483979,8192,0.133311
176129,483422,8192,0.135640
176193,484663,8192,0.125412
176257,483848,8192,0.138021
176321,484738,8192,0.122353
176385,484660,8192,0.120551
176449,485089,8192,0.113198
176513,484685,8192,0.116556
176577,484760,8192,0.114273
176641,484714,8192,0.112020
176705,485025,8192,0.108671
176769,485337,8192,0.111526
176833,485225,8192,0.115771
176897,485655,8192,0.101145
176961,484463,8192,0.112991
177025,483743,8192,0.124410
177089,483329,8192,0.127989
177153,483613,8192,0.127485
177217,484231,8192,0.124940
177281,484039,8192,0.122539
177345,484301,8192,0.116722
177409,483774,8192,0.122164
177473,483839,8192,0.120030
177537,483573,8192,0.125073
177601,484286,8192,0.120596
177665,484204,8192,0.117199
177729,484227,8192,0.104887
177793,484010,8192,0.107017
177857,484008,8192,0.106771
177921,484132,8192,0.110591
177985,484793,8192,0.104877
178049,484088,8192,0.109283
178113,485006,8192,0.102746
178177,484431,8192,0.107549
178241,484047,8192,0.114913
178305,484764,8192,0.111123
178369,485425,8192,0.109506
178433,486071,8192,0.111775
178497,485609,8192,0.119594
178561,484615,8192,0.131199
178625,484712,8192,0.124463
178689,483944,8192,0.136039
178753,483344,8192,0.142433
178817,483242,8192,0.142627
178881,483540,8192,0.143551
178945,484849,8192,0.134240
179009,484450,8192,0.127860
179073,483968,8192,0.135169
179137,483725,8192,0.132105
179201,483896,8192,0.133637
179265,483428,8192,0.136610
179329,483807,8192,0.133722
179393,483417,8192,0.139341
179457,483270,8192,0.142096
179521,484595,8192,0.132311
179585,485205,8192,0.128510
179649,485801,8192,0.126306
179713,486110,8192,0.120541
179777,486669,8192,0.118703
179841,487128,8192,0.118110
179905,487426,8192,0.113494
179969,486710,8192,0.123024
180033,486025,8192,0.133565
180097,485741,8192,0.134442
180161,486644,8192,0.125538
180225,485896,8192,0.135068
180289,485324,8192,0.141618
180353,484849,8192,0.139551
180417,484451,8192,0.137801
180481,484220,8192,0.141667
180545,483908,8192,0.146121
180609,483563,8192,0.144622
180673,484467,8192,0.128547
180737,484470,8192,0.124411
180801,484495,8192,0.124572
180865,483902,8192,0.133300
180929,483482,8192,0.134617
180993,482402,8192,0.140079
181057,482351,8192,0.133076
181121,481725,8192,0.135021
181185,482140,8192,0.129190
181249,482845,8192,0.123716
181313,482095,8192,0.123087
181377,482431,8192,0.123116
181441,482046,8192,0.126303
181505,481998,8192,0.126909
181569,481416,8192,0.129522
181633,481872,8192,0.123327
181697,481910,8192,0.126555
181761,482563,8192,0.120054
181825,482618,8192,0.119495
181889,482770,8192,0.118645
181953,484039,8192,0.103230
182017,483986,8192,0.105098
182081,485404,8192,0.089735
182145,485099,8192,0.098681
182209,485461,8192,0.096240
182273,486331,8192,0.088378
182337,484856,8192,0.108484
182401,483592,8192,0.128906
182465,483536,8192,0.125444
182529,483273,8192,0.123648
182593,483911,8192,0.118698
182657,484018,8192,0.113048
182721,485203,8192,0.103382
182785,484938,8192,0.108768
182849,485374,8192,0.097912
182913,485886,8192,0.088149
182977,486062,8192,0.091194
183041,486425,8192,0.093677
183105,486231,8192,0.094393
183169,484821,8192,0.108773
183233,483630,8192,0.123343
183297,483598,8192,0.125861
183361,483985,8192,0.122921
183425,483534,8192,0.127850
183489,483169,8192,0.128189
183553,482541,8192,0.134621
183617,481925,8192,0.138792
183681,481389,8192,0.138647
183745,482677,8192,0.125499
183809,482010,8192,0.137142
183873,481418,8192,0.144346
183937,481832,8192,0.144800
184001,481939,8192,0.140357
184065,482007,8192,0.141330
184129,481100,8192,0.151614
184193,481505,8192,0.151021
184257,480942,8192,0.161868
184321,480773,8192,0.164262
184385,481769,8192,0.148384
184449,482693,8192,0.135659
184513,481861,8192,0.149159
184577,480812,8192,0.160402
184641,481711,8192,0.149148
184705,482388,8192,0.143587
184769,482666,8192,0.148981
184833,481963,8192,0.160924
184897,480110,8192,0.183688
184961,478173,8192,0.197079
185025,477452,8192,0.196361
185089,478038,8192,0.185669
185153,479397,8192,0.168904
185217,480591,8192,0.147034
185281,481407,8192,0.138500
185345,481761,8192,0.138126
185409,481295,8192,0.142876
185473,481318,8192,0.137953
185537,482107,8192,0.133936
185601,482260,8192,0.136552
185665,481938,8192,0.136005
185729,481692,8192,0.140988
185793,481703,8192,0.136901
185857,480898,8192,0.148153
185921,482336,8192,0.129223
185985,481858,8192,0.133657
186049,482554,8192,0.129104
186113,482057,8192,0.135351
186177,481278,8192,0.140488
186241,482411,8192,0.127135
186305,481596,8192,0.131911
186369,482329,8192,0.130392
186433,483576,8192,0.123237
186497,484902,8192,0.113588
186561,484877,8192,0.121179
186625,485152,8192,0.116805
186689,485042,8192,0.111808
186753,484144,8192,0.118714
186817,483894,8192,0.124824
186881,482929,8192,0.129057
186945,482436,8192,0.129771
187009,480984,8192,0.139738
187073,481407,8192,0.133798
187137,480515,8192,0.142714
187201,480599,8192,0.147842
187265,481131,8192,0.149290
187329,480906,8192,0.158693
187393,480782,8192,0.155478
187457,480421,8192,0.152700
187521,479600,8192,0.168514
187585,480045,8192,0.162832
187649,479983,8192,0.161864
187713,479775,8192,0.166612
187777,480191,8192,0.159353
187841,480710,8192,0.157830
187905,480482,8192,0.156875
187969,479521,8192,0.170053
188033,479609,8192,0.165607
188097,479327,8192,0.169224
188161,479268,8192,0.171061
188225,478594,8192,0.188995
188289,479173,8192,0.179746
188353,479637,8192,0.171321
188417,479451,8192,0.170051
188481,479448,8192,0.171440
188545,479068,8192,0.174020
188609,478897,8192,0.181652
188673,479511,8192,0.176712
188737,478415,8192,0.190314
188801,477891,8192,0.191506
188865,477958,8192,0.186694
188929,478855,8192,0.174642
188993,479269,8192,0.171079
189057,480011,8192,0.164421
189121,480950,8192,0.162708
189185,481067,8192,0.165512
189249,481583,8192,0.155313
189313,480463,8192,0.163193
189377,480290,8192,0.169075
189441,480037,8192,0.166882
189505,479410,8192,0.175343
189569,480594,8192,0.162235
189633,480420,8192,0.165776
189697,480371,8192,0.165940
189761,480898,8192,0.163647
189825,481573,8192,0.158078
189889,481815,8192,0.156517
189953,481982,8192,0.158177
190017,480982,8192,0.165484
190081,480775,8192,0.169493
190145,479603,8192,0.186964
190209,479421,8192,0.187762
190273,479133,8192,0.186605
190337,479593,8192,0.178827
190401,480318,8192,0.175641
190465,480283,8192,0.173585
190529,480694,8192,0.159267
190593,481378,8192,0.151452
190657,481933,8192,0.143173
190721,482577,8192,0.140995
190785,483094,8192,0.132179
190849,483862,8192,0.121295
190913,483811,8192,0.114353
190977,482508,8192,0.121141
191041,481568,8192,0.128770
191105,481984,8192,0.119303
191169,482524,8192,0.114978
191233,482247,8192,0.114445
191297,482987,8192,0.112606
191361,483131,8192,0.109877
191425,483036,8192,0.108315
191489,483135,8192,0.111706
191553,483944,8192,0.098663
191617,484763,8192,0.092988
191681,484685,8192,0.094623
191745,485088,8192,0.092599
191809,485592,8192,0.094676
191873,485388,8192,0.100489
191937,485600,8192,0.101684
192001,485896,8192,0.096232
192065,486211,8192,0.093764
192129,485939,8192,0.099619
192193,486016,8192,0.104787
192257,485734,8192,0.106719
192321,485444,8192,0.108146
192385,484650,8192,0.118550
192449,484341,8192,0.127987
192513,484289,8192,0.128278
192577,484624,8192,0.118688
192641,485303,8192,0.107569
192705,485391,8192,0.109611
192769,485416,8192,0.108837
192833,484673,8192,0.116135
192897,484771,8192,0.117430
192961,484986,8192,0.118085
193025,485315,8192,0.113099
193089,484873,8192,0.117419
193153,485102,8192,0.116306
193217,485392,8192,0.117185
193281,485240,8192,0.126090
193345,484771,8192,0.138100
193409,484400,8192,0.142591
193473,483994,8192,0.145892
193537,484146,8192,0.138843
193601,485078,8192,0.132232
193665,486206,8192,0.124529
193729,485425,8192,0.132172
193793,485405,8192,0.138268
193857,485700,8192,0.134940
193921,486775,8192,0.125916
193985,486508,8192,0.131138
194049,485971,8192,0.131163
194113,486288,8192,0.125962
194177,486151,8192,0.132533
194241,485667,8192,0.135663
194305,485360,8192,0.147072
194369,485203,8192,0.151438
194433,485134,8192,0.153717
194497,484245,8192,0.160234
194561,484913,8192,0.152674
194625,484979,8192,0.154952
194689,484617,8192,0.154920
194753,484495,8192,0.157195
194817,485338,8192,0.148704
194881,484538,8192,0.150938
194945,484772,8192,0.146557
195009,484136,8192,0.155702
195073,484713,8192,0.152849
195137,484947,8192,0.151465
195201,484981,8192,0.149229
195265,484615,8192,0.158800
195329,485582,8192,0.146832
195393,485497,8192,0.149532
195457,485659,8192,0.142570
195521,486112,8192,0.138772
195585,484505,8192,0.152749
195649,483398,8192,0.156172
195713,483790,8192,0.146127
195777,484222,8192,0.145710
195841,485407,8192,0.130338
195905,484646,8192,0.138168
195969,484118,8192,0.145795
196033,484080,8192,0.148883
196097,485122,8192,0.144370
196161,484236,8192,0.154359
196225,484306,8192,0.141220
196289,483258,8192,0.148966
196353,483645,8192,0.141921
196417,483984,8192,0.130688
196481,482722,8192,0.149482
196545,482728,8192,0.150899
196609,482460,8192,0.152712
196673,483010,8192,0.150344
196737,482629,8192,0.157160
196801,482149,8192,0.166401
196865,482283,8192,0.173658
196929,482473,8192,0.172054
196993,482276,8192,0.176968
197057,482769,8192,0.174595
197121,482817,8192,0.174136
197185,481746,8192,0.183375
197249,481230,8192,0.188256
197313,480780,8192,0.191560
197377,481372,8192,0.176533
197441,481609,8192,0.166368
197505,481964,8192,0.154175
197569,481598,8192,0.158117
197633,481282,8192,0.161408
197697,482070,8192,0.155473
197761,482941,8192,0.141679
197825,482903,8192,0.137019
197889,483705,8192,0.126229
197953,484165,8192,0.120330
198017,484007,8192,0.123325
198081,484292,8192,0.116322
198145,484173,8192,0.122247
198209,483905,8192,0.128441
198273,483918,8192,0.133578
198337,483083,8192,0.146228
198401,483461,8192,0.144196
198465,482957,8192,0.151732
198529,482712,8192,0.153296
198593,483461,8192,0.144748
198657,483237,8192,0.152180
198721,483466,8192,0.147527
198785,482875,8192,0.157293
198849,483304,8192,0.148788
198913,482369,8192,0.157421
198977,483054,8192,0.145930
199041,483037,8192,0.138753
199105,482996,8192,0.138844
199169,483216,8192,0.130971
199233,483794,8192,0.127339
199297,484117,8192,0.123010
199361,482922,8192,0.130954
199425,482781,8192,0.124720
199489,482639,8192,0.118742
199553,482942,8192,0.120604
199617,483816,8192,0.121065
199681,483960,8192,0.119862
199745,483469,8192,0.119980
199809,483563,8192,0.115155
199873,483356,8192,0.119549
199937,483548,8192,0.113310
200001,483190,8192,0.115349
200065,483211,8192,0.112874
200129,483355,8192,0.109152
200193,483081,8192,0.111882
200257,483707,8192,0.105606
200321,483396,8192,0.098955
200385,484024,8192,0.093677
200449,484424,8192,0.090975
200513,485619,8192,0.080029
200577,485265,8192,0.078137
200641,485623,8192,0.080266
200705,486421,8192,0.073118
200769,485504,8192,0.083607
200833,485808,8192,0.077582
200897,485637,8192,0.078186
200961,486067,8192,0.076382
201025,486597,8192,0.068405
201089,486430,8192,0.073553
201153,486480,8192,0.072941
201217,486457,8192,0.077022
201281,486383,8192,0.081217
201345,486505,8192,0.087443
201409,486508,8192,0.085775
201473,485324,8192,0.105280
201537,485888,8192,0.107885
201601,485404,8192,0.113633
201665,485066,8192,0.115807
201729,484629,8192,0.126793
201793,484784,8192,0.130661
201857,483084,8192,0.147493
201921,482014,8192,0.163340
201985,481802,8192,0.157574
202049,482391,8192,0.145094
202113,482441,8192,0.147792
202177,482592,8192,0.145659
202241,481568,8192,0.154813
202305,480850,8192,0.159659
202369,481298,8192,0.155575
202433,479537,8192,0.168805
202497,479057,8192,0.169819
202561,478278,8192,0.177958
202625,478771,8192,0.164369
202689,479288,8192,0.152486
202753,479649,8192,0.137652
202817,479789,8192,0.134366
202881,479413,8192,0.131936
202945,479910,8192,0.125007
203009,480560,8192,0.121752
203073,479444,8192,0.131067
203137,479424,8192,0.138759
203201,479177,8192,0.131784
203265,477948,8192,0.148546
203329,478859,8192,0.152964
203393,479171,8192,0.141190
203457,479863,8192,0.130768
203521,481106,8192,0.117124
203585,482283,8192,0.113903
203649,481314,8192,0.124349
203713,481680,8192,0.121879
203777,482364,8192,0.119965
203841,482440,8192,0.122258
203905,483160,8192,0.119687
203969,483087,8192,0.116675
204033,483030,8192,0.120671
204097,483305,8192,0.118315
204161,483083,8192,0.128226
204225,482093,8192,0.141792
204289,482965,8192,0.136829
204353,482975,8192,0.139953
204417,482739,8192,0.150553
204481,482460,8192,0.158147
204545,481915,8192,0.164374
204609,482827,8192,0.165560
204673,483239,8192,0.163829
204737,483381,8192,0.164164
204801,484171,8192,0.156321
204865,484624,8192,0.149073
204929,484777,8192,0.147930
204993,484803,8192,0.149217
205057,484610,8192,0.153964
205121,484954,8192,0.159261
205185,485033,8192,0.162223
205249,484496,8192,0.165045
205313,484716,8192,0.156974
205377,484992,8192,0.152157
205441,484968,8192,0.149527
205505,486055,8192,0.137542
205569,486128,8192,0.131286
205633,485639,8192,0.128124
205697,485899,8192,0.124249
205761,485924,8192,0.119011
205825,484942,8192,0.127092
205889,483929,8192,0.137838
205953,483678,8192,0.129749
206017,483070,8192,0.135270
206081,482236,8192,0.145703
206145,482623,8192,0.138010
206209,482389,8192,0.144782
206273,481777,8192,0.149559
206337,481338,8192,0.156015
206401,481132,8192,0.148858
206465,481186,8192,0.140215
206529,480423,8192,0.150837
206593,480783,8192,0.145541
206657,481798,8192,0.136187
206721,481545,8192,0.142474
206785,482401,8192,0.132065
206849,482854,8192,0.132118
206913,481629,8192,0.141872
206977,481637,8192,0.139349
207041,482055,8192,0.130735
207105,482130,8192,0.130401
207169,482371,8192,0.128910
207233,482987,8192,0.129813
207297,483363,8192,0.124158
207361,482962,8192,0.129467
207425,483491,8192,0.129421
207489,483339,8192,0.131213
207553,483312,8192,0.133157
207617,483290,8192,0.134759
207681,484235,8192,0.129994
207745,484578,8192,0.130913
207809,484788,8192,0.128711
207873,484728,8192,0.137284
207937,485248,8192,0.133414
208001,484131,8192,0.144665
208065,484425,8192,0.142338
208129,485195,8192,0.136825
208193,485992,8192,0.128365
208257,486632,8192,0.124951
208321,486711,8192,0.127547
208385,487713,8192,0.119647
208449,487391,8192,0.126904
208513,487366,8192,0.127326
208577,487884,8192,0.125170
208641,486516,8192,0.144787
208705,485942,8192,0.157040
208769,485695,8192,0.157458
208833,485927,8192,0.149507
208897,485658,8192,0.145155
208961,485477,8192,0.141613
209025,484744,8192,0.143589
209089,484881,8192,0.135617
209153,484789,8192,0.141531
209217,484679,8192,0.141061
209281,485959,8192,0.121667
209345,485867,8192,0.115386
209409,485889,8192,0.112960
209473,486308,8192,0.113691
209537,485908,8192,0.119341
209601,486479,8192,0.119322
209665,486262,8192,0.129160
209729,486716,8192,0.123737
209793,487954,8192,0.108113
209857,487695,8192,0.115009
209921,487335,8192,0.120404
209985,486445,8192,0.127422
210049,486048,8192,0.128723
210113,485490,8192,0.124790
210177,485961,8192,0.109303
210241,486232,8192,0.113107
210305,486771,8192,0.102598
210369,486963,8192,0.098111
210433,486733,8192,0.102212
210497,486074,8192,0.113057
210561,486581,8192,0.110476
210625,486392,8192,0.111485
210689,486837,8192,0.108317
210753,487276,8192,0.102617
210817,486548,8192,0.115014
210881,486495,8192,0.112904
210945,487856,8192,0.103024
211009,488374,8192,0.097647
211073,487487,8192,0.110141
211137,487121,8192,0.113645
211201,486487,8192,0.120649
211265,486993,8192,0.113485
211329,486649,8192,0.116660
211393,486807,8192,0.113060
211457,485838,8192,0.121962
211521,485597,8192,0.120895
211585,485601,8192,0.123692
211649,486109,8192,0.123784
211713,486894,8192,0.117626
211777,486763,8192,0.119322
211841,485981,8192,0.132133
211905,486021,8192,0.124644
211969,485981,8192,0.126821
212033,485079,8192,0.139499
212097,485283,8192,0.131696
212161,485809,8192,0.120758
212225,485460,8192,0.120494
212289,485560,8192,0.117366
212353,486150,8192,0.117920
212417,487267,8192,0.107626
212481,487003,8192,0.112472
212545,486801,8192,0.110330
212609,486805,8192,0.113930
212673,487525,8192,0.107989
212737,486357,8192,0.126380
212801,486667,8192,0.119017
212865,487252,8192,0.113173
212929,487565,8192,0.108855
212993,486106,8192,0.122253
213057,486247,8192,0.120917
213121,485897,8192,0.123667
213185,484778,8192,0.138682
213249,484983,8192,0.147135
213313,484850,8192,0.140609
213377,485276,8192,0.136733
213441,484793,8192,0.138868
213505,485772,8192,0.128791
213569,486106,8192,0.119560
213633,486119,8192,0.118335
213697,486190,8192,0.111331
213761,486507,8192,0.107681
213825,486995,8192,0.109905
213889,487044,8192,0.110752
213953,487227,8192,0.115379
214017,485967,8192,0.132166
214081,485373,8192,0.139604
214145,485636,8192,0.136908
214209,485036,8192,0.142559
214273,485397,8192,0.147199
214337,484575,8192,0.155244
214401,484687,8192,0.148777
214465,485440,8192,0.135324
214529,485702,8192,0.135888
214593,485571,8192,0.135402
214657,485499,8192,0.132472
214721,485298,8192,0.141764
214785,486366,8192,0.127412
214849,485674,8192,0.137507
214913,486041,8192,0.130882
214977,486234,8192,0.128046
215041,485140,8192,0.135185
215105,484420,8192,0.142094
215169,483764,8192,0.147015
215233,483415,8192,0.148448
215297,482532,8192,0.157889
215361,482715,8192,0.150895
215425,482762,8192,0.150898
215489,482485,8192,0.151647
215553,482783,8192,0.147895
215617,481785,8192,0.155777
215681,481538,8192,0.145067
215745,481425,8192,0.148043
215809,481786,8192,0.139381
215873,482814,8192,0.130260
215937,482983,8192,0.126191
216001,482726,8192,0.131011
216065,483594,8192,0.118995
216129,483503,8192,0.113636
216193,483609,8192,0.116239
216257,484125,8192,0.111333
216321,483837,8192,0.118024
216385,484070,8192,0.110361
216449,483599,8192,0.112602
216513,484097,8192,0.115512
216577,483387,8192,0.125339
216641,483878,8192,0.121478
216705,484054,8192,0.122861
216769,484285,8192,0.109591
216833,483943,8192,0.117258
216897,485447,8192,0.105655
216961,485047,8192,0.107652
217025,485952,8192,0.098243
217089,485905,8192,0.092792
217153,485939,8192,0.089968
217217,486622,8192,0.089001
217281,487132,8192,0.082116
217345,487033,8192,0.086081
217409,486327,8192,0.094111
217473,485571,8192,0.104067
217537,486094,8192,0.099857
217601,486026,8192,0.099879
217665,486119,8192,0.096128
217729,486932,8192,0.096760
217793,486700,8192,0.103247
217857,486276,8192,0.104282
217921,485312,8192,0.116329
217985,485853,8192,0.105171
218049,485810,8192,0.103526
218113,485543,8192,0.105068
218177,485088,8192,0.112653
218241,485011,8192,0.114391
218305,483963,8192,0.122492
218369,485213,8192,0.112455
218433,483733,8192,0.126496
218497,483463,8192,0.127281
218561,484142,8192,0.117519
218625,484013,8192,0.115997
218689,483759,8192,0.123332
218753,483358,8192,0.124559
218817,482898,8192,0.129610
218881,482299,8192,0.133316
218945,482735,8192,0.126414
219009,482688,8192,0.125592
219073,482841,8192,0.129479
219137,484293,8192,0.114036
219201,483782,8192,0.117373
219265,483695,8192,0.107820
219329,483733,8192,0.103355
219393,483964,8192,0.101219
219457,483231,8192,0.111155
219521,483908,8192,0.100940
219585,484412,8192,0.097843
219649,484194,8192,0.100632
219713,484137,8192,0.109579
219777,484873,8192,0.105806
219841,485458,8192,0.098763
219905,485445,8192,0.109154
219969,486172,8192,0.104027
220033,486443,8192,0.110243
220097,486176,8192,0.120983
220161,486559,8192,0.120550
220225,486984,8192,0.112587
220289,486154,8192,0.126937
220353,485201,8192,0.141391
220417,484255,8192,0.149420
220481,484657,8192,0.142280
220545,484307,8192,0.151209
220609,484546,8192,0.145865
220673,485070,8192,0.145223
220737,485319,8192,0.146673
220801,484518,8192,0.160737
220865,485651,8192,0.147836
220929,484832,8192,0.152472
220993,483864,8192,0.162994
221057,484241,8192,0.157970
221121,484141,8192,0.160585
221185,483577,8192,0.168334
221249,482533,8192,0.173761
221313,482232,8192,0.175681
221377,482729,8192,0.159644
221441,482258,8192,0.157852
221505,483196,8192,0.146973
221569,482642,8192,0.155177
221633,483349,8192,0.147979
221697,483545,8192,0.146723
221761,483638,8192,0.143336
221825,483094,8192,0.142446
221889,483453,8192,0.141818
221953,482757,8192,0.150288
222017,482172,8192,0.154417
222081,481459,8192,0.165924
222145,481219,8192,0.167492
222209,481573,8192,0.161020
222273,482165,8192,0.152196
222337,482574,8192,0.146428
222401,482301,8192,0.147825
222465,482367,8192,0.145516
222529,482032,8192,0.154068
222593,481902,8192,0.146354
222657,481628,8192,0.148671
222721,482293,8192,0.142113
222785,481361,8192,0.145765
222849,482452,8192,0.133272
222913,483143,8192,0.126104
222977,482966,8192,0.126425
223041,482727,8192,0.130336
223105,483144,8192,0.137187
223169,483598,8192,0.131715
223233,483146,8192,0.133199
223297,484029,8192,0.119179
223361,483925,8192,0.128856
223425,483628,8192,0.125414
223489,484695,8192,0.118612
223553,485826,8192,0.113160
223617,485334,8192,0.122824
223681,485926,8192,0.118471
223745,485469,8192,0.123691
223809,485354,8192,0.123066
223873,485245,8192,0.120840
223937,486303,8192,0.115724
224001,487555,8192,0.101814
224065,487043,8192,0.112844
224129,486907,8192,0.116177
224193,487007,8192,0.122931
224257,486961,8192,0.132823
224321,486426,8192,0.134345
224385,486365,8192,0.133110
224449,486488,8192,0.129058
224513,487148,8192,0.117411
224577,487223,8192,0.117857
224641,486750,8192,0.122055
224705,487578,8192,0.117312
224769,487135,8192,0.120040
224833,486152,8192,0.121938
224897,485936,8192,0.134005
224961,485270,8192,0.140925
225025,484544,8192,0.148437
225089,483899,8192,0.153823
225153,484054,8192,0.141646
225217,484800,8192,0.131093
225281,484781,8192,0.134279
225345,484331,8192,0.132465
225409,485354,8192,0.121226
225473,485244,8192,0.124284
225537,484916,8192,0.128205
225601,485844,8192,0.119256
225665,486498,8192,0.113094
225729,486009,8192,0.112768
225793,485663,8192,0.119198
225857,485736,8192,0.121355
225921,486224,8192,0.113076
225985,485951,8192,0.121089
226049,485671,8192,0.120507
226113,485253,8192,0.118669
226177,485280,8192,0.119717
226241,484206,8192,0.132412
226305,484414,8192,0.131322
226369,483963,8192,0.134996
226433,484249,8192,0.129084
226497,484027,8192,0.134385
226561,483515,8192,0.142677
226625,484269,8192,0.132285
226689,484792,8192,0.124671
226753,484507,8192,0.124980
226817,484364,8192,0.125574
226881,484523,8192,0.126152
226945,484481,8192,0.126909
227009,483565,8192,0.133007
227073,483967,8192,0.124424
227137,484949,8192,0.110385
227201,484929,8192,0.109198
227265,484985,8192,0.109546
227329,484575,8192,0.111919
227393,483644,8192,0.111647
227457,484136,8192,0.104643
227521,483456,8192,0.109199
227585,482873,8192,0.116628
227649,483070,8192,0.114913
227713,482101,8192,0.127795
227777,482623,8192,0.117104
227841,482597,8192,0.112834
227905,482494,8192,0.120957
227969,481793,8192,0.128795
228033,481475,8192,0.130959
228097,480636,8192,0.150340
228161,480557,8192,0.153812
228225,480255,8192,0.161944
228289,479813,8192,0.163398
228353,478294,8192,0.170802
228417,478125,8192,0.174821
228481,478499,8192,0.160393
228545,478622,8192,0.162741
228609,479718,8192,0.149288
228673,479440,8192,0.154174
228737,478395,8192,0.159202
228801,478963,8192,0.154334
228865,478748,8192,0.153265
228929,477120,8192,0.175782
228993,477331,8192,0.173754
229057,477942,8192,0.160268
229121,477831,8192,0.159572
229185,477179,8192,0.163739
229249,476798,8192,0.160255
229313,478022,8192,0.149284
229377,478311,8192,0.142988
229441,478702,8192,0.141164
229505,477139,8192,0.153078
229569,478219,8192,0.140192
229633,477799,8192,0.147264
229697,477190,8192,0.147420
229761,477968,8192,0.135241
229825,478866,8192,0.120031
229889,479283,8192,0.122045
229953,479692,8192,0.120928
230017,480328,8192,0.116295
230081,479980,8192,0.115084
230145,480859,8192,0.106629
230209,480956,8192,0.106881
230273,480855,8192,0.111526
230337,480922,8192,0.109581
230401,480240,8192,0.116932
230465,480572,8192,0.114369
230529,479724,8192,0.122792
230593,479754,8192,0.125343
230657,480179,8192,0.127963
230721,480904,8192,0.120493
230785,481536,8192,0.117397
230849,480416,8192,0.124913
230913,481095,8192,0.112765
230977,480325,8192,0.121523
231041,439307,8192,0.636411
231105,288844,8192,2.092468
231169,238806,8192,2.368497
231233,242104,8192,2.234554
231297,251928,8192,2.098081
231361,254332,8192,2.084081
231425,242802,8192,2.254251
231489,249108,8192,2.205462
231553,198139,8192,2.848221
231617,161428,8192,3.300231
231681,134830,8192,3.687369
231745,112570,8192,4.007957
231809,105678,8192,4.198855
231873,105400,8192,4.214812
231937,108928,8192,4.164160
232001,107076,8192,4.195156
232065,109284,8192,4.210033
232129,110202,8192,4.259081
232193,110652,8192,4.221090
232257,113258,8192,4.183239
232321,128723,8192,4.016700
232385,129525,8192,4.026759
232449,121411,8192,4.136415
232513,132777,8192,3.978780
232577,123983,8192,4.133381
232641,119435,8192,4.246507
232705,123162,8192,4.243779
232769,123758,8192,4.258742
232833,132074,8192,4.163959
232897,145802,8192,3.907179
232961,148798,8192,3.875967
233025,158105,8192,3.618153
233089,169600,8192,3.382765
233153,185063,8192,3.183271
233217,196526,8192,3.019676
233281,207404,8192,2.762385
233345,208492,8192,2.675722
233409,234448,8192,2.275955
233473,260883,8192,1.849138
233537,301929,8192,1.257296
233601,331427,8192,0.868585
233665,355312,8192,0.570453
233729,375452,8192,0.338029
233793,389362,8192,0.200100
233857,400583,8192,0.107250
233921,409669,8192,0.044571
233985,416044,8192,0.008409
234049,421336,8192,-0.016295
234113,427097,8192,-0.024018
234177,431515,8192,-0.029109
234241,435371,8192,-0.026146
234305,438372,8192,-0.016352
234369,441152,8192,-0.008550
234433,443647,8192,-0.005684
234497,445963,8192,0.000402
234561,446908,8192,0.014371
234625,448361,8192,0.029000
234689,449836,8192,0.037029
234753,450640,8192,0.050196
234817,451041,8192,0.062741
234881,451946,8192,0.071061
234945,453075,8192,0.076705
235009,454057,8192,0.083589
235073,455877,8192,0.079167
235137,457068,8192,0.073217
235201,457944,8192,0.067357
235265,459120,8192,0.062255
235329,460256,8192,0.061360
235393,461404,8192,0.054782
235457,461652,8192,0.060060
235521,462854,8192,0.064047
235585,464028,8192,0.061481
235649,465070,8192,0.060868
235713,465678,8192,0.072244
235777,466652,8192,0.069762
235841,467214,8192,0.076053
235905,467681,8192,0.079744
235969,468814,8192,0.075290
236033,469488,8192,0.073384
236097,470329,8192,0.071409
236161,471514,8192,0.065803
236225,472919,8192,0.060172
236289,473937,8192,0.058833
236353,475469,8192,0.049701
236417,476207,8192,0.049536
236481,476907,8192,0.050540
236545,477298,8192,0.050192
236609,476940,8192,0.054957
236673,477386,8192,0.058734
236737,478956,8192,0.052302
236801,479028,8192,0.056586
236865,477584,8192,0.092359
236929,477003,8192,0.107323
236993,475637,8192,0.129562
237057,475224,8192,0.137129
237121,474876,8192,0.141003
237185,475055,8192,0.141087
237249,475085,8192,0.141428
237313,475892,8192,0.129199
237377,476141,8192,0.130260
237441,476964,8192,0.131842
237505,477668,8192,0.123323
237569,478912,8192,0.110471
237633,480005,8192,0.101719
237697,480129,8192,0.104104
237761,480832,8192,0.101566
237825,481637,8192,0.097298
237889,482354,8192,0.093070
237953,483745,8192,0.083182
238017,484263,8192,0.080416
238081,484094,8192,0.089090
238145,484742,8192,0.090260
238209,484090,8192,0.106229
238273,484239,8192,0.109047
238337,483882,8192,0.118843
238401,482556,8192,0.143785
238465,481041,8192,0.174023
238529,481298,8192,0.179646
238593,481540,8192,0.183139
238657,481807,8192,0.184189
238721,482062,8192,0.181784
238785,483131,8192,0.173184
238849,482995,8192,0.174192
238913,483284,8192,0.172513
238977,483445,8192,0.172255
239041,484226,8192,0.162642
239105,485950,8192,0.140243
239169,486381,8192,0.135488
239233,487621,8192,0.120767
239297,488717,8192,0.105723
239361,489591,8192,0.094563
239425,489827,8192,0.092908
239489,490238,8192,0.087168
239553,490647,8192,0.084710
239617,491249,8192,0.082639
239681,491595,8192,0.077890
239745,491699,8192,0.080966
239809,491710,8192,0.086465
239873,491559,8192,0.088882
239937,490278,8192,0.096356
240001,490606,8192,0.088333
240065,491827,8192,0.077381
240129,492363,8192,0.074898
240193,492741,8192,0.073926
240257,493613,8192,0.064021
240321,493888,8192,0.062210
240385,494180,8192,0.063699
240449,493342,8192,0.074314
240513,493387,8192,0.073079
240577,493646,8192,0.069019
240641,493332,8192,0.073906
240705,493657,8192,0.068523
240769,494038,8192,0.063546
240833,494247,8192,0.063016
240897,494134,8192,0.063195
240961,494275,8192,0.062195
241025,493506,8192,0.064582
241089,493954,8192,0.059113
241153,493980,8192,0.060407
241217,494305,8192,0.059416
241281,493717,8192,0.070555
241345,493590,8192,0.073230
241409,494027,8192,0.067466
241473,493830,8192,0.067422
241537,493283,8192,0.074992
241601,493303,8192,0.079117
241665,493355,8192,0.077766
241729,493925,8192,0.076245
241793,493902,8192,0.079176
241857,493383,8192,0.084863
241921,493499,8192,0.084672
241985,493590,8192,0.086342
242049,493830,8192,0.085073
242113,494183,8192,0.079132
242177,494312,8192,0.077645
242241,493782,8192,0.086622
242305,494004,8192,0.084612
242369,493276,8192,0.098554
242433,494252,8192,0.084255
242497,494711,8192,0.080275
242561,495140,8192,0.071367
242625,495400,8192,0.067458
242689,495772,8192,0.068715
242753,495696,8192,0.068930
242817,495633,8192,0.067727
242881,495061,8192,0.077438
242945,495373,8192,0.075294
243009,495570,8192,0.078914
243073,495657,8192,0.077846
243137,495560,8192,0.077649
243201,495195,8192,0.081608
243265,495475,8192,0.072583
243329,495317,8192,0.072712
243393,495622,8192,0.069560
243457,495488,8192,0.068211
243521,494763,8192,0.079519
243585,494827,8192,0.076998
243649,494774,8192,0.072813
243713,494860,8192,0.075130
243777,494738,8192,0.075675
243841,494312,8192,0.080930
243905,494387,8192,0.083179
243969,494242,8192,0.083070
244033,494510,8192,0.079191
244097,494458,8192,0.074678
244161,493234,8192,0.081902
244225,493463,8192,0.081255
244289,493039,8192,0.086096
244353,493292,8192,0.076618
244417,493697,8192,0.074862
244481,493970,8192,0.071061
244545,493909,8192,0.072344
244609,493407,8192,0.079173
244673,492218,8192,0.094868
244737,492427,8192,0.091436
244801,492016,8192,0.098696
244865,492899,8192,0.088195
244929,492531,8192,0.094633
244993,492394,8192,0.097864
245057,492437,8192,0.096708
245121,492823,8192,0.095260
245185,492920,8192,0.094375
245249,493267,8192,0.088153
245313,492857,8192,0.088362
245377,492939,8192,0.085021
245441,492170,8192,0.090940
245505,492774,8192,0.081928
245569,492937,8192,0.081582
245633,492561,8192,0.085460
245697,493108,8192,0.081997
245761,493396,8192,0.086037
245825,493179,8192,0.085958
245889,492989,8192,0.087354
245953,492267,8192,0.096905
246017,492685,8192,0.090341
246081,492024,8192,0.099009
246145,491739,8192,0.093659
246209,491828,8192,0.088166
246273,491032,8192,0.092348
246337,491345,8192,0.083585
246401,490916,8192,0.083468
246465,491485,8192,0.077941
246529,490866,8192,0.083119
246593,491048,8192,0.075292
246657,491409,8192,0.071491
246721,491214,8192,0.072392
246785,491409,8192,0.072623
246849,490827,8192,0.079433
246913,490713,8192,0.081645
246977,490187,8192,0.089732
247041,489873,8192,0.094106
247105,489550,8192,0.095739
247169,489195,8192,0.102143
247233,488852,8192,0.104075
247297,489186,8192,0.098833
247361,489301,8192,0.092138
247425,490080,8192,0.082437
247489,490810,8192,0.081360
247553,490603,8192,0.085322
247617,489412,8192,0.101073
247681,489138,8192,0.105459
247745,489594,8192,0.097391
247809,490533,8192,0.088646
247873,490641,8192,0.091049
247937,490166,8192,0.098015
248001,490211,8192,0.095988
248065,489776,8192,0.098208
248129,489800,8192,0.092019
248193,489057,8192,0.101297
248257,489592,8192,0.102945
248321,489610,8192,0.109399
248385,488629,8192,0.120230
248449,488290,8192,0.121842
248513,487905,8192,0.121681
248577,487988,8192,0.115338
248641,488030,8192,0.112759
248705,488165,8192,0.108495
248769,487775,8192,0.106117
248833,487711,8192,0.104590
248897,487806,8192,0.106349
248961,487820,8192,0.107653
249025,487773,8192,0.108968
249089,487759,8192,0.105929
249153,487232,8192,0.108224
249217,487488,8192,0.106586
249281,487587,8192,0.105656
249345,487628,8192,0.103637
249409,487665,8192,0.103234
249473,487437,8192,0.106015
249537,486969,8192,0.109779
249601,487173,8192,0.106418
249665,486985,8192,0.104199
249729,487220,8192,0.105108
249793,487258,8192,0.101271
249857,487561,8192,0.094871
249921,487219,8192,0.102176
249985,487696,8192,0.100997
250049,487888,8192,0.109663
250113,486915,8192,0.126064
250177,487792,8192,0.115887
250241,487983,8192,0.110630
250305,487654,8192,0.111963
250369,487198,8192,0.116203
250433,485869,8192,0.126404
250497,486264,8192,0.124523
250561,485823,8192,0.126807
250625,486064,8192,0.121510
250689,487049,8192,0.109578
250753,487873,8192,0.102854
250817,487558,8192,0.106384
250881,486899,8192,0.114021
250945,487357,8192,0.105036
251009,486788,8192,0.113041
251073,485799,8192,0.126794
251137,486982,8192,0.109393
251201,487108,8192,0.110487
251265,487091,8192,0.110934
251329,487163,8192,0.113273
251393,487266,8192,0.108241
251457,487867,8192,0.103228
251521,488078,8192,0.096814
251585,487683,8192,0.094591
251649,487269,8192,0.098949
251713,488183,8192,0.088684
251777,487085,8192,0.104217
251841,486495,8192,0.114073
251905,486023,8192,0.116763
251969,486094,8192,0.117213
252033,485805,8192,0.121137
252097,485864,8192,0.121897
252161,485328,8192,0.125161
252225,485601,8192,0.127989
252289,485673,8192,0.130180
252353,485344,8192,0.132743
252417,485874,8192,0.125779
252481,484788,8192,0.138287
252545,484472,8192,0.139480
252609,484239,8192,0.139928
252673,484384,8192,0.137956
252737,485359,8192,0.128671
252801,484677,8192,0.129061
252865,485531,8192,0.123573
252929,485941,8192,0.116583
252993,485796,8192,0.115186
253057,484172,8192,0.127606
253121,484300,8192,0.124245
253185,484035,8192,0.122932
253249,484567,8192,0.117923
253313,484564,8192,0.113846
253377,484415,8192,0.110508
253441,484580,8192,0.109162
253505,484586,8192,0.105865
253569,483958,8192,0.114551
253633,482959,8192,0.124746
253697,483007,8192,0.121826
253761,482910,8192,0.123772
253825,483587,8192,0.119470
253889,484123,8192,0.112464
253953,484441,8192,0.108584
254017,483811,8192,0.122318
254081,483177,8192,0.135252
254145,483229,8192,0.129845
254209,482932,8192,0.136173
254273,482903,8192,0.139709
254337,482623,8192,0.140702
254401,482030,8192,0.154070
254465,481625,8192,0.156985
254529,481251,8192,0.160277
254593,481648,8192,0.156048
254657,482582,8192,0.142958
254721,482714,8192,0.138016
254785,481938,8192,0.155611
254849,483462,8192,0.136030
254913,483165,8192,0.139601
254977,482984,8192,0.140741
255041,482309,8192,0.150612
255105,483418,8192,0.134229
255169,483226,8192,0.143140
255233,482879,8192,0.148406
255297,483350,8192,0.146673
255361,483402,8192,0.147192
255425,483347,8192,0.148525
255489,483360,8192,0.152763
255553,482808,8192,0.154049
255617,482692,8192,0.160060
255681,483730,8192,0.151523
255745,484623,8192,0.141359
255809,484736,8192,0.142789
255873,484445,8192,0.141885
255937,484347,8192,0.147818
256001,484996,8192,0.138509
256065,484280,8192,0.144873
256129,484452,8192,0.143585
256193,484292,8192,0.149473
256257,484293,8192,0.150355
256321,485564,8192,0.137608
256385,486304,8192,0.132618
256449,486176,8192,0.125082
256513,485938,8192,0.128302
256577,486699,8192,0.120660
256641,487898,8192,0.104815
256705,487799,8192,0.104050
256769,487212,8192,0.111237
256833,487549,8192,0.105431
256897,486420,8192,0.113891
256961,486753,8192,0.107862
257025,485040,8192,0.119807
257089,484909,8192,0.113409
257153,484614,8192,0.114867
257217,484552,8192,0.111688
257281,485651,8192,0.097735
257345,485845,8192,0.091801
257409,486442,8192,0.081518
257473,486865,8192,0.074439
257537,486354,8192,0.078801
257601,486155,8192,0.078717
257665,485521,8192,0.084587
257729,484731,8192,0.100813
257793,484463,8192,0.114687
257857,483099,8192,0.127551
257921,482748,8192,0.132166
257985,482030,8192,0.138280
258049,481498,8192,0.138472
258113,482246,8192,0.126558
258177,482946,8192,0.120967
258241,482707,8192,0.121914
258305,482406,8192,0.119366
258369,483125,8192,0.112694
258433,483457,8192,0.110482
258497,484097,8192,0.102688
258561,485016,8192,0.094303
258625,484687,8192,0.095823
258689,484747,8192,0.098519
258753,484441,8192,0.102417
258817,484244,8192,0.105487
258881,484525,8192,0.107017
258945,483932,8192,0.105196
259009,484219,8192,0.106119
259073,484963,8192,0.100081
259137,484884,8192,0.099668
259201,485360,8192,0.096559
259265,485893,8192,0.092872
259329,485984,8192,0.089593
259393,486762,8192,0.083525
259457,486079,8192,0.091187
259521,485312,8192,0.104034
259585,485380,8192,0.108218
259649,484842,8192,0.118878
259713,484580,8192,0.122530
259777,484766,8192,0.116528
259841,484497,8192,0.120828
259905,485161,8192,0.115905
259969,484745,8192,0.117106
260033,485262,8192,0.113635
260097,484458,8192,0.122048
260161,484780,8192,0.118291
260225,484201,8192,0.119613
260289,483873,8192,0.120273
260353,483875,8192,0.121884
260417,483543,8192,0.126328
260481,483080,8192,0.130508
260545,482017,8192,0.138135
260609,481723,8192,0.137372
260673,481578,8192,0.135218
260737,481935,8192,0.132761
260801,482032,8192,0.134923
260865,482073,8192,0.131623
260929,481763,8192,0.137050
260993,481955,8192,0.136182
261057,481623,8192,0.137055
261121,481764,8192,0.138573
261185,481646,8192,0.136847
261249,482102,8192,0.133819
261313,482582,8192,0.134458
261377,482167,8192,0.137728
261441,482811,8192,0.127240
261505,483601,8192,0.117256
261569,482394,8192,0.132815
261633,483079,8192,0.127947
261697,483220,8192,0.127538
261761,482992,8192,0.133956
261825,483237,8192,0.133299
261889,483757,8192,0.119531
261953,483490,8192,0.118404
262017,483602,8192,0.113621
262081,483117,8192,0.108670
262145,484105,8192,0.106256
262209,484831,8192,0.099207
262273,484854,8192,0.104027
262337,485303,8192,0.098494
262401,484744,8192,0.104179
262465,484447,8192,0.102056
262529,484714,8192,0.103202
262593,484143,8192,0.109483
262657,484556,8192,0.103269
262721,483945,8192,0.110937
262785,483402,8192,0.119845
262849,483258,8192,0.121467
262913,482978,8192,0.125268
262977,482789,8192,0.120913
263041,483628,8192,0.104473
263105,483542,8192,0.106591
263169,484001,8192,0.094091
263233,483373,8192,0.099561
263297,483236,8192,0.098808
263361,483900,8192,0.093117
263425,483947,8192,0.088959
263489,484058,8192,0.091595
263553,484605,8192,0.087811
263617,485020,8192,0.081466
263681,484312,8192,0.095935
263745,483980,8192,0.098456
263809,483119,8192,0.108214
263873,483210,8192,0.105653
263937,484335,8192,0.100598
264001,483472,8192,0.113503
264065,483962,8192,0.109760
264129,484235,8192,0.104766
264193,483303,8192,0.113400
264257,482409,8192,0.122534
264321,483796,8192,0.105935
264385,483942,8192,0.111977
264449,484189,8192,0.117439
264513,483926,8192,0.119121
264577,484579,8192,0.115593
264641,482855,8192,0.131980
264705,483594,8192,0.128099
264769,483197,8192,0.131947
264833,483489,8192,0.129002
264897,483735,8192,0.128967
264961,483524,8192,0.122977
265025,482808,8192,0.131390
265089,483479,8192,0.128060
265153,483464,8192,0.125627
265217,483407,8192,0.130610
265281,484602,8192,0.120852
265345,483827,8192,0.127819
265409,484019,8192,0.125435
265473,484064,8192,0.124004
265537,483356,8192,0.129146
265601,483409,8192,0.132291
265665,483414,8192,0.129863
265729,482225,8192,0.141473
265793,481819,8192,0.145960
265857,480942,8192,0.150973
265921,481394,8192,0.145092
265985,481309,8192,0.148016
266049,481560,8192,0.146698
266113,482278,8192,0.142244
266177,482117,8192,0.141449
266241,482712,8192,0.129896
266305,482061,8192,0.137183
266369,481700,8192,0.139790
266433,481749,8192,0.142760
266497,482418,8192,0.142327
266561,482076,8192,0.151763
266625,482794,8192,0.151818
266689,483069,8192,0.141907
266753,483085,8192,0.132818
266817,482718,8192,0.140391
266881,483296,8192,0.133647
266945,484220,8192,0.127147
267009,483037,8192,0.137205
267073,483942,8192,0.122109
267137,483573,8192,0.127176
267201,484768,8192,0.112879
267265,483871,8192,0.123785
267329,484633,8192,0.113964
267393,485224,8192,0.116257
267457,484768,8192,0.121271
267521,485260,8192,0.112189
267585,484845,8192,0.117832
267649,485228,8192,0.113152
267713,484213,8192,0.130304
267777,484799,8192,0.127860
267841,484000,8192,0.138820
267905,483333,8192,0.139919
267969,483510,8192,0.146797
268033,482795,8192,0.157834
268097,482332,8192,0.167514
268161,482265,8192,0.164005
268225,481829,8192,0.162553
268289,482331,8192,0.155647
268353,483337,8192,0.141599
268417,483953,8192,0.137333
268481,483769,8192,0.136653
268545,483856,8192,0.137641
268609,483459,8192,0.139026
268673,483862,8192,0.129178
268737,483707,8192,0.128567
268801,483115,8192,0.137576
268865,483383,8192,0.139451
268929,483263,8192,0.134310
268993,483133,8192,0.129750
269057,482759,8192,0.128892
269121,483691,8192,0.111710
269185,484828,8192,0.101515
269249,485405,8192,0.093741
269313,484303,8192,0.107659
269377,483994,8192,0.117486
269441,483568,8192,0.125351
269505,483491,8192,0.120041
269569,483596,8192,0.117563
269633,483034,8192,0.129288
269697,482495,8192,0.133946
269761,482920,8192,0.138015
269825,483169,8192,0.127361
269889,483866,8192,0.113846
269953,483604,8192,0.116305
270017,483207,8192,0.119928
270081,483059,8192,0.121852
270145,483069,8192,0.127706
270209,484041,8192,0.116508
270273,483225,8192,0.119760
270337,483288,8192,0.117409
270401,483838,8192,0.113617
270465,484251,8192,0.107323
270529,484643,8192,0.102774
270593,485135,8192,0.106501
270657,485105,8192,0.107953
270721,485213,8192,0.101473
270785,485975,8192,0.096862
270849,486158,8192,0.097566
270913,485484,8192,0.108316
270977,484961,8192,0.108072
271041,484929,8192,0.104465
271105,485037,8192,0.101360
271169,485470,8192,0.097082
271233,486050,8192,0.095204
271297,486046,8192,0.102910
271361,486755,8192,0.095007
271425,487295,8192,0.094916
271489,486432,8192,0.105216
271553,486078,8192,0.110029
271617,485684,8192,0.116108
271681,486234,8192,0.103207
271745,486864,8192,0.099494
271809,486141,8192,0.105443
271873,486257,8192,0.105889
271937,485662,8192,0.111644
272001,485152,8192,0.119338
272065,485061,8192,0.125317
272129,485603,8192,0.121187
272193,486099,8192,0.119525
272257,485005,8192,0.133047
272321,485557,8192,0.129816
272385,485516,8192,0.131746
272449,485787,8192,0.131762
272513,486206,8192,0.127381
272577,487364,8192,0.113298
272641,487253,8192,0.116161
272705,485683,8192,0.138440
272769,485566,8192,0.142778
272833,485683,8192,0.139709
272897,484803,8192,0.149804
272961,483994,8192,0.159429
273025,483128,8192,0.166588
273089,482878,8192,0.168074
273153,483180,8192,0.164464
273217,480804,8192,0.189017
273281,481060,8192,0.182208
273345,481391,8192,0.168710
273409,481628,8192,0.156449
273473,482165,8192,0.141317
273537,481985,8192,0.139574
273601,482406,8192,0.136677
273665,483576,8192,0.119975
273729,485115,8192,0.109390
273793,485426,8192,0.108996
273857,486421,8192,0.100834
273921,485171,8192,0.118206
273985,484792,8192,0.118386
274049,484595,8192,0.116178
274113,484034,8192,0.119580
274177,484151,8192,0.121807
274241,483732,8192,0.127774
274305,483421,8192,0.128643
274369,482531,8192,0.139441
274433,482972,8192,0.140364
274497,482932,8192,0.137829
274561,482323,8192,0.150552
274625,482318,8192,0.151847
274689,481639,8192,0.158948
274753,481228,8192,0.157451
274817,480516,8192,0.168552
274881,480121,8192,0.167604
274945,480581,8192,0.162705
275009,481205,8192,0.157909
275073,479450,8192,0.171419
275137,479438,8192,0.167108
275201,481381,8192,0.139130
275265,481596,8192,0.139544
275329,482436,8192,0.129332
275393,483077,8192,0.128366
275457,482570,8192,0.128861
275521,481928,8192,0.136040
275585,482665,8192,0.125783
275649,482379,8192,0.131019
275713,481433,8192,0.136457
275777,481544,8192,0.132820
275841,481891,8192,0.137204
275905,482878,8192,0.133667
275969,482775,8192,0.136212
276033,483706,8192,0.127063
276097,483403,8192,0.128845
276161,483588,8192,0.125596
276225,483682,8192,0.130115
276289,483049,8192,0.132867
276353,483847,8192,0.125576
276417,484040,8192,0.121525
276481,483711,8192,0.127029
276545,482899,8192,0.137305
276609,483001,8192,0.140893
276673,483051,8192,0.137931
276737,481920,8192,0.150860
276801,481969,8192,0.148172
276865,482737,8192,0.135819
276929,482830,8192,0.135392
276993,482270,8192,0.137787
277057,483405,8192,0.127279
277121,483885,8192,0.119932
277185,483259,8192,0.124190
277249,483825,8192,0.114551
277313,483511,8192,0.115845
277377,483716,8192,0.108638
277441,483774,8192,0.108357
277505,483515,8192,0.110335
277569,483770,8192,0.114483
277633,483830,8192,0.112759
277697,484007,8192,0.109556
277761,483981,8192,0.106072
277825,483078,8192,0.113331
277889,483027,8192,0.116875
277953,482379,8192,0.123597
278017,482133,8192,0.129693
278081,482945,8192,0.123028
278145,483864,8192,0.114402
278209,484323,8192,0.109717
278273,484954,8192,0.100655
278337,484772,8192,0.100753
278401,485227,8192,0.101502
278465,485348,8192,0.090522
278529,485486,8192,0.089909
278593,484155,8192,0.105227
278657,483461,8192,0.115047
278721,483009,8192,0.117476
278785,483658,8192,0.112563
278849,483413,8192,0.115799
278913,482937,8192,0.116325
278977,484134,8192,0.104179
279041,484622,8192,0.108723
279105,484159,8192,0.115541
279169,484121,8192,0.111560
279233,484458,8192,0.114854
279297,484543,8192,0.112312
279361,484138,8192,0.118812
279425,483696,8192,0.117500
279489,483480,8192,0.120926
279553,482764,8192,0.134039
279617,483576,8192,0.125365
279681,483221,8192,0.130387
279745,483446,8192,0.129216
279809,483400,8192,0.130612
279873,482308,8192,0.143123
279937,482847,8192,0.144921
280001,482829,8192,0.141072
280065,482535,8192,0.140844
280129,483050,8192,0.132621
280193,483165,8192,0.125515
280257,483846,8192,0.113829
280321,484269,8192,0.107789
280385,484109,8192,0.113458
280449,484397,8192,0.109677
280513,484175,8192,0.113134
280577,483523,8192,0.120367
280641,483101,8192,0.123985
280705,483470,8192,0.120430
280769,482669,8192,0.129816
280833,482408,8192,0.134898
280897,482070,8192,0.143600
280961,481462,8192,0.142683
281025,481322,8192,0.144992
281089,480448,8192,0.145479
281153,480904,8192,0.140025
281217,481121,8192,0.137793
281281,480276,8192,0.142022
281345,481275,8192,0.134682
281409,481761,8192,0.130335
281473,480757,8192,0.137535
281537,480453,8192,0.136164
281601,481421,8192,0.124488
281665,481718,8192,0.120859
281729,481061,8192,0.124477
281793,480421,8192,0.127001
281857,479911,8192,0.130309
281921,480396,8192,0.131995
281985,480419,8192,0.138485
282049,481142,8192,0.130158
282113,480741,8192,0.132274
282177,481202,8192,0.125904
282241,481077,8192,0.127568
282305,481365,8192,0.128861
282369,482220,8192,0.121683
282433,482759,8192,0.118196
282497,482832,8192,0.120523
282561,483583,8192,0.118999
282625,482595,8192,0.141342
282689,482453,8192,0.149433
282753,481880,8192,0.159789
282817,481703,8192,0.163040
282881,481581,8192,0.162246
282945,481217,8192,0.167359
283009,481427,8192,0.164755
283073,480455,8192,0.179916
283137,480422,8192,0.177892
283201,481006,8192,0.174265
283265,480803,8192,0.173470
283329,480917,8192,0.171070
283393,481686,8192,0.165525
283457,482573,8192,0.152390
283521,482940,8192,0.141893
283585,482619,8192,0.140881
283649,483537,8192,0.127639
283713,483568,8192,0.133526
283777,483471,8192,0.136481
283841,483177,8192,0.139669
283905,481362,8192,0.159604
283969,481100,8192,0.153482
284033,480554,8192,0.152416
284097,480180,8192,0.157357
284161,480621,8192,0.151459
284225,481141,8192,0.145671
284289,481604,8192,0.139797
284353,481670,8192,0.141175
284417,481238,8192,0.141342
284481,480882,8192,0.141914
284545,481975,8192,0.126564
284609,481460,8192,0.133951
284673,481563,8192,0.130585
284737,481071,8192,0.138921
284801,481288,8192,0.138842
284865,482081,8192,0.130809
284929,483005,8192,0.120938
284993,483002,8192,0.113187
285057,481921,8192,0.130388
285121,482223,8192,0.130835
285185,481513,8192,0.126209
285249,480718,8192,0.134873
285313,481189,8192,0.132051
285377,481050,8192,0.135130
285441,481787,8192,0.128517
285505,482002,8192,0.121648
285569,482697,8192,0.110559
285633,483106,8192,0.102011
285697,483748,8192,0.101513
285761,483825,8192,0.099492
285825,483559,8192,0.103702
285889,482359,8192,0.115914
285953,482130,8192,0.114358
286017,482172,8192,0.111096
286081,482482,8192,0.106390
286145,482857,8192,0.106024
286209,482855,8192,0.104088
286273,483523,8192,0.092648
286337,483710,8192,0.084901
286401,483844,8192,0.085547
286465,482988,8192,0.097684
286529,483046,8192,0.095271
286593,482787,8192,0.094004
286657,483604,8192,0.085376
286721,483916,8192,0.083514
286785,482401,8192,0.097534
286849,482100,8192,0.097543
286913,483229,8192,0.085762
286977,483894,8192,0.083986
287041,484317,8192,0.077628
287105,484407,8192,0.082329
287169,483710,8192,0.086363
287233,483400,8192,0.085575
287297,482570,8192,0.096228
287361,481763,8192,0.094940
287425,482230,8192,0.089718
287489,481912,8192,0.087002
287553,480874,8192,0.097993
287617,480885,8192,0.087633
287681,481000,8192,0.088171
287745,481463,8192,0.091192
287809,481161,8192,0.100951
287873,480790,8192,0.105401
287937,480077,8192,0.116352
288001,480123,8192,0.111935
288065,480431,8192,0.100067
288129,479777,8192,0.107487
288193,480858,8192,0.100720
288257,481202,8192,0.098164
288321,480140,8192,0.109858
288385,479241,8192,0.124981
288449,479866,8192,0.118714
288513,479181,8192,0.120186
288577,479749,8192,0.125089
288641,480278,8192,0.125444
288705,478975,8192,0.138880
288769,478856,8192,0.146931
288833,479332,8192,0.146476
288897,478801,8192,0.145509
288961,478829,8192,0.144823
289025,479560,8192,0.138405
289089,479411,8192,0.142278
289153,479700,8192,0.138391
289217,480234,8192,0.136892
289281,479771,8192,0.139424
289345,480900,8192,0.139042
289409,481298,8192,0.140657
289473,481410,8192,0.138432
289537,481830,8192,0.133328
289601,481223,8192,0.134490
289665,481175,8192,0.134868
289729,481840,8192,0.113960
289793,481309,8192,0.119865
289857,481252,8192,0.121050
289921,480954,8192,0.122094
289985,480769,8192,0.127479
290049,481192,8192,0.121900
290113,480677,8192,0.127496
290177,481738,8192,0.114560
290241,482215,8192,0.110279
290305,482541,8192,0.118323
290369,482404,8192,0.117014
290433,482171,8192,0.122006
290497,481941,8192,0.125182
290561,482401,8192,0.124449
290625,483205,8192,0.121222
290689,483478,8192,0.118022
290753,483080,8192,0.126051
290817,483637,8192,0.115748
290881,483855,8192,0.107681
290945,483842,8192,0.101312
291009,484203,8192,0.105007
291073,483499,8192,0.113114
291137,483342,8192,0.109778
291201,484666,8192,0.105296
291265,483758,8192,0.116971
291329,483987,8192,0.112203
291393,484708,8192,0.106771
291457,485423,8192,0.099721
291521,486013,8192,0.093812
291585,486166,8192,0.094699
291649,485711,8192,0.094280
291713,486123,8192,0.093163
291777,486625,8192,0.092756
291841,486432,8192,0.096711
291905,486716,8192,0.093792
291969,486959,8192,0.088771
292033,487489,8192,0.081178
292097,487305,8192,0.086288
292161,487492,8192,0.090678
292225,487227,8192,0.097504
292289,487692,8192,0.102292
292353,486992,8192,0.107629
292417,486112,8192,0.114644
292481,485681,8192,0.120888
292545,485785,8192,0.121281
292609,486044,8192,0.115321
292673,486649,8192,0.112288
292737,486490,8192,0.113968
292801,486681,8192,0.113072
292865,487609,8192,0.102941
292929,488431,8192,0.094728
292993,488115,8192,0.099888
293057,487260,8192,0.114245
293121,487889,8192,0.105816
293185,487815,8192,0.112847
293249,488265,8192,0.102937
293313,488629,8192,0.099639
293377,488394,8192,0.104667
293441,488568,8192,0.108612
293505,488597,8192,0.108557
293569,488276,8192,0.109190
293633,487552,8192,0.112627
293697,486509,8192,0.117845
293761,486767,8192,0.118612
293825,487405,8192,0.107696
293889,486888,8192,0.113722
293953,486949,8192,0.111202
294017,487465,8192,0.105779
294081,486577,8192,0.117093
294145,486923,8192,0.117106
294209,486257,8192,0.116759
294273,485924,8192,0.116373
294337,484143,8192,0.134246
294401,485189,8192,0.124331
294465,484214,8192,0.132481
294529,483964,8192,0.127560
294593,483170,8192,0.132066
294657,483145,8192,0.126696
294721,483616,8192,0.123285
294785,483306,8192,0.125528
294849,483380,8192,0.118826
294913,482962,8192,0.129155
294977,483134,8192,0.126278
295041,482649,8192,0.131035
295105,482763,8192,0.125013
295169,482825,8192,0.125761
295233,483304,8192,0.120506
295297,483073,8192,0.123020
295361,483761,8192,0.109130
295425,483187,8192,0.116180
295489,483660,8192,0.113433
295553,484328,8192,0.108491
295617,484859,8192,0.100497
295681,485070,8192,0.100214
295745,485049,8192,0.106816
295809,484804,8192,0.113019
295873,483542,8192,0.132870
295937,483421,8192,0.141502
296001,483779,8192,0.145451
296065,483461,8192,0.152389
296129,483979,8192,0.145594
296193,483438,8192,0.156859
296257,483400,8192,0.155943
296321,483378,8192,0.157630
296385,483209,8192,0.161154
296449,483050,8192,0.166945
296513,481992,8192,0.180606
296577,482279,8192,0.178953
296641,481826,8192,0.177455
296705,481916,8192,0.170053
296769,481554,8192,0.170196
296833,481679,8192,0.168497
296897,481536,8192,0.166241
296961,481939,8192,0.161360
297025,481674,8192,0.161519
297089,481161,8192,0.170487
297153,481558,8192,0.167195
297217,482161,8192,0.167232
297281,482284,8192,0.169083
297345,482101,8192,0.168718
297409,481971,8192,0.174437
297473,481950,8192,0.172221
297537,481729,8192,0.172908
297601,481637,8192,0.169267
297665,480708,8192,0.173208
297729,480384,8192,0.166960
297793,480714,8192,0.164314
297857,480145,8192,0.167008
297921,480468,8192,0.170334
297985,480854,8192,0.161587
298049,481356,8192,0.151843
298113,481137,8192,0.149488
298177,481424,8192,0.138308
298241,481913,8192,0.140346
298305,483015,8192,0.127637
298369,483622,8192,0.122219
298433,483394,8192,0.123274
298497,484539,8192,0.119719
298561,485488,8192,0.113834
298625,485104,8192,0.125682
298689,484787,8192,0.130017
298753,485548,8192,0.123467
298817,486397,8192,0.113765
298881,487107,8192,0.104688
298945,487498,8192,0.099337
299009,486956,8192,0.100356
299073,486462,8192,0.108576
299137,486946,8192,0.106603
299201,487263,8192,0.103683
299265,487248,8192,0.103980
299329,487740,8192,0.098750
299393,486286,8192,0.113390
299457,486026,8192,0.110493
299521,486405,8192,0.107949
299585,486673,8192,0.110343
299649,486036,8192,0.119240
299713,486741,8192,0.115949
299777,486232,8192,0.117363
299841,486795,8192,0.110244
299905,486569,8192,0.105867
299969,486133,8192,0.106449
300033,485401,8192,0.113120
300097,485533,8192,0.110688
300161,484978,8192,0.115825
300225,484793,8192,0.111330
300289,484285,8192,0.117223
300353,483206,8192,0.124785
300417,483680,8192,0.119988
300481,483719,8192,0.115300
300545,482893,8192,0.117041
300609,483528,8192,0.101170
300673,483368,8192,0.101460
300737,483398,8192,0.102363
300801,484065,8192,0.096673
300865,483706,8192,0.104735
300929,484779,8192,0.090347
300993,483384,8192,0.101207
301057,483177,8192,0.100066
301121,482271,8192,0.109926
301185,483100,8192,0.100102
301249,483484,8192,0.093969
301313,483622,8192,0.099776
301377,483732,8192,0.100988
301441,483991,8192,0.099701
301505,484282,8192,0.096644
301569,483959,8192,0.099687
301633,482648,8192,0.110242
301697,481562,8192,0.115088
301761,480955,8192,0.115339
301825,481911,8192,0.107627
301889,482398,8192,0.109075
301953,482625,8192,0.109510
302017,481508,8192,0.123673
302081,481987,8192,0.122264
302145,482027,8192,0.124344
302209,481223,8192,0.134477
302273,481962,8192,0.134281
302337,481841,8192,0.134794
302401,481095,8192,0.148670
302465,482239,8192,0.140348
302529,483107,8192,0.135185
302593,484566,8192,0.116989
302657,484435,8192,0.118536
302721,483854,8192,0.131341
302785,483886,8192,0.132194
302849,483167,8192,0.140158
302913,483136,8192,0.145650
302977,482964,8192,0.149911
303041,482811,8192,0.155996
303105,482354,8192,0.161147
303169,481103,8192,0.169367
303233,479477,8192,0.191611
303297,479033,8192,0.188560
303361,478012,8192,0.196105
303425,477875,8192,0.195754
303489,477005,8192,0.206411
303553,477377,8192,0.202711
303617,477901,8192,0.189379
303681,478029,8192,0.194038
303745,479150,8192,0.178149
303809,479980,8192,0.169385
303873,480301,8192,0.154998
303937,480175,8192,0.153384
304001,479710,8192,0.156923
304065,479580,8192,0.166400
304129,477973,8192,0.186177
304193,478054,8192,0.184142
304257,477536,8192,0.189417
304321,476390,8192,0.201036
304385,476858,8192,0.197956
304449,477144,8192,0.197841
304513,477440,8192,0.185842
304577,477908,8192,0.177528
304641,478617,8192,0.170789
304705,478993,8192,0.159090
304769,479159,8192,0.153235
304833,478857,8192,0.157445
304897,479513,8192,0.153930
304961,479516,8192,0.149125
305025,480379,8192,0.138782
305089,481761,8192,0.124578
305153,481946,8192,0.121952
305217,481088,8192,0.131695
305281,481094,8192,0.127246
305345,481338,8192,0.118457
305409,481218,8192,0.124142
305473,482014,8192,0.114715
305537,482495,8192,0.108018
305601,482505,8192,0.106051
305665,483440,8192,0.100951
305729,483504,8192,0.110457
305793,483143,8192,0.115714
305857,482169,8192,0.124466
305921,482476,8192,0.118073
305985,481750,8192,0.126230
306049,481904,8192,0.118357
306113,481280,8192,0.116507
306177,480648,8192,0.122982
306241,480805,8192,0.118428
306305,481254,8192,0.115482
306369,482413,8192,0.105538
306433,482302,8192,0.107928
306497,482209,8192,0.109091
306561,481560,8192,0.119416
306625,481291,8192,0.126432
306689,481458,8192,0.132061
306753,481675,8192,0.132996
306817,481106,8192,0.139746
306881,480759,8192,0.137291
306945,479506,8192,0.152900
307009,480221,8192,0.145334
307073,479175,8192,0.152381
307137,478048,8192,0.161347
307201,477037,8192,0.172363
307265,477038,8192,0.169431
307329,477101,8192,0.164939
307393,477715,8192,0.154714
307457,478093,8192,0.152548
307521,478197,8192,0.161156
307585,477681,8192,0.169075
307649,477701,8192,0.162818
307713,478220,8192,0.146498
307777,477660,8192,0.154735
307841,477861,8192,0.139689
307905,477826,8192,0.141990
307969,478716,8192,0.124468
308033,478826,8192,0.127159
308097,479884,8192,0.111609
308161,480055,8192,0.111259
308225,480262,8192,0.107551
308289,480864,8192,0.103214
308353,480672,8192,0.106327
308417,480758,8192,0.108114
308481,480065,8192,0.117259
308545,479945,8192,0.121310
308609,479277,8192,0.124897
308673,478919,8192,0.135624
308737,479216,8192,0.129314
308801,480180,8192,0.126791
308865,480172,8192,0.131506
308929,480234,8192,0.133511
308993,480764,8192,0.133534
309057,480936,8192,0.135214
309121,480519,8192,0.143240
309185,480888,8192,0.135741
309249,480270,8192,0.144209
309313,479516,8192,0.148369
309377,481086,8192,0.130801
309441,481106,8192,0.129936
309505,480465,8192,0.143080
309569,481072,8192,0.138229
309633,481594,8192,0.137558
309697,480483,8192,0.148297
309761,480027,8192,0.158635
309825,479546,8192,0.165024
309889,479197,8192,0.159879
309953,479554,8192,0.152890
310017,480267,8192,0.143508
310081,479709,8192,0.151643
310145,481045,8192,0.135664
310209,482267,8192,0.123616
310273,481435,8192,0.128205
310337,481110,8192,0.138173
310401,481099,8192,0.136527
310465,480693,8192,0.141797
310529,481108,8192,0.136396
310593,480807,8192,0.135961
310657,481125,8192,0.132238
310721,481231,8192,0.131280
310785,480571,8192,0.134050
310849,481465,8192,0.118981
310913,481457,8192,0.120752
310977,481088,8192,0.122651
311041,480634,8192,0.121634
311105,479861,8192,0.129652
311169,480277,8192,0.122650
311233,479516,8192,0.127505
311297,480650,8192,0.114997
311361,481099,8192,0.111958
311425,480530,8192,0.112829
311489,480197,8192,0.111858
311553,481014,8192,0.107732
311617,481313,8192,0.105425
311681,481018,8192,0.114746
311745,480385,8192,0.122250
311809,480237,8192,0.118467
311873,481147,8192,0.109454
311937,481737,8192,0.104312
312001,481817,8192,0.107008
312065,481973,8192,0.107555
312129,481790,8192,0.111625
312193,481947,8192,0.108557
312257,482502,8192,0.103093
312321,481159,8192,0.126463
312385,480851,8192,0.133347
312449,480803,8192,0.136790
312513,481237,8192,0.137880
312577,481054,8192,0.143808
312641,480966,8192,0.141647
312705,481337,8192,0.131920
312769,480507,8192,0.139910
312833,481003,8192,0.134330
312897,481014,8192,0.135931
312961,480974,8192,0.132268
313025,481439,8192,0.123909
313089,481076,8192,0.133484
313153,482018,8192,0.124807
313217,483160,8192,0.115806
313281,484446,8192,0.099307
313345,483876,8192,0.106740
313409,484322,8192,0.096767
313473,484792,8192,0.089507
313537,485170,8192,0.091434
313601,485398,8192,0.092846
313665,485168,8192,0.102177
313729,485464,8192,0.102458
313793,484951,8192,0.108695
313857,484289,8192,0.115770
313921,484201,8192,0.116116
313985,483731,8192,0.117651
314049,483398,8192,0.130403
314113,483182,8192,0.135737
314177,483949,8192,0.130479
314241,482443,8192,0.150661
314305,480634,8192,0.179257
314369,479083,8192,0.200914
314433,476975,8192,0.221682
314497,476098,8192,0.234715
314561,475602,8192,0.233765
314625,476566,8192,0.219731
314689,476972,8192,0.213500
314753,477637,8192,0.204126
314817,478503,8192,0.188642
314881,479944,8192,0.175437
314945,480585,8192,0.171549
315009,481666,8192,0.154514
315073,481909,8192,0.151206
315137,482331,8192,0.142705
315201,483081,8192,0.130787
315265,483871,8192,0.121895
315329,483649,8192,0.126814
315393,484336,8192,0.120977
315457,483569,8192,0.133923
315521,483924,8192,0.127281
315585,484394,8192,0.128704
315649,484021,8192,0.140273
315713,484195,8192,0.143938
315777,484522,8192,0.142344
315841,484478,8192,0.142968
315905,484674,8192,0.142786
315969,482883,8192,0.156776
316033,482774,8192,0.156466
316097,482763,8192,0.156054
316161,482202,8192,0.161006
316225,482081,8192,0.162588
316289,481256,8192,0.176456
316353,480485,8192,0.188533
316417,479508,8192,0.192309
316481,480026,8192,0.185012
316545,479346,8192,0.185157
316609,479796,8192,0.182002
316673,479986,8192,0.184309
316737,481681,8192,0.172477
316801,482320,8192,0.163917
316865,482086,8192,0.169210
316929,482454,8192,0.165808
316993,483032,8192,0.157668
317057,483214,8192,0.157974
317121,483657,8192,0.151702
317185,483652,8192,0.151057
317249,483096,8192,0.152721
317313,482275,8192,0.163720
317377,482859,8192,0.160126
317441,482911,8192,0.162217
317505,483232,8192,0.152655
317569,482535,8192,0.164058
317633,482553,8192,0.163574
317697,482179,8192,0.161267
317761,482756,8192,0.152140
317825,483285,8192,0.147588
317889,484156,8192,0.138457
317953,484491,8192,0.137453
318017,485007,8192,0.132191
318081,485271,8192,0.131070
318145,486451,8192,0.113388
318209,486837,8192,0.105258
318273,486351,8192,0.108914
318337,487122,8192,0.104666
318401,487893,8192,0.099974
318465,487747,8192,0.103174
318529,488277,8192,0.096642
318593,488569,8192,0.095783
318657,488692,8192,0.093355
318721,488553,8192,0.091911
318785,488463,8192,0.094007
318849,488435,8192,0.096145
318913,488509,8192,0.091954
318977,487836,8192,0.101788
319041,487168,8192,0.109600
319105,486708,8192,0.114265
319169,486565,8192,0.116676
319233,486571,8192,0.114069
319297,486843,8192,0.104367
319361,486949,8192,0.098021
319425,487837,8192,0.087265
319489,488371,8192,0.084092
319553,487939,8192,0.091979
319617,487008,8192,0.105890
319681,486849,8192,0.107386
319745,486945,8192,0.111327
319809,487939,8192,0.100794
319873,487213,8192,0.101515
319937,486534,8192,0.109133
320001,486115,8192,0.109225
320065,485575,8192,0.114370
320129,485657,8192,0.110885
320193,486636,8192,0.098498
320257,487076,8192,0.098994
320321,486913,8192,0.109336
320385,487007,8192,0.114940
320449,487236,8192,0.115114
320513,487157,8192,0.109506
320577,487118,8192,0.111744
320641,487787,8192,0.101664
320705,487880,8192,0.097540
320769,487380,8192,0.104654
320833,487809,8192,0.102835
320897,488138,8192,0.095408
320961,487373,8192,0.104983
321025,487070,8192,0.110660
321089,485935,8192,0.124721
321153,485340,8192,0.133377
321217,485345,8192,0.138753
321281,485475,8192,0.139999
321345,485029,8192,0.139399
321409,484063,8192,0.149964
321473,484026,8192,0.146064
321537,484339,8192,0.142178
321601,485631,8192,0.125119
321665,485352,8192,0.126510
321729,486342,8192,0.119062
321793,486209,8192,0.125008
321857,485598,8192,0.134801
321921,485293,8192,0.140738
321985,485518,8192,0.135294
322049,486307,8192,0.126008
322113,486369,8192,0.124874
322177,486779,8192,0.116573
322241,485285,8192,0.133665
322305,484878,8192,0.135803
322369,484788,8192,0.138898
322433,484734,8192,0.138097
322497,484322,8192,0.137531
322561,484997,8192,0.129007
322625,485052,8192,0.131851
322689,485184,8192,0.137093
322753,485417,8192,0.134724
322817,486514,8192,0.121640
322881,485739,8192,0.132737
322945,485991,8192,0.122691
323009,484850,8192,0.135687
323073,484350,8192,0.146331
323137,484898,8192,0.144208
323201,485343,8192,0.141999
323265,485849,8192,0.135148
323329,486149,8192,0.134931
323393,486394,8192,0.133496
323457,486082,8192,0.133453
323521,485729,8192,0.138995
323585,485995,8192,0.132070
323649,486851,8192,0.122252
323713,487312,8192,0.118007
323777,486906,8192,0.127087
323841,487504,8192,0.120876
323905,488099,8192,0.114641
323969,487377,8192,0.117714
324033,487685,8192,0.113027
324097,488004,8192,0.114466
324161,487364,8192,0.123763
324225,487558,8192,0.121035
324289,486646,8192,0.129608
324353,487125,8192,0.117644
324417,486829,8192,0.109176
324481,486743,8192,0.108083
324545,486497,8192,0.108123
324609,485687,8192,0.113065
324673,485509,8192,0.113763
324737,485776,8192,0.105103
324801,486147,8192,0.105995
324865,486533,8192,0.107854
324929,487037,8192,0.101990
324993,486718,8192,0.103546
325057,486349,8192,0.104869
325121,485681,8192,0.108308
325185,485613,8192,0.107886
325249,485679,8192,0.108164
325313,486152,8192,0.104753
325377,485857,8192,0.107629
325441,485159,8192,0.116886
325505,484692,8192,0.121912
325569,484790,8192,0.122737
325633,484503,8192,0.124473
325697,483695,8192,0.134992
325761,483426,8192,0.139250
325825,483212,8192,0.137780
325889,483404,8192,0.129888
325953,483774,8192,0.124403
326017,483143,8192,0.126721
326081,482412,8192,0.134375
326145,482224,8192,0.134498
326209,481847,8192,0.129371
326273,481698,8192,0.134163
326337,481167,8192,0.145924
326401,482454,8192,0.130814
326465,482378,8192,0.134290
326529,482792,8192,0.124277
326593,482531,8192,0.126188
326657,482864,8192,0.124570
326721,482744,8192,0.128683
326785,482816,8192,0.125466
326849,481869,8192,0.139444
326913,481329,8192,0.147782
326977,481444,8192,0.144522
327041,482376,8192,0.142093
327105,482088,8192,0.149194
327169,482458,8192,0.138798
327233,482524,8192,0.138181
327297,482239,8192,0.141581
327361,482586,8192,0.134722
327425,482775,8192,0.132291
327489,483194,8192,0.125315
327553,482557,8192,0.117322
327617,482593,8192,0.120264
327681,481874,8192,0.128785
327745,481782,8192,0.135712
327809,481877,8192,0.138946
327873,482117,8192,0.142316
327937,483022,8192,0.134720
328001,483579,8192,0.130753
328065,483250,8192,0.129784
328129,483055,8192,0.130739
328193,481565,8192,0.144951
328257,481365,8192,0.141650
328321,480841,8192,0.146233
328385,480836,8192,0.149561
328449,480489,8192,0.157239
328513,479769,8192,0.164440
328577,479241,8192,0.170919
328641,479344,8192,0.176528
328705,480531,8192,0.154793
328769,480168,8192,0.161837
328833,479771,8192,0.161320
328897,479931,8192,0.157851
328961,479814,8192,0.155514
329025,480063,8192,0.154136
329089,479498,8192,0.151370
329153,480200,8192,0.144980
329217,479769,8192,0.146942
329281,480380,8192,0.139018
329345,481191,8192,0.129521
329409,480577,8192,0.132103
329473,480814,8192,0.131918
329537,479542,8192,0.143366
329601,478676,8192,0.149538
329665,478022,8192,0.156607
329729,478683,8192,0.154664
329793,478763,8192,0.160789
329857,479805,8192,0.153124
329921,480427,8192,0.142963
329985,480465,8192,0.137009
330049,480264,8192,0.140006
330113,480739,8192,0.138747
330177,480153,8192,0.138575
330241,480743,8192,0.130914
330305,480692,8192,0.137346
330369,480910,8192,0.137080
330433,482122,8192,0.131368
330497,481289,8192,0.147695
330561,480792,8192,0.153760
330625,479129,8192,0.165719
330689,478806,8192,0.169934
330753,478793,8192,0.178491
330817,479092,8192,0.165785
330881,480152,8192,0.157945
330945,480301,8192,0.158357
331009,479730,8192,0.166335
331073,479477,8192,0.170763
331137,479992,8192,0.164732
331201,479609,8192,0.173150
331265,479903,8192,0.175537
331329,479390,8192,0.184220
331393,479374,8192,0.181289
331457,479752,8192,0.176833
331521,478563,8192,0.192715
331585,478535,8192,0.190210
331649,479419,8192,0.178277
331713,479147,8192,0.173461
331777,478745,8192,0.174385
331841,478034,8192,0.176213
331905,478770,8192,0.159451
331969,477576,8192,0.172679
332033,477047,8192,0.178145
332097,478039,8192,0.159403
332161,477637,8192,0.160953
332225,477110,8192,0.162436
332289,477957,8192,0.154517
332353,477892,8192,0.156288
332417,478463,8192,0.144082
332481,478673,8192,0.146190
332545,478787,8192,0.139649
332609,479358,8192,0.136742
332673,479400,8192,0.139740
332737,480347,8192,0.128540
332801,480312,8192,0.132281
332865,480812,8192,0.128386
332929,481114,8192,0.129731
332993,480785,8192,0.143968
333057,480176,8192,0.151048
333121,480417,8192,0.149884
333185,480756,8192,0.151115
333249,480173,8192,0.157793
333313,480761,8192,0.149906
333377,480618,8192,0.148304
333441,481309,8192,0.142113
333505,481241,8192,0.145387
333569,481321,8192,0.147441
333633,480800,8192,0.148658
333697,481025,8192,0.141259
333761,480655,8192,0.153280
333825,480814,8192,0.152491
333889,480507,8192,0.152266
333953,480337,8192,0.154135
334017,480533,8192,0.148940
334081,481091,8192,0.141425
334145,481498,8192,0.136949
334209,482930,8192,0.123758
334273,483784,8192,0.119150
334337,482500,8192,0.137398
334401,482817,8192,0.134427
334465,482413,8192,0.142524
334529,482173,8192,0.147342
334593,481736,8192,0.151289
334657,481373,8192,0.152385
334721,481537,8192,0.148328
334785,481315,8192,0.145930
334849,482064,8192,0.142618
334913,481766,8192,0.152505
334977,481984,8192,0.146751
335041,481492,8192,0.144154
335105,482343,8192,0.137297
335169,483557,8192,0.126276
335233,483280,8192,0.135677
335297,483947,8192,0.122377
335361,484186,8192,0.122059
335425,484326,8192,0.122863
335489,484758,8192,0.119361
335553,484754,8192,0.124963
335617,484711,8192,0.122462
335681,484272,8192,0.129436
335745,484864,8192,0.128332
335809,485017,8192,0.126974
335873,484980,8192,0.124188
335937,484753,8192,0.119521
336001,483841,8192,0.127650
336065,484721,8192,0.114208
336129,485661,8192,0.101819
336193,485684,8192,0.099395
336257,486619,8192,0.096185
336321,486463,8192,0.093159
336385,486008,8192,0.094757
336449,486166,8192,0.093378
336513,486502,8192,0.088916
336577,486431,8192,0.084086
336641,486358,8192,0.081333
336705,486035,8192,0.083886
336769,485788,8192,0.086204
336833,485938,8192,0.091577
336897,485951,8192,0.096790
336961,485637,8192,0.101820
337025,485582,8192,0.108797
337089,485028,8192,0.112510
337153,485609,8192,0.105252
337217,485214,8192,0.103586
337281,485043,8192,0.108708
337345,485228,8192,0.109389
337409,484471,8192,0.121933
337473,484520,8192,0.132119
337537,483779,8192,0.139311
337601,484775,8192,0.130002
337665,485142,8192,0.128013
337729,485180,8192,0.127781
337793,483839,8192,0.150442
337857,483382,8192,0.154075
337921,482612,8192,0.165667
337985,481499,8192,0.178214
338049,482296,8192,0.177421
338113,481867,8192,0.185030
338177,482079,8192,0.187431
338241,482608,8192,0.177703
338305,482533,8192,0.174135
338369,482358,8192,0.173873
338433,481966,8192,0.171599
338497,480775,8192,0.187753
338561,480507,8192,0.187383
338625,481480,8192,0.168843
338689,481824,8192,0.161268
338753,482628,8192,0.155804
338817,483010,8192,0.153008
338881,483736,8192,0.143625
338945,484132,8192,0.143754
339009,484774,8192,0.140537
339073,483675,8192,0.154749
339137,483458,8192,0.163866
339201,483718,8192,0.163194
339265,484199,8192,0.153559
339329,483094,8192,0.163268
339393,483645,8192,0.152294
339457,482674,8192,0.157448
339521,482838,8192,0.157321
339585,483333,8192,0.147739
339649,484635,8192,0.131555
339713,484174,8192,0.131175
339777,484241,8192,0.127542
339841,484485,8192,0.128936
339905,484725,8192,0.122920
339969,484979,8192,0.123111
340033,486065,8192,0.113099
340097,484928,8192,0.126646
340161,484449,8192,0.138237
340225,483843,8192,0.143968
340289,483866,8192,0.140692
340353,484453,8192,0.130163
340417,485001,8192,0.129412
340481,485401,8192,0.133467
340545,485441,8192,0.128591
340609,484675,8192,0.136078
340673,484809,8192,0.131050
340737,483533,8192,0.147229
340801,484343,8192,0.141808
340865,485392,8192,0.130755
340929,486587,8192,0.121872
340993,486792,8192,0.117609
341057,486818,8192,0.115308
341121,486736,8192,0.114447
341185,485909,8192,0.126120
341249,485814,8192,0.124333
341313,486213,8192,0.121737
341377,486080,8192,0.122720
341441,487120,8192,0.111222
341505,487401,8192,0.111784
341569,488468,8192,0.104773
341633,488706,8192,0.106294
341697,487790,8192,0.114495
341761,486802,8192,0.123908
341825,487472,8192,0.112047
341889,487405,8192,0.106496
341953,486606,8192,0.120985
342017,486932,8192,0.117830
342081,486933,8192,0.124186
342145,486930,8192,0.118661
342209,487347,8192,0.112309
342273,488002,8192,0.108613
342337,488089,8192,0.107560
342401,488143,8192,0.095885
342465,488058,8192,0.096610
342529,487581,8192,0.104952
342593,487090,8192,0.114693
342657,487447,8192,0.118579
342721,488071,8192,0.113378
342785,487733,8192,0.121717
342849,487168,8192,0.125587
342913,487360,8192,0.121520
342977,487824,8192,0.114686
343041,487617,8192,0.120963
343105,487928,8192,0.121208
343169,487671,8192,0.120494
343233,488168,8192,0.111972
343297,486781,8192,0.127589
343361,486717,8192,0.130061
343425,486240,8192,0.132520
343489,485986,8192,0.130491
343553,487243,8192,0.114663
343617,487803,8192,0.111592
343681,488049,8192,0.112009
343745,487818,8192,0.108960
343809,488599,8192,0.100573
343873,487256,8192,0.115477
343937,487270,8192,0.112210
344001,486902,8192,0.119418
344065,487267,8192,0.119342
344129,486879,8192,0.123228
344193,486352,8192,0.126609
344257,486382,8192,0.116833
344321,487030,8192,0.108981
344385,487790,8192,0.103074
344449,487246,8192,0.109384
344513,487652,8192,0.105136
344577,488484,8192,0.103087
344641,488589,8192,0.104196
344705,488363,8192,0.106619
344769,488547,8192,0.106844
344833,488674,8192,0.100719
344897,489022,8192,0.095230
344961,488321,8192,0.099640
345025,488676,8192,0.103339
345089,488312,8192,0.111919
345153,487933,8192,0.119835
345217,488122,8192,0.120828
345281,487477,8192,0.127349
345345,487286,8192,0.122201
345409,486794,8192,0.133801
345473,486608,8192,0.132506
345537,486899,8192,0.130442
345601,488113,8192,0.124442
345665,488181,8192,0.124076
345729,488435,8192,0.120151
345793,489059,8192,0.113680
345857,488645,8192,0.117677
345921,488691,8192,0.119246
345985,488701,8192,0.116246
346049,488738,8192,0.114307
346113,488938,8192,0.111080
346177,488642,8192,0.115637
346241,488011,8192,0.124601
346305,488006,8192,0.117030
346369,487474,8192,0.122752
346433,488218,8192,0.117224
346497,487773,8192,0.122915
346561,487982,8192,0.124561
346625,487960,8192,0.129068
346689,487637,8192,0.132718
346753,487976,8192,0.131602
346817,487699,8192,0.139488
346881,486296,8192,0.149014
346945,486960,8192,0.145970
347009,486942,8192,0.142932
347073,487193,8192,0.141255
347137,487801,8192,0.138263
347201,487097,8192,0.149044
347265,487159,8192,0.146544
347329,487010,8192,0.145638
347393,487553,8192,0.139558
347457,487863,8192,0.135836
347521,486617,8192,0.149073
347585,487081,8192,0.141112
347649,488392,8192,0.136511
347713,488300,8192,0.144010
347777,488781,8192,0.139976
347841,488256,8192,0.143650
347905,488456,8192,0.137474
347969,488431,8192,0.130345
348033,488303,8192,0.128308
348097,488464,8192,0.127829
348161,487552,8192,0.135623
348225,486755,8192,0.144930
348289,486899,8192,0.144432
348353,485359,8192,0.154795
348417,484625,8192,0.157820
348481,484543,8192,0.153842
348545,483718,8192,0.161023
348609,483936,8192,0.158071
348673,484457,8192,0.149013
348737,484405,8192,0.140454
348801,483014,8192,0.155628
348865,483843,8192,0.151103
348929,483841,8192,0.153849
348993,484126,8192,0.143204
349057,483727,8192,0.141692
349121,483957,8192,0.141046
349185,484170,8192,0.143082
349249,484449,8192,0.137195
349313,484208,8192,0.138710
349377,484231,8192,0.140799
349441,483446,8192,0.150117
349505,483894,8192,0.142236
349569,484344,8192,0.139638
349633,484746,8192,0.139347
349697,484407,8192,0.150734
349761,483091,8192,0.160924
349825,483511,8192,0.156682
349889,482680,8192,0.158955
349953,483257,8192,0.147193
350017,483435,8192,0.144725
350081,483540,8192,0.140596
350145,483535,8192,0.141149
350209,483739,8192,0.138585
350273,484171,8192,0.134588
350337,484398,8192,0.129306
350401,483542,8192,0.142773
350465,483813,8192,0.135354
350529,483660,8192,0.131724
350593,482784,8192,0.137844
350657,482752,8192,0.138298
350721,482849,8192,0.132484
350785,483443,8192,0.127364
350849,483446,8192,0.126638
350913,482697,8192,0.128147
350977,482710,8192,0.126432
351041,483059,8192,0.123969
351105,482735,8192,0.129470
351169,482490,8192,0.128052
351233,483224,8192,0.128966
351297,483051,8192,0.135442
351361,484101,8192,0.124090
351425,483427,8192,0.134477
351489,483878,8192,0.125062
351553,483903,8192,0.123077
351617,483338,8192,0.126954
351681,483061,8192,0.127630
351745,482253,8192,0.133946
351809,482580,8192,0.128312
351873,482022,8192,0.134245
351937,482311,8192,0.132072
352001,482824,8192,0.124222
352065,483355,8192,0.119394
352129,483274,8192,0.120361
352193,483718,8192,0.118373
352257,483669,8192,0.122016
352321,482837,8192,0.131583
352385,483506,8192,0.132204
352449,482984,8192,0.135236
352513,482814,8192,0.134196
352577,483021,8192,0.119078
352641,483635,8192,0.115587
352705,482088,8192,0.137912
352769,482062,8192,0.140669
352833,481999,8192,0.150498
352897,482160,8192,0.148216
352961,480536,8192,0.175345
353025,481157,8192,0.158492
353089,480832,8192,0.157977
353153,480516,8192,0.163064
353217,479682,8192,0.183398
353281,480105,8192,0.171430
353345,478759,8192,0.186331
353409,479168,8192,0.178906
353473,480993,8192,0.157245
353537,480041,8192,0.162394
353601,479444,8192,0.164713
353665,479968,8192,0.147343
353729,480314,8192,0.147826
353793,480083,8192,0.155564
353857,480451,8192,0.154574
353921,480088,8192,0.162355
353985,480480,8192,0.148066
354049,479277,8192,0.162837
354113,479176,8192,0.157736
354177,478634,8192,0.147523
354241,479187,8192,0.138271
354305,479966,8192,0.127864
354369,479921,8192,0.130467
354433,479655,8192,0.131268
354497,478718,8192,0.142563
354561,479148,8192,0.138697
354625,478860,8192,0.133862
354689,479456,8192,0.131048
354753,479088,8192,0.132646
354817,479478,8192,0.126717
354881,480096,8192,0.125620
354945,479890,8192,0.133012
355009,481143,8192,0.128455
355073,482066,8192,0.124837
355137,481646,8192,0.130600
355201,482157,8192,0.128547
355265,481907,8192,0.127859
355329,482071,8192,0.121689
355393,482016,8192,0.126995
355457,481776,8192,0.127581
355521,482251,8192,0.119021
355585,481903,8192,0.121280
355649,481064,8192,0.128125
355713,482063,8192,0.108585
355777,481242,8192,0.111227
355841,481043,8192,0.112139
355905,480183,8192,0.114376
355969,481045,8192,0.113571
356033,481402,8192,0.104708
356097,481742,8192,0.107298
356161,481392,8192,0.116822
356225,481531,8192,0.119221
356289,482455,8192,0.109369
356353,482803,8192,0.100596
356417,483339,8192,0.099578
356481,483984,8192,0.093643
356545,483912,8192,0.093492
356609,483937,8192,0.089185
356673,484127,8192,0.095400
356737,483909,8192,0.092861
356801,483624,8192,0.091045
356865,483707,8192,0.087517
356929,482311,8192,0.101684
356993,481339,8192,0.113164
357057,481077,8192,0.118977
357121,481121,8192,0.126529
357185,480693,8192,0.131573
357249,481065,8192,0.134061
357313,482096,8192,0.122741
357377,482183,8192,0.125987
357441,482388,8192,0.129443
357505,482573,8192,0.121132
357569,482848,8192,0.126638
357633,482075,8192,0.135309
357697,482256,8192,0.137358
357761,482008,8192,0.134844
357825,481925,8192,0.133847
357889,481885,8192,0.136854
357953,482312,8192,0.135282
358017,482531,8192,0.133834
358081,482961,8192,0.127623
358145,483803,8192,0.125929
358209,483158,8192,0.131883
358273,482844,8192,0.141256
358337,482618,8192,0.143149
358401,482844,8192,0.139321
358465,483064,8192,0.135560
358529,482539,8192,0.139805
358593,482710,8192,0.140629
358657,483168,8192,0.135913
358721,483583,8192,0.129901
358785,483680,8192,0.125901
358849,483654,8192,0.126993
358913,483948,8192,0.124159
358977,484247,8192,0.122801
359041,485124,8192,0.114601
359105,486396,8192,0.097027
359169,485815,8192,0.105433
359233,486093,8192,0.105594
359297,485654,8192,0.107767
359361,485193,8192,0.111392
359425,484757,8192,0.116969
359489,484486,8192,0.114629
359553,484156,8192,0.120060
359617,484477,8192,0.120395
359681,484125,8192,0.117154
359745,484696,8192,0.105366
359809,483459,8192,0.124660
359873,483084,8192,0.124876
359937,482674,8192,0.124738
360001,482785,8192,0.128860
360065,482978,8192,0.125727
360129,482701,8192,0.127762
360193,482681,8192,0.123167
360257,482305,8192,0.135423
360321,482079,8192,0.140787
360385,481749,8192,0.143977
360449,482238,8192,0.144996
360513,482979,8192,0.135129
360577,483199,8192,0.134210
360641,483596,8192,0.125586
360705,483499,8192,0.122023
360769,483549,8192,0.116878
360833,483466,8192,0.116432
360897,484184,8192,0.103100
360961,483989,8192,0.108630
361025,483928,8192,0.113528
361089,483498,8192,0.122374
361153,484661,8192,0.116294
361217,483935,8192,0.126884
361281,483593,8192,0.121142
361345,482474,8192,0.137366
361409,481317,8192,0.146634
361473,481085,8192,0.155893
361537,481541,8192,0.155397
361601,481836,8192,0.157260
361665,482861,8192,0.152352
361729,483313,8192,0.147478
361793,482382,8192,0.150302
361857,481177,8192,0.163222
361921,480767,8192,0.163640
361985,481279,8192,0.148689
362049,480908,8192,0.155761
362113,482104,8192,0.136836
362177,480868,8192,0.151487
362241,481995,8192,0.140853
362305,482475,8192,0.136981
362369,482481,8192,0.139904
362433,482549,8192,0.139645
362497,482096,8192,0.150590
362561,482497,8192,0.147746
362625,483266,8192,0.138613
362689,484069,8192,0.132567
362753,484157,8192,0.128602
362817,483561,8192,0.123917
362881,483160,8192,0.125516
362945,483336,8192,0.126900
363009,483680,8192,0.130483
363073,482704,8192,0.140327
363137,482476,8192,0.141627
363201,483127,8192,0.133940
363265,483844,8192,0.130554
363329,484335,8192,0.134226
363393,484337,8192,0.134319
363457,483861,8192,0.142656
363521,483294,8192,0.151527
363585,483080,8192,0.157247
363649,482318,8192,0.165911
363713,482024,8192,0.174639
363777,482430,8192,0.169604
363841,482480,8192,0.178313
363905,482567,8192,0.184921
363969,482938,8192,0.186288
364033,481337,8192,0.202448
364097,482064,8192,0.189358
364161,481724,8192,0.189336
364225,481327,8192,0.189527
364289,481723,8192,0.178271
364353,481592,8192,0.179220
364417,481361,8192,0.176720
364481,481895,8192,0.170621
364545,482334,8192,0.163674
364609,483324,8192,0.149162
364673,483654,8192,0.141384
364737,484622,8192,0.136115
364801,483759,8192,0.146197
364865,483602,8192,0.147581
364929,483708,8192,0.140050
364993,483254,8192,0.141175
365057,482912,8192,0.138234
365121,483286,8192,0.133264
365185,483204,8192,0.140456
365249,483702,8192,0.135703
365313,483443,8192,0.142391
365377,483696,8192,0.136660
365441,484543,8192,0.131151
365505,484991,8192,0.124877
365569,483450,8192,0.130068
365633,483480,8192,0.126825
365697,483043,8192,0.132464
365761,482753,8192,0.133926
365825,482983,8192,0.129675
365889,483134,8192,0.121254
365953,481884,8192,0.129315
366017,482759,8192,0.119555
366081,483802,8192,0.106400
366145,483383,8192,0.104184
366209,483215,8192,0.104777
366273,483586,8192,0.098900
366337,483837,8192,0.108291
366401,484404,8192,0.103679
366465,484419,8192,0.101434
366529,484512,8192,0.102531
366593,484241,8192,0.110299
366657,484404,8192,0.104299
366721,484866,8192,0.105960
366785,485396,8192,0.104404
366849,484686,8192,0.108155
366913,484431,8192,0.105403
366977,484663,8192,0.109135
367041,484549,8192,0.111816
367105,484161,8192,0.116589
367169,484080,8192,0.118430
367233,484157,8192,0.117246
367297,484052,8192,0.118810
367361,483324,8192,0.126124
367425,482482,8192,0.121282
367489,482965,8192,0.118418
367553,483604,8192,0.110664
367617,484155,8192,0.105345
367681,483800,8192,0.105523
367745,484455,8192,0.097938
367809,484945,8192,0.094943
367873,483458,8192,0.110114
367937,484390,8192,0.104692
368001,485232,8192,0.096420
368065,485850,8192,0.095797
368129,486695,8192,0.084999
368193,486153,8192,0.098923
368257,486940,8192,0.096858
368321,486859,8192,0.102894
368385,487453,8192,0.097480
368449,487705,8192,0.094870
368513,487678,8192,0.085045
368577,489000,8192,0.074647
368641,488938,8192,0.069112
368705,488366,8192,0.074680
368769,487063,8192,0.089209
368833,486180,8192,0.105109
368897,485949,8192,0.107417
368961,485539,8192,0.110927
369025,486339,8192,0.102063
369089,486203,8192,0.103858
369153,486302,8192,0.102102
369217,485057,8192,0.113085
369281,485151,8192,0.114661
369345,484855,8192,0.113828
369409,485243,8192,0.113188
369473,485263,8192,0.112299
369537,484987,8192,0.112102
369601,484839,8192,0.110437
369665,485022,8192,0.107711
369729,484255,8192,0.117904
369793,484245,8192,0.114072
369857,484537,8192,0.106940
369921,482403,8192,0.128869
369985,482613,8192,0.129103
370049,482464,8192,0.131312
370113,482965,8192,0.115404
370177,483571,8192,0.110008
370241,483225,8192,0.109520
370305,483826,8192,0.102926
370369,484420,8192,0.097657
370433,484398,8192,0.100811
370497,483960,8192,0.108627
370561,484379,8192,0.108415
370625,484877,8192,0.100125
370689,483978,8192,0.110063
370753,483792,8192,0.105727
370817,483803,8192,0.109691
370881,483414,8192,0.117526
370945,483372,8192,0.115106
371009,483739,8192,0.113046
371073,484173,8192,0.115168
371137,483872,8192,0.116776
371201,484349,8192,0.115799
371265,483483,8192,0.127502
371329,482623,8192,0.129831
371393,483497,8192,0.115624
371457,483340,8192,0.122956
371521,483483,8192,0.110432
371585,483172,8192,0.115447
371649,482599,8192,0.121415
371713,481952,8192,0.125373
371777,481165,8192,0.135256
371841,481941,8192,0.129757
371905,482253,8192,0.125165
371969,483027,8192,0.113018
372033,483029,8192,0.118768
372097,483030,8192,0.118477
372161,482129,8192,0.120220
372225,482445,8192,0.113408
372289,482991,8192,0.112123
372353,482851,8192,0.120221
372417,483421,8192,0.111812
372481,482965,8192,0.119093
372545,482301,8192,0.122192
372609,481986,8192,0.130231
372673,480849,8192,0.134804
372737,481257,8192,0.127049
372801,480220,8192,0.140210
372865,480207,8192,0.136475
372929,479494,8192,0.140696
372993,480171,8192,0.131740
373057,479758,8192,0.132949
373121,480138,8192,0.125628
373185,480213,8192,0.117728
373249,480602,8192,0.116907
373313,480819,8192,0.110529
373377,480716,8192,0.115010
373441,480796,8192,0.117424
373505,480778,8192,0.120309
373569,480432,8192,0.116420
373633,480405,8192,0.122469
373697,480870,8192,0.119849
373761,480820,8192,0.121549
373825,480115,8192,0.134672
373889,479930,8192,0.134641
373953,479285,8192,0.137206
374017,480179,8192,0.131055
374081,481073,8192,0.124293
374145,481079,8192,0.126998
374209,480898,8192,0.129948
374273,480506,8192,0.132252
374337,480337,8192,0.135167
374401,478733,8192,0.146869
374465,479789,8192,0.143868
374529,480337,8192,0.139671
374593,480414,8192,0.137753
374657,481030,8192,0.135294
374721,481958,8192,0.125567
374785,481004,8192,0.133180
374849,481307,8192,0.134030
374913,481919,8192,0.125644
374977,482488,8192,0.121541
375041,482466,8192,0.125198
375105,482729,8192,0.118264
375169,483135,8192,0.112505
375233,482555,8192,0.121121
375297,483051,8192,0.112390
375361,482873,8192,0.114560
375425,483020,8192,0.116455
375489,482270,8192,0.122845
375553,482409,8192,0.118066
375617,482812,8192,0.109146
375681,482415,8192,0.109995
375745,482923,8192,0.099526
375809,483051,8192,0.096013
375873,483337,8192,0.090523
375937,482955,8192,0.095206
376001,482971,8192,0.094025
376065,482712,8192,0.102174
376129,481968,8192,0.109357
376193,481877,8192,0.105414
376257,481839,8192,0.110993
376321,482002,8192,0.111733
376385,481651,8192,0.120409
376449,481947,8192,0.121622
376513,482323,8192,0.122347
376577,482844,8192,0.114814
376641,482803,8192,0.116912
376705,483193,8192,0.112913
376769,483895,8192,0.104916
376833,482658,8192,0.114940
376897,482388,8192,0.120542
376961,482154,8192,0.125809
377025,482215,8192,0.124848
377089,482861,8192,0.126074
377153,483086,8192,0.130265
377217,482353,8192,0.144417
377281,482203,8192,0.147077
377345,482439,8192,0.143536
377409,481847,8192,0.150456
377473,482438,8192,0.144817
377537,482859,8192,0.142081
377601,483818,8192,0.134262
377665,483841,8192,0.136975
377729,484451,8192,0.131674
377793,484555,8192,0.123845
377857,483784,8192,0.130423
377921,482913,8192,0.143386
377985,482691,8192,0.141529
378049,482975,8192,0.140921
378113,482370,8192,0.145487
378177,483505,8192,0.129293
378241,484435,8192,0.118194
378305,484118,8192,0.116848
378369,485628,8192,0.102394
378433,485631,8192,0.107905
378497,485942,8192,0.112708
378561,486088,8192,0.115938
378625,485731,8192,0.124921
378689,485743,8192,0.127269
378753,487410,8192,0.116603
378817,487806,8192,0.113586
378881,487776,8192,0.120544
378945,487976,8192,0.118937
379009,487561,8192,0.116550
379073,487654,8192,0.112398
379137,488007,8192,0.112795
379201,488546,8192,0.108377
379265,488257,8192,0.111746
379329,488446,8192,0.114402
379393,487898,8192,0.120904
379457,486384,8192,0.143282
379521,486731,8192,0.141878
379585,486043,8192,0.149392
379649,486155,8192,0.145751
379713,485580,8192,0.154818
379777,486182,8192,0.146479
379841,486840,8192,0.134238
379905,487578,8192,0.127369
379969,487807,8192,0.124685
380033,486845,8192,0.134728
380097,486754,8192,0.133476
380161,487099,8192,0.128582
380225,487500,8192,0.128283
380289,487872,8192,0.124985
380353,487351,8192,0.131570
380417,486544,8192,0.140848
380481,486485,8192,0.142743
380545,487629,8192,0.134435
380609,487037,8192,0.137020
380673,486128,8192,0.152392
380737,486577,8192,0.145632
380801,484822,8192,0.164432
380865,485265,8192,0.153294
380929,484797,8192,0.154390
380993,484760,8192,0.157088
381057,484236,8192,0.165140
381121,484903,8192,0.151641
381185,484351,8192,0.159374
381249,484193,8192,0.154856
381313,484930,8192,0.146768
381377,485204,8192,0.143176
381441,484018,8192,0.157154
381505,484509,8192,0.149340
381569,484670,8192,0.146458
381633,486003,8192,0.137520
381697,485316,8192,0.146448
381761,484412,8192,0.160675
381825,484827,8192,0.152093
381889,484535,8192,0.147633
381953,484492,8192,0.145288
382017,484301,8192,0.141830
382081,484588,8192,0.135925
382145,484327,8192,0.133523
382209,484792,8192,0.129799
382273,483515,8192,0.153779
382337,482932,8192,0.161195
382401,483251,8192,0.153482
382465,484532,8192,0.137103
382529,485151,8192,0.126318
382593,485310,8192,0.117248
382657,485392,8192,0.120683
382721,486299,8192,0.110644
382785,486508,8192,0.105860
382849,485354,8192,0.115186
382913,485024,8192,0.124726
382977,484343,8192,0.134432
383041,484566,8192,0.125636
383105,485042,8192,0.121873
383169,485283,8192,0.121941
383233,485281,8192,0.117950
383297,485166,8192,0.115529
383361,485398,8192,0.111189
383425,485736,8192,0.113142
383489,485038,8192,0.125732
383553,484974,8192,0.128276
383617,485133,8192,0.121031
383681,485327,8192,0.117065
383745,485840,8192,0.109072
383809,486236,8192,0.101120
383873,486395,8192,0.103048
383937,485867,8192,0.107691
384001,485184,8192,0.111771
384065,485089,8192,0.111756
384129,486484,8192,0.096121
384193,485949,8192,0.093613
384257,487246,8192,0.082007
384321,487927,8192,0.078359
384385,488776,8192,0.069227
384449,488608,8192,0.074081
384513,487700,8192,0.079833
384577,488042,8192,0.081708
384641,487980,8192,0.076503
384705,487486,8192,0.088796
384769,488273,8192,0.074308
384833,488467,8192,0.078117
384897,487618,8192,0.083557
384961,487946,8192,0.082985
385025,487206,8192,0.095831
385089,487250,8192,0.094149
385153,486569,8192,0.109966
385217,485966,8192,0.111635
385281,485687,8192,0.109344
385345,486281,8192,0.102686
385409,486120,8192,0.109503
385473,486303,8192,0.114034
385537,486212,8192,0.116833
385601,486666,8192,0.114638
385665,487586,8192,0.104115
385729,487049,8192,0.107353
385793,485456,8192,0.118988
385857,485500,8192,0.118167
385921,485855,8192,0.112344
385985,486898,8192,0.109215
386049,487310,8192,0.106819
386113,485791,8192,0.123248
386177,485976,8192,0.122637
386241,486371,8192,0.119180
386305,485195,8192,0.131812
386369,484442,8192,0.139074
386433,484545,8192,0.140061
386497,484314,8192,0.140979
386561,485795,8192,0.124231
386625,485539,8192,0.121997
386689,484190,8192,0.145698
386753,483477,8192,0.152442
386817,484997,8192,0.139483
386881,484496,8192,0.140200
386945,484960,8192,0.138850
387009,484228,8192,0.145764
387073,484710,8192,0.139807
387137,484426,8192,0.146448
387201,484671,8192,0.138575
387265,484237,8192,0.136606
387329,483285,8192,0.145236
387393,482579,8192,0.165834
387457,483188,8192,0.150104
387521,483671,8192,0.147481
387585,484392,8192,0.140133
387649,484576,8192,0.140459
387713,484692,8192,0.140883
387777,484447,8192,0.139831
387841,484175,8192,0.139802
387905,483884,8192,0.142522
387969,483996,8192,0.138333
388033,483124,8192,0.154008
388097,483403,8192,0.146923
388161,483259,8192,0.150147
388225,483490,8192,0.151436
388289,484052,8192,0.148420
388353,483852,8192,0.149966
388417,483353,8192,0.150156
388481,483900,8192,0.140825
388545,483527,8192,0.140092
388609,484509,8192,0.126935
388673,484080,8192,0.131164
388737,484745,8192,0.120987
388801,484432,8192,0.120546
388865,486030,8192,0.108459
388929,485265,8192,0.124608
388993,486412,8192,0.105886
389057,485968,8192,0.114224
389121,485306,8192,0.124056
389185,485580,8192,0.126621
389249,486554,8192,0.113469
389313,485818,8192,0.117859
389377,486222,8192,0.109902
389441,486818,8192,0.108159
389505,487071,8192,0.106335
389569,486736,8192,0.106760
389633,486007,8192,0.117108
389697,486977,8192,0.102855
389761,487397,8192,0.097785
389825,487119,8192,0.101948
389889,486671,8192,0.109755
389953,487217,8192,0.111675
390017,487038,8192,0.114191
390081,487142,8192,0.111600
390145,487050,8192,0.108576
390209,487063,8192,0.103899
390273,487226,8192,0.104005
390337,487353,8192,0.102885
390401,487139,8192,0.108151
390465,486969,8192,0.107233
390529,485563,8192,0.126118
390593,484598,8192,0.135203
390657,484880,8192,0.133650
390721,485078,8192,0.125287
390785,484448,8192,0.133751
390849,483272,8192,0.140446
390913,483287,8192,0.132539
390977,484371,8192,0.117331
391041,484302,8192,0.121928
391105,484690,8192,0.113290
391169,485276,8192,0.108359
391233,485880,8192,0.101142
391297,486438,8192,0.100796
391361,486559,8192,0.101711
391425,486425,8192,0.105656
391489,485829,8192,0.117236
391553,485283,8192,0.117117
391617,484794,8192,0.124696
391681,485331,8192,0.123443
391745,484150,8192,0.137933
391809,483676,8192,0.139221
391873,483662,8192,0.142721
391937,483903,8192,0.136006
392001,483859,8192,0.138255
392065,484941,8192,0.132564
392129,485096,8192,0.134543
392193,484780,8192,0.137817
392257,483914,8192,0.150825
392321,485164,8192,0.136349
392385,484995,8192,0.141881
392449,484448,8192,0.145212
392513,484770,8192,0.139225
392577,484841,8192,0.138138
392641,484287,8192,0.147684
392705,484760,8192,0.141994
392769,484987,8192,0.140475
392833,484631,8192,0.135568
392897,484044,8192,0.140495
392961,483645,8192,0.153118
393025,483110,8192,0.151918
393089,482619,8192,0.155239
393153,481981,8192,0.169389
393217,482101,8192,0.163968
393281,481847,8192,0.164547
393345,481546,8192,0.171579
393409,482076,8192,0.169080
393473,481821,8192,0.170044
393537,483203,8192,0.154177
393601,484034,8192,0.146632
393665,482710,8192,0.162333
393729,483619,8192,0.157202
393793,483151,8192,0.157988
393857,482724,8192,0.166018
393921,482379,8192,0.163205
393985,482370,8192,0.161066
394049,482277,8192,0.158167
394113,482729,8192,0.147932
394177,483222,8192,0.138321
394241,483401,8192,0.135533
394305,482789,8192,0.140596
394369,482933,8192,0.141443
394433,483427,8192,0.134363
394497,483233,8192,0.135384
394561,482720,8192,0.141384
394625,482873,8192,0.133542
394689,482518,8192,0.129912
394753,482787,8192,0.128766
394817,482119,8192,0.141157
394881,482532,8192,0.129465
394945,482688,8192,0.131533
395009,482427,8192,0.141856
395073,482280,8192,0.149268
395137,481947,8192,0.148289
395201,482742,8192,0.139045
395265,482899,8192,0.139531
395329,482629,8192,0.137170
395393,483110,8192,0.127824
395457,482482,8192,0.127747
395521,482271,8192,0.132653
395585,482370,8192,0.133229
395649,482373,8192,0.130709
395713,481385,8192,0.137377
395777,480190,8192,0.149049
395841,480257,8192,0.146760
395905,479471,8192,0.153840
395969,479623,8192,0.152219
396033,480493,8192,0.146295
396097,479852,8192,0.144218
396161,479293,8192,0.150304
396225,479031,8192,0.154764
396289,478102,8192,0.161564
396353,478674,8192,0.151860
396417,478512,8192,0.153673
396481,478309,8192,0.155743
396545,478817,8192,0.149653
396609,479456,8192,0.141313
396673,480389,8192,0.132703
396737,480475,8192,0.133976
396801,480963,8192,0.131098
396865,481566,8192,0.124893
396929,481994,8192,0.126049
396993,481857,8192,0.125531
397057,481987,8192,0.124546
397121,481972,8192,0.123300
397185,481523,8192,0.132981
397249,480552,8192,0.144388
397313,480062,8192,0.148415
397377,480053,8192,0.149785
397441,480646,8192,0.149105
397505,481188,8192,0.141468
397569,480786,8192,0.144874
397633,479637,8192,0.162985
397697,480288,8192,0.160533
397761,480323,8192,0.159823
397825,479875,8192,0.169017
397889,479891,8192,0.163348
397953,479489,8192,0.169294
398017,480755,8192,0.153844
398081,479826,8192,0.168732
398145,479322,8192,0.166086
398209,480141,8192,0.154707
398273,480182,8192,0.152797
398337,480525,8192,0.148391
398401,480638,8192,0.147545
398465,480245,8192,0.156517
398529,480697,8192,0.146795
398593,480082,8192,0.153112
398657,479495,8192,0.159148
398721,478845,8192,0.165665
398785,479504,8192,0.157606
398849,479051,8192,0.160732
398913,478986,8192,0.168088
398977,479648,8192,0.160007
399041,479750,8192,0.152688
399105,479983,8192,0.153715
399169,479895,8192,0.157008
399233,479282,8192,0.160034
399297,479704,8192,0.159550
399361,480210,8192,0.154857
399425,480403,8192,0.159319
399489,480528,8192,0.149574
399553,481087,8192,0.146454
399617,481060,8192,0.151754
399681,481397,8192,0.144474
399745,481126,8192,0.145642
399809,481496,8192,0.143659
399873,481146,8192,0.144648
399937,481372,8192,0.143521
400001,481201,8192,0.144092
