epoch,brotli_size,soup_size,higher_entropy
1,524316,8192,-0.000757
65,517701,8192,0.099099
129,512587,8192,0.175497
193,510320,8192,0.208770
257,507238,8192,0.254295
321,504821,8192,0.289085
385,502633,8192,0.320417
449,501975,8192,0.328865
513,500529,8192,0.347745
577,499994,8192,0.351815
641,499286,8192,0.357590
705,499220,8192,0.353929
769,498780,8192,0.353902
833,499429,8192,0.337575
897,499620,8192,0.328937
961,499156,8192,0.328565
1025,498712,8192,0.329048
1089,499149,8192,0.318677
1153,499076,8192,0.316870
1217,499259,8192,0.306215
1281,499357,8192,0.298101
1345,497637,8192,0.313845
1409,495665,8192,0.336096
1473,496579,8192,0.318139
1537,497389,8192,0.303315
1601,499052,8192,0.272200
1665,499360,8192,0.263327
1729,499960,8192,0.247189
1793,498956,8192,0.252968
1857,497944,8192,0.255315
1921,498154,8192,0.244125
1985,496759,8192,0.253222
2049,495867,8192,0.257046
2113,496209,8192,0.244866
2177,494381,8192,0.263269
2241,494230,8192,0.258541
2305,493138,8192,0.267294
2369,491108,8192,0.285398
2433,491170,8192,0.270335
2497,489855,8192,0.288372
2561,490158,8192,0.277129
2625,490406,8192,0.272924
2689,490558,8192,0.261439
2753,489613,8192,0.265693
2817,489641,8192,0.259330
2881,488895,8192,0.265646
2945,489626,8192,0.247164
3009,490201,8192,0.234363
3073,490358,8192,0.228407
3137,491271,8192,0.211617
3201,491674,8192,0.202325
3265,491277,8192,0.201695
3329,490068,8192,0.201470
3393,490332,8192,0.192853
3457,489612,8192,0.194709
3521,489546,8192,0.184861
3585,489664,8192,0.178370
3649,489765,8192,0.166960
3713,489044,8192,0.175083
3777,488935,8192,0.162672
3841,490093,8192,0.143343
3905,491049,8192,0.128840
3969,491002,8192,0.121598
4033,491542,8192,0.113223
4097,490902,8192,0.114982
4161,490890,8192,0.111179
4225,490551,8192,0.108410
4289,490788,8192,0.101808
4353,489949,8192,0.116078
4417,491101,8192,0.100822
4481,491113,8192,0.100722
4545,491350,8192,0.096789
4609,490889,8192,0.108714
4673,490659,8192,0.111358
4737,490510,8192,0.112649
4801,489716,8192,0.118331
4865,490153,8192,0.110472
4929,490360,8192,0.102771
4993,490349,8192,0.100791
5057,490689,8192,0.092909
5121,490784,8192,0.090586
5185,490851,8192,0.094611
5249,490097,8192,0.097186
5313,489295,8192,0.103123
5377,489100,8192,0.101669
5441,489737,8192,0.094273
5505,489749,8192,0.095172
5569,490067,8192,0.093832
5633,489811,8192,0.099162
5697,489302,8192,0.103270
5761,489585,8192,0.094198
5825,489268,8192,0.090967
5889,488747,8192,0.098425
5953,489540,8192,0.090840
6017,488986,8192,0.100215
6081,489038,8192,0.100433
6145,488126,8192,0.109497
6209,488147,8192,0.109883
6273,488702,8192,0.096236
6337,488254,8192,0.096810
6401,487478,8192,0.099588
6465,487364,8192,0.097513
6529,487086,8192,0.091619
6593,487117,8192,0.080145
6657,487344,8192,0.076850
6721,487498,8192,0.076739
6785,487567,8192,0.084297
6849,487037,8192,0.091584
6913,487931,8192,0.087009
6977,488508,8192,0.078179
7041,488591,8192,0.072394
7105,488154,8192,0.076898
7169,487745,8192,0.076749
7233,488023,8192,0.075345
7297,487800,8192,0.077228
7361,488002,8192,0.075383
7425,488014,8192,0.070532
7489,488275,8192,0.070008
7553,486930,8192,0.091127
7617,487353,8192,0.081709
7681,487496,8192,0.074787
7745,487653,8192,0.081248
7809,487571,8192,0.081715
7873,487687,8192,0.081168
7937,487318,8192,0.095294
8001,487072,8192,0.095491
8065,487176,8192,0.091907
8129,487353,8192,0.092090
8193,486664,8192,0.097335
8257,487274,8192,0.089333
8321,486817,8192,0.099510
8385,486910,8192,0.094951
8449,486865,8192,0.094673
8513,487068,8192,0.091003
8577,487707,8192,0.080670
8641,486989,8192,0.087349
8705,487419,8192,0.090462
8769,486182,8192,0.108777
8833,486504,8192,0.098964
8897,487316,8192,0.092540
8961,486906,8192,0.095233
9025,485562,8192,0.110472
9089,486920,8192,0.091800
9153,487278,8192,0.090867
9217,487287,8192,0.094816
9281,488113,8192,0.086973
9345,488310,8192,0.084951
9409,488674,8192,0.081268
9473,488361,8192,0.086524
9537,488617,8192,0.084395
9601,488012,8192,0.094317
9665,488767,8192,0.087189
9729,488831,8192,0.090093
9793,489448,8192,0.087750
9857,489570,8192,0.091441
9921,489952,8192,0.087340
9985,490078,8192,0.090528
10049,489863,8192,0.097732
10113,490123,8192,0.096889
10177,489732,8192,0.104682
10241,489359,8192,0.105605
10305,489023,8192,0.106538
10369,488944,8192,0.098524
10433,488506,8192,0.104405
10497,488661,8192,0.099331
10561,487995,8192,0.107957
10625,488626,8192,0.105624
10689,488153,8192,0.110613
10753,488485,8192,0.106603
10817,488329,8192,0.105630
10881,488110,8192,0.107164
10945,487504,8192,0.115050
11009,487038,8192,0.120037
11073,486509,8192,0.127249
11137,486431,8192,0.119440
11201,485220,8192,0.130342
11265,485182,8192,0.132612
11329,485842,8192,0.125820
11393,485718,8192,0.121579
11457,485683,8192,0.120226
11521,484157,8192,0.143388
11585,485139,8192,0.135267
11649,485648,8192,0.130204
11713,485521,8192,0.137882
11777,485479,8192,0.131843
11841,485270,8192,0.131198
11905,485012,8192,0.133108
11969,484804,8192,0.130960
12033,482436,8192,0.158011
12097,482886,8192,0.148654
12161,481956,8192,0.156284
12225,482558,8192,0.151009
12289,482543,8192,0.140718
12353,482778,8192,0.142359
12417,483657,8192,0.129409
12481,484338,8192,0.126242
12545,484086,8192,0.123505
12609,483812,8192,0.118686
12673,482986,8192,0.127514
12737,482620,8192,0.133661
12801,482601,8192,0.133617
12865,482519,8192,0.132187
12929,481712,8192,0.140785
12993,481245,8192,0.143810
13057,481241,8192,0.145693
13121,481231,8192,0.140534
13185,481750,8192,0.133604
13249,481495,8192,0.135463
13313,481102,8192,0.138319
13377,482006,8192,0.122717
13441,482636,8192,0.118222
13505,482302,8192,0.119398
13569,482589,8192,0.122785
13633,483599,8192,0.111940
13697,483770,8192,0.115635
13761,483335,8192,0.113545
13825,483366,8192,0.115321
13889,483411,8192,0.112268
13953,483503,8192,0.110646
14017,483853,8192,0.107337
14081,483780,8192,0.105102
14145,483010,8192,0.113889
14209,482138,8192,0.124829
14273,482082,8192,0.133413
14337,481823,8192,0.142330
14401,482915,8192,0.131375
14465,484054,8192,0.120922
14529,483384,8192,0.133139
14593,483232,8192,0.133508
14657,483278,8192,0.134846
14721,484040,8192,0.123657
14785,484124,8192,0.120321
14849,484871,8192,0.108829
14913,484350,8192,0.113860
14977,484307,8192,0.120055
15041,484592,8192,0.115669
15105,484576,8192,0.108312
15169,485182,8192,0.105067
15233,486203,8192,0.096403
15297,486404,8192,0.094589
15361,486161,8192,0.096223
15425,485909,8192,0.100819
15489,486573,8192,0.088393
15553,485712,8192,0.098238
15617,486485,8192,0.090879
15681,486513,8192,0.092580
15745,487074,8192,0.088707
15809,487807,8192,0.087202
15873,487410,8192,0.093829
15937,487113,8192,0.092655
16001,486338,8192,0.102960
16065,485148,8192,0.110421
16129,485306,8192,0.115003
16193,485411,8192,0.107830
16257,483776,8192,0.127990
16321,484303,8192,0.123440
16385,484097,8192,0.129468
16449,484518,8192,0.123869
16513,485048,8192,0.120067
16577,485429,8192,0.112955
16641,485463,8192,0.116804
16705,484456,8192,0.128684
16769,484957,8192,0.119757
16833,484118,8192,0.130926
16897,483698,8192,0.131494
16961,484019,8192,0.127068
17025,482260,8192,0.142912
17089,481556,8192,0.153546
17153,481677,8192,0.154583
17217,482252,8192,0.143905
17281,481362,8192,0.152291
17345,481895,8192,0.142860
17409,481253,8192,0.156597
17473,481920,8192,0.143820
17537,482008,8192,0.141648
17601,482467,8192,0.133075
17665,483013,8192,0.135520
17729,483975,8192,0.121549
17793,484361,8192,0.127558
17857,485253,8192,0.115614
17921,484788,8192,0.119585
17985,483709,8192,0.135379
18049,483269,8192,0.139875
18113,483392,8192,0.142537
18177,483832,8192,0.141075
18241,483848,8192,0.138431
18305,483975,8192,0.140513
18369,483046,8192,0.150790
18433,482986,8192,0.153657
18497,482621,8192,0.155884
18561,483833,8192,0.144199
18625,484327,8192,0.137764
18689,485273,8192,0.127610
18753,484259,8192,0.146602
18817,484290,8192,0.140357
18881,482157,8192,0.157928
18945,482604,8192,0.151070
19009,482444,8192,0.150194
19073,483426,8192,0.133853
19137,483684,8192,0.120777
19201,483990,8192,0.116418
19265,485313,8192,0.104017
19329,485019,8192,0.117711
19393,485314,8192,0.109529
19457,485380,8192,0.104192
19521,485041,8192,0.105500
19585,485752,8192,0.100523
19649,485854,8192,0.097932
19713,486423,8192,0.099535
19777,486715,8192,0.100167
19841,486929,8192,0.097779
19905,486090,8192,0.115237
19969,487139,8192,0.102080
20033,486434,8192,0.102595
20097,485809,8192,0.108834
20161,485619,8192,0.110004
20225,486053,8192,0.104097
20289,486287,8192,0.103063
20353,486462,8192,0.107091
20417,485738,8192,0.115825
20481,485654,8192,0.122666
20545,486089,8192,0.114644
20609,486204,8192,0.117692
20673,486565,8192,0.114872
20737,485346,8192,0.125116
20801,485484,8192,0.119242
20865,485522,8192,0.119165
20929,485322,8192,0.114148
20993,485912,8192,0.106920
21057,485318,8192,0.109690
21121,485148,8192,0.110228
21185,485318,8192,0.111022
21249,486532,8192,0.096718
21313,486532,8192,0.099603
21377,486623,8192,0.103001
21441,486630,8192,0.101487
21505,486681,8192,0.102054
21569,486078,8192,0.114466
21633,485994,8192,0.120572
21697,485482,8192,0.117683
21761,485183,8192,0.123310
21825,485700,8192,0.115628
21889,484673,8192,0.127437
21953,484342,8192,0.131762
22017,484661,8192,0.124275
22081,484695,8192,0.127126
22145,484837,8192,0.124505
22209,485524,8192,0.118954
22273,484819,8192,0.121806
22337,484658,8192,0.122336
22401,484997,8192,0.118834
22465,485681,8192,0.109310
22529,486779,8192,0.092676
22593,487172,8192,0.092537
22657,487244,8192,0.090497
22721,487199,8192,0.094385
22785,487014,8192,0.099869
22849,487074,8192,0.098125
22913,486900,8192,0.103109
22977,487252,8192,0.100771
23041,487024,8192,0.100408
23105,487605,8192,0.092763
23169,487830,8192,0.089773
23233,488309,8192,0.089817
23297,488347,8192,0.090519
23361,488162,8192,0.087948
23425,487626,8192,0.092521
23489,487299,8192,0.095699
23553,487347,8192,0.094682
23617,487132,8192,0.102160
23681,487694,8192,0.102282
23745,487859,8192,0.103995
23809,487933,8192,0.103502
23873,487862,8192,0.104605
23937,487652,8192,0.104275
24001,487301,8192,0.107402
24065,487383,8192,0.106606
24129,487268,8192,0.107610
24193,487690,8192,0.104157
24257,487484,8192,0.106162
24321,487349,8192,0.102881
24385,486449,8192,0.107272
24449,486433,8192,0.104188
24513,486022,8192,0.101018
24577,485962,8192,0.102319
24641,485836,8192,0.097337
24705,485651,8192,0.099662
24769,485750,8192,0.099068
24833,485068,8192,0.112663
24897,485107,8192,0.107695
24961,485160,8192,0.103820
25025,484973,8192,0.112434
25089,485244,8192,0.105119
25153,485337,8192,0.111578
25217,486375,8192,0.102894
25281,486381,8192,0.106354
25345,486814,8192,0.103621
25409,486655,8192,0.099020
25473,485331,8192,0.114721
25537,485223,8192,0.112757
25601,484858,8192,0.112195
25665,484932,8192,0.113280
25729,485617,8192,0.112559
25793,485188,8192,0.118708
25857,485362,8192,0.116991
25921,485464,8192,0.110492
25985,485309,8192,0.109293
26049,486001,8192,0.106047
26113,486271,8192,0.110690
26177,486807,8192,0.108556
26241,487599,8192,0.094961
26305,487364,8192,0.101465
26369,487128,8192,0.109699
26433,487028,8192,0.111397
26497,487372,8192,0.111253
26561,486935,8192,0.119024
26625,486950,8192,0.117294
26689,487213,8192,0.113095
26753,487008,8192,0.113317
26817,487536,8192,0.105500
26881,486852,8192,0.112732
26945,486841,8192,0.109884
27009,487225,8192,0.106372
27073,486107,8192,0.120755
27137,485669,8192,0.125143
27201,485401,8192,0.120494
27265,484833,8192,0.130306
27329,485059,8192,0.132552
27393,485068,8192,0.134583
27457,485472,8192,0.133210
27521,485319,8192,0.134334
27585,485390,8192,0.134443
27649,485540,8192,0.135835
27713,485717,8192,0.133909
27777,485874,8192,0.130610
27841,484941,8192,0.138557
27905,484625,8192,0.141183
27969,485108,8192,0.135465
28033,483667,8192,0.149341
28097,483816,8192,0.143700
28161,483830,8192,0.153190
28225,483776,8192,0.157224
28289,484006,8192,0.152430
28353,483367,8192,0.157161
28417,483346,8192,0.158467
28481,483498,8192,0.163298
28545,484314,8192,0.152748
28609,484277,8192,0.145279
28673,483740,8192,0.146614
28737,484382,8192,0.136204
28801,484676,8192,0.135668
28865,484969,8192,0.131667
28929,484991,8192,0.132698
28993,484824,8192,0.141574
29057,484013,8192,0.147379
29121,484271,8192,0.147500
29185,483679,8192,0.144698
29249,482830,8192,0.159059
29313,482666,8192,0.165797
29377,482519,8192,0.165782
29441,482347,8192,0.167968
29505,481400,8192,0.181925
29569,481629,8192,0.186688
29633,482623,8192,0.180028
29697,482829,8192,0.178614
29761,483026,8192,0.176556
29825,484103,8192,0.163653
29889,483356,8192,0.176257
29953,484240,8192,0.167725
30017,484029,8192,0.167924
30081,483214,8192,0.177078
30145,483550,8192,0.172922
30209,483392,8192,0.173150
30273,484564,8192,0.151059
30337,484372,8192,0.141368
30401,483540,8192,0.152373
30465,483465,8192,0.145172
30529,483610,8192,0.150164
30593,482650,8192,0.153032
30657,482686,8192,0.151322
30721,482990,8192,0.143765
30785,482853,8192,0.138255
30849,482293,8192,0.143101
30913,483166,8192,0.134418
30977,483712,8192,0.128734
31041,484105,8192,0.127252
31105,484790,8192,0.117595
31169,484975,8192,0.122218
31233,484475,8192,0.126647
31297,483759,8192,0.140075
31361,483497,8192,0.136186
31425,483957,8192,0.137495
31489,483807,8192,0.139482
31553,482913,8192,0.149964
31617,483299,8192,0.143305
31681,483700,8192,0.136204
31745,483769,8192,0.131414
31809,482978,8192,0.136562
31873,483567,8192,0.131542
31937,483514,8192,0.138476
32001,483439,8192,0.135427
32065,483290,8192,0.123823
32129,482959,8192,0.131221
32193,482864,8192,0.128435
32257,482642,8192,0.129291
32321,481755,8192,0.139661
32385,481691,8192,0.139176
32449,482280,8192,0.133086
32513,482591,8192,0.133516
32577,482374,8192,0.133489
32641,481777,8192,0.139083
32705,481823,8192,0.133097
32769,482175,8192,0.126094
32833,482599,8192,0.126604
32897,483169,8192,0.119237
32961,482729,8192,0.122041
33025,483147,8192,0.119092
33089,482962,8192,0.127615
33153,483612,8192,0.120314
33217,484395,8192,0.113726
33281,485060,8192,0.110357
33345,484245,8192,0.116504
33409,484112,8192,0.121677
33473,483827,8192,0.127985
33537,484444,8192,0.117906
33601,483425,8192,0.126824
33665,482349,8192,0.143081
33729,482568,8192,0.139065
33793,483279,8192,0.125358
33857,482410,8192,0.132288
33921,483093,8192,0.123458
33985,481805,8192,0.141637
34049,481908,8192,0.137869
34113,482247,8192,0.141315
34177,482084,8192,0.143425
34241,482511,8192,0.138598
34305,482305,8192,0.138617
34369,482886,8192,0.130632
34433,483586,8192,0.117463
34497,483702,8192,0.124168
34561,482896,8192,0.135072
34625,482808,8192,0.138910
34689,482857,8192,0.135266
34753,482328,8192,0.142620
34817,483022,8192,0.136501
34881,483485,8192,0.134152
34945,483563,8192,0.126396
35009,484068,8192,0.117115
35073,483277,8192,0.116574
35137,482242,8192,0.129709
35201,482419,8192,0.124770
35265,482528,8192,0.126541
35329,482699,8192,0.123824
35393,482992,8192,0.121403
35457,483875,8192,0.107024
35521,484404,8192,0.104723
35585,484406,8192,0.107392
35649,484116,8192,0.114754
35713,484443,8192,0.111076
35777,484326,8192,0.111188
35841,484113,8192,0.116249
35905,483998,8192,0.118817
35969,484395,8192,0.117857
36033,484733,8192,0.106531
36097,483508,8192,0.127198
36161,483596,8192,0.127904
36225,482825,8192,0.136965
36289,482833,8192,0.134974
36353,483316,8192,0.135603
36417,484629,8192,0.123742
36481,485157,8192,0.116840
36545,486173,8192,0.109587
36609,485513,8192,0.116241
36673,484981,8192,0.119172
36737,484640,8192,0.118850
36801,483970,8192,0.129451
36865,483909,8192,0.126023
36929,484455,8192,0.123359
36993,485037,8192,0.114292
37057,485119,8192,0.119819
37121,485019,8192,0.120868
37185,485622,8192,0.111983
37249,485398,8192,0.115601
37313,484798,8192,0.121365
37377,484055,8192,0.130145
37441,484123,8192,0.132494
37505,483721,8192,0.141144
37569,483536,8192,0.135755
37633,482620,8192,0.149346
37697,481107,8192,0.166172
37761,480089,8192,0.180567
37825,479606,8192,0.187410
37889,479964,8192,0.181408
37953,478620,8192,0.197181
38017,479484,8192,0.187528
38081,479398,8192,0.187407
38145,479326,8192,0.187445
38209,479543,8192,0.181194
38273,479517,8192,0.180328
38337,480477,8192,0.162252
38401,480569,8192,0.160263
38465,480490,8192,0.162583
38529,480987,8192,0.150344
38593,479947,8192,0.152288
38657,479533,8192,0.159572
38721,479648,8192,0.156748
38785,478962,8192,0.165294
38849,478913,8192,0.157652
38913,479422,8192,0.148818
38977,479929,8192,0.146007
39041,479813,8192,0.146770
39105,479119,8192,0.157893
39169,479927,8192,0.147871
39233,479668,8192,0.147397
39297,478974,8192,0.157093
39361,479895,8192,0.150200
39425,479631,8192,0.153199
39489,479807,8192,0.152923
39553,479408,8192,0.156486
39617,480952,8192,0.134089
39681,481784,8192,0.124754
39745,481804,8192,0.128582
39809,481405,8192,0.135317
39873,481044,8192,0.134634
39937,480816,8192,0.138720
40001,479603,8192,0.154591
40065,480356,8192,0.144845
40129,480983,8192,0.144814
40193,481041,8192,0.144747
40257,481148,8192,0.145886
40321,480748,8192,0.156615
40385,481412,8192,0.148781
40449,481612,8192,0.149275
40513,482592,8192,0.133833
40577,481729,8192,0.140433
40641,481812,8192,0.137062
40705,481817,8192,0.132365
40769,482311,8192,0.123855
40833,481965,8192,0.136137
40897,482933,8192,0.135950
40961,483433,8192,0.128667
41025,482888,8192,0.135793
41089,482269,8192,0.144098
41153,482183,8192,0.145906
41217,482196,8192,0.147329
41281,482572,8192,0.145757
41345,482945,8192,0.145848
41409,482197,8192,0.153648
41473,482186,8192,0.151668
41537,482306,8192,0.152210
41601,482784,8192,0.149618
41665,483357,8192,0.141774
41729,482969,8192,0.143586
41793,482520,8192,0.146874
41857,483325,8192,0.134424
41921,483804,8192,0.126392
41985,483820,8192,0.127285
42049,484583,8192,0.126254
42113,485115,8192,0.118726
42177,485607,8192,0.112112
42241,485990,8192,0.111637
42305,486923,8192,0.104551
42369,487030,8192,0.100158
42433,486751,8192,0.105812
42497,487462,8192,0.093886
42561,486731,8192,0.104966
42625,486282,8192,0.112528
42689,486197,8192,0.111935
42753,486662,8192,0.100752
42817,487483,8192,0.101469
42881,487289,8192,0.102502
42945,487372,8192,0.101846
43009,487240,8192,0.100504
43073,487383,8192,0.105738
43137,487166,8192,0.109098
43201,487092,8192,0.107592
43265,486962,8192,0.112448
43329,487084,8192,0.109017
43393,487267,8192,0.113037
43457,487531,8192,0.116926
43521,486788,8192,0.123528
43585,487046,8192,0.122558
43649,487591,8192,0.114618
43713,486809,8192,0.120825
43777,487259,8192,0.114248
43841,487176,8192,0.112922
43905,486787,8192,0.117620
43969,485978,8192,0.121102
44033,486063,8192,0.117865
44097,486562,8192,0.105808
44161,486016,8192,0.109763
44225,486150,8192,0.109033
44289,485632,8192,0.114827
44353,485792,8192,0.108044
44417,484806,8192,0.114753
44481,484429,8192,0.121740
44545,484008,8192,0.126877
44609,484658,8192,0.119191
44673,484641,8192,0.116950
44737,483464,8192,0.131533
44801,484516,8192,0.128508
44865,485030,8192,0.126549
44929,485224,8192,0.123246
44993,485490,8192,0.117418
45057,485213,8192,0.115954
45121,485474,8192,0.109709
45185,484266,8192,0.123603
45249,484907,8192,0.114766
45313,484270,8192,0.129192
45377,483897,8192,0.131403
45441,483260,8192,0.139159
45505,483435,8192,0.144437
45569,483193,8192,0.138705
45633,483848,8192,0.129639
45697,483441,8192,0.140808
45761,483893,8192,0.132881
45825,483326,8192,0.142547
45889,483922,8192,0.138917
45953,483257,8192,0.150800
46017,484090,8192,0.144849
46081,484157,8192,0.143972
46145,483750,8192,0.154029
46209,483470,8192,0.155875
46273,482523,8192,0.166638
46337,483431,8192,0.153836
46401,483194,8192,0.156218
46465,481910,8192,0.162732
46529,482171,8192,0.160198
46593,482283,8192,0.150994
46657,481711,8192,0.157267
46721,482252,8192,0.157017
46785,482126,8192,0.156337
46849,482841,8192,0.150295
46913,482881,8192,0.157781
46977,483689,8192,0.151563
47041,482561,8192,0.169208
47105,482520,8192,0.174191
47169,483029,8192,0.171748
47233,483824,8192,0.164664
47297,483715,8192,0.165660
47361,483351,8192,0.172027
47425,483991,8192,0.157903
47489,483806,8192,0.160366
47553,482264,8192,0.175819
47617,482321,8192,0.172163
47681,482269,8192,0.172916
47745,481465,8192,0.177285
47809,482187,8192,0.162353
47873,481788,8192,0.167946
47937,482069,8192,0.172047
48001,483626,8192,0.155128
48065,484159,8192,0.150585
48129,484442,8192,0.145528
48193,483871,8192,0.144087
48257,483690,8192,0.140670
48321,483954,8192,0.137734
48385,484695,8192,0.136017
48449,484886,8192,0.127237
48513,484868,8192,0.124408
48577,484636,8192,0.130741
48641,484284,8192,0.132313
48705,484245,8192,0.135665
48769,484618,8192,0.132889
48833,485111,8192,0.126865
48897,484769,8192,0.132141
48961,485139,8192,0.129894
49025,486398,8192,0.116127
49089,485855,8192,0.127112
49153,485984,8192,0.121494
49217,486140,8192,0.123481
49281,485015,8192,0.132489
49345,485186,8192,0.131209
49409,484820,8192,0.136682
49473,484888,8192,0.130675
49537,484020,8192,0.140626
49601,484094,8192,0.141954
49665,484074,8192,0.134404
49729,484426,8192,0.127790
49793,484076,8192,0.134708
49857,483972,8192,0.135564
49921,483634,8192,0.138842
49985,483276,8192,0.147049
50049,482689,8192,0.155692
50113,483581,8192,0.147104
50177,484065,8192,0.139396
50241,484893,8192,0.132247
50305,483731,8192,0.148994
50369,483488,8192,0.150145
50433,483657,8192,0.150393
50497,484253,8192,0.146467
50561,485007,8192,0.147409
50625,484175,8192,0.157971
50689,484036,8192,0.153352
50753,484561,8192,0.141866
50817,484681,8192,0.143248
50881,485011,8192,0.136562
50945,483772,8192,0.153535
51009,483534,8192,0.152480
51073,481731,8192,0.175985
51137,482053,8192,0.173179
51201,482130,8192,0.170371
51265,482689,8192,0.161277
51329,482378,8192,0.166911
51393,482303,8192,0.167305
51457,482916,8192,0.162651
51521,483367,8192,0.156620
51585,481998,8192,0.170315
51649,481498,8192,0.171784
51713,481597,8192,0.169605
51777,481459,8192,0.168111
51841,481509,8192,0.163167
51905,480977,8192,0.166023
51969,481362,8192,0.154517
52033,481205,8192,0.145867
52097,481498,8192,0.139088
52161,481748,8192,0.137712
52225,481760,8192,0.139463
52289,481792,8192,0.132475
52353,481885,8192,0.132733
52417,481995,8192,0.128751
52481,481419,8192,0.137284
52545,481089,8192,0.139746
52609,481552,8192,0.135425
52673,482838,8192,0.118263
52737,481773,8192,0.129189
52801,481898,8192,0.129137
52865,483002,8192,0.109816
52929,483225,8192,0.106530
52993,482478,8192,0.108343
53057,483221,8192,0.094712
53121,482862,8192,0.097309
53185,482489,8192,0.096386
53249,482265,8192,0.103194
53313,483149,8192,0.100388
53377,481789,8192,0.124768
53441,481477,8192,0.123165
53505,481549,8192,0.124628
53569,481062,8192,0.126190
53633,481252,8192,0.125023
53697,481610,8192,0.125299
53761,481847,8192,0.122086
53825,482202,8192,0.120039
53889,482944,8192,0.118154
53953,483140,8192,0.111179
54017,483100,8192,0.118802
54081,483454,8192,0.113905
54145,483368,8192,0.116926
54209,483250,8192,0.124456
54273,483876,8192,0.109360
54337,483365,8192,0.119697
54401,483623,8192,0.112371
54465,483489,8192,0.116913
54529,483366,8192,0.116322
54593,483318,8192,0.116743
54657,484084,8192,0.115022
54721,485023,8192,0.102809
54785,483635,8192,0.123964
54849,482624,8192,0.140905
54913,481220,8192,0.156849
54977,480392,8192,0.173740
55041,479686,8192,0.174286
55105,478844,8192,0.183303
55169,477821,8192,0.183982
55233,478741,8192,0.169322
55297,479238,8192,0.158601
55361,479893,8192,0.137765
55425,480184,8192,0.134984
55489,480813,8192,0.125415
55553,481848,8192,0.122435
55617,481483,8192,0.116602
55681,482142,8192,0.109707
55745,481377,8192,0.116536
55809,480943,8192,0.115299
55873,481019,8192,0.124803
55937,480728,8192,0.126771
56001,481293,8192,0.120351
56065,481575,8192,0.118763
56129,481185,8192,0.129547
56193,482338,8192,0.118497
56257,482825,8192,0.117506
56321,482141,8192,0.127269
56385,482087,8192,0.127318
56449,482237,8192,0.131015
56513,481971,8192,0.138096
56577,481754,8192,0.140548
56641,481883,8192,0.144296
56705,483232,8192,0.139302
56769,483209,8192,0.139553
56833,483656,8192,0.141585
56897,482859,8192,0.146825
56961,483684,8192,0.134495
57025,483392,8192,0.136609
57089,483099,8192,0.136372
57153,483927,8192,0.128541
57217,484797,8192,0.119051
57281,484841,8192,0.113190
57345,483803,8192,0.122076
57409,484973,8192,0.114224
57473,484476,8192,0.116310
57537,485142,8192,0.117759
57601,485310,8192,0.117646
57665,485985,8192,0.115359
57729,486172,8192,0.110197
57793,486375,8192,0.110223
57857,486233,8192,0.111904
57921,486254,8192,0.114137
57985,486464,8192,0.118794
58049,485809,8192,0.125847
58113,486003,8192,0.124062
58177,485855,8192,0.122768
58241,485889,8192,0.131455
58305,485278,8192,0.138839
58369,485500,8192,0.134309
58433,485527,8192,0.135959
58497,486092,8192,0.130579
58561,485284,8192,0.136646
58625,485796,8192,0.132989
58689,485774,8192,0.136149
58753,486242,8192,0.130029
58817,485673,8192,0.138568
58881,486034,8192,0.138092
58945,483898,8192,0.162034
59009,484399,8192,0.159521
59073,484676,8192,0.156998
59137,484684,8192,0.159496
59201,484493,8192,0.164875
59265,484969,8192,0.158966
59329,484208,8192,0.168404
59393,484774,8192,0.162298
59457,483785,8192,0.168762
59521,484430,8192,0.157235
59585,485027,8192,0.149992
59649,484936,8192,0.153752
59713,485007,8192,0.148175
59777,485280,8192,0.145967
59841,485993,8192,0.133549
59905,485181,8192,0.147651
59969,485631,8192,0.144093
60033,485890,8192,0.140565
60097,485366,8192,0.143739
60161,484989,8192,0.142002
60225,485234,8192,0.137322
60289,485477,8192,0.130397
60353,485597,8192,0.133245
60417,486205,8192,0.128660
60481,486687,8192,0.122232
60545,487485,8192,0.118988
60609,486452,8192,0.134846
60673,486552,8192,0.131234
60737,486129,8192,0.129198
60801,484611,8192,0.141335
60865,484221,8192,0.139428
60929,483708,8192,0.142484
60993,484854,8192,0.129796
61057,485077,8192,0.125529
61121,485620,8192,0.118417
61185,485370,8192,0.115656
61249,485866,8192,0.115362
61313,485955,8192,0.112711
61377,487273,8192,0.094330
61441,488218,8192,0.089505
61505,488198,8192,0.096192
61569,487714,8192,0.100722
61633,486607,8192,0.117968
61697,484787,8192,0.130484
61761,484443,8192,0.133183
61825,485020,8192,0.126458
61889,483778,8192,0.141236
61953,484259,8192,0.137716
62017,483829,8192,0.138307
62081,483950,8192,0.140461
62145,484658,8192,0.132739
62209,485082,8192,0.128831
62273,484459,8192,0.134570
62337,484207,8192,0.136758
62401,483587,8192,0.144283
62465,484402,8192,0.137740
62529,484132,8192,0.135528
62593,484003,8192,0.134612
62657,484057,8192,0.133202
62721,484594,8192,0.119134
62785,483983,8192,0.125177
62849,483822,8192,0.126588
62913,484393,8192,0.119156
62977,484529,8192,0.113092
63041,484387,8192,0.115230
63105,484921,8192,0.107158
63169,484819,8192,0.106073
63233,485208,8192,0.106056
63297,484301,8192,0.117493
63361,484403,8192,0.116733
63425,485198,8192,0.109371
63489,485157,8192,0.106472
63553,484713,8192,0.109536
63617,484000,8192,0.124433
63681,484591,8192,0.116428
63745,484663,8192,0.111774
63809,484155,8192,0.119079
63873,484539,8192,0.116865
63937,483674,8192,0.126891
64001,483197,8192,0.122828
64065,483269,8192,0.118911
64129,482800,8192,0.122905
64193,482769,8192,0.125333
64257,482286,8192,0.128622
64321,481369,8192,0.145265
64385,480487,8192,0.154125
64449,481346,8192,0.140124
64513,481436,8192,0.137388
64577,481304,8192,0.144552
64641,481523,8192,0.143773
64705,481433,8192,0.147397
64769,481157,8192,0.148633
64833,480901,8192,0.143701
64897,480819,8192,0.144786
64961,480883,8192,0.140297
65025,479420,8192,0.158371
65089,480768,8192,0.142850
65153,480703,8192,0.140800
65217,481122,8192,0.130430
65281,481176,8192,0.128421
65345,481469,8192,0.120240
65409,480900,8192,0.123820
65473,481263,8192,0.117726
65537,481519,8192,0.114160
65601,482273,8192,0.104244
65665,482451,8192,0.100872
65729,482263,8192,0.105366
65793,483033,8192,0.101915
65857,483285,8192,0.104497
65921,484352,8192,0.096242
65985,483830,8192,0.109373
66049,484228,8192,0.102294
66113,485059,8192,0.093113
66177,484587,8192,0.100244
66241,485119,8192,0.096315
66305,484611,8192,0.100463
66369,484359,8192,0.102852
66433,483344,8192,0.120231
66497,483823,8192,0.116331
66561,484402,8192,0.111170
66625,484063,8192,0.110688
66689,484237,8192,0.112174
66753,484748,8192,0.108821
66817,483780,8192,0.121236
66881,483854,8192,0.120710
66945,483329,8192,0.123083
67009,483317,8192,0.130254
67073,484057,8192,0.121395
67137,484012,8192,0.118893
67201,484253,8192,0.114257
67265,483844,8192,0.114736
67329,483001,8192,0.128817
67393,483208,8192,0.130603
67457,483257,8192,0.131849
67521,484164,8192,0.122479
67585,484778,8192,0.121498
67649,485726,8192,0.115699
67713,486326,8192,0.108610
67777,486883,8192,0.106881
67841,486858,8192,0.110954
67905,487468,8192,0.101379
67969,486751,8192,0.119790
68033,485599,8192,0.139123
68097,485047,8192,0.141209
68161,483296,8192,0.156843
68225,482948,8192,0.160659
68289,482901,8192,0.158825
68353,482864,8192,0.159763
68417,484137,8192,0.141698
68481,483488,8192,0.141524
68545,483026,8192,0.141113
68609,482516,8192,0.143515
68673,481330,8192,0.151656
68737,481938,8192,0.145395
68801,482497,8192,0.142984
68865,482764,8192,0.139180
68929,481983,8192,0.144371
68993,483310,8192,0.127789
69057,482914,8192,0.121639
69121,482764,8192,0.116785
69185,482628,8192,0.116242
69249,481555,8192,0.123670
69313,482485,8192,0.107160
69377,483178,8192,0.099510
69441,483072,8192,0.098439
69505,482881,8192,0.102163
69569,482845,8192,0.097318
69633,481909,8192,0.109318
69697,482967,8192,0.102019
69761,483041,8192,0.092591
69825,483835,8192,0.080824
69889,483399,8192,0.081754
69953,483116,8192,0.083700
70017,483275,8192,0.080783
70081,482700,8192,0.087576
70145,483310,8192,0.082352
70209,483326,8192,0.077169
70273,483412,8192,0.077164
70337,483374,8192,0.075548
70401,484175,8192,0.067932
70465,483755,8192,0.074348
70529,484264,8192,0.066563
70593,484131,8192,0.070013
70657,483413,8192,0.080327
70721,483736,8192,0.075739
70785,483879,8192,0.078711
70849,484697,8192,0.066944
70913,484688,8192,0.068458
70977,483998,8192,0.068739
71041,484295,8192,0.069190
71105,484330,8192,0.076924
71169,484296,8192,0.085834
71233,484067,8192,0.091514
71297,483579,8192,0.104926
71361,483726,8192,0.102107
71425,484479,8192,0.097028
71489,484231,8192,0.099314
71553,484094,8192,0.106116
71617,484339,8192,0.107987
71681,484505,8192,0.113195
71745,484592,8192,0.111603
71809,484995,8192,0.111489
71873,484058,8192,0.122789
71937,484038,8192,0.131595
72001,484287,8192,0.130726
72065,484544,8192,0.132562
72129,484591,8192,0.134557
72193,484347,8192,0.139106
72257,483948,8192,0.144584
72321,483323,8192,0.150031
72385,484580,8192,0.144227
72449,485006,8192,0.140065
72513,484519,8192,0.139015
72577,485166,8192,0.135619
72641,485367,8192,0.136252
72705,484640,8192,0.143982
72769,485031,8192,0.141738
72833,485279,8192,0.136132
72897,485428,8192,0.123255
72961,484591,8192,0.129367
73025,484148,8192,0.140023
73089,484020,8192,0.137303
73153,483597,8192,0.142750
73217,482841,8192,0.151516
73281,483462,8192,0.143740
73345,482129,8192,0.151885
73409,482388,8192,0.146918
73473,482495,8192,0.145109
73537,482538,8192,0.143904
73601,482001,8192,0.146177
73665,482122,8192,0.144809
73729,482149,8192,0.147824
73793,481353,8192,0.155097
73857,480927,8192,0.155443
73921,480504,8192,0.161614
73985,480906,8192,0.158301
74049,480937,8192,0.153973
74113,481122,8192,0.158841
74177,481890,8192,0.154667
74241,482585,8192,0.152164
74305,481752,8192,0.162936
74369,480607,8192,0.166805
74433,480552,8192,0.170247
74497,480039,8192,0.177770
74561,479912,8192,0.182986
74625,479536,8192,0.187852
74689,479920,8192,0.177997
74753,480163,8192,0.173233
74817,480519,8192,0.171482
74881,481027,8192,0.167295
74945,482415,8192,0.151767
75009,484265,8192,0.128040
75073,484619,8192,0.132070
75137,485836,8192,0.124262
75201,485526,8192,0.129213
75265,485063,8192,0.134340
75329,485223,8192,0.132364
75393,484788,8192,0.141204
75457,484833,8192,0.143629
75521,485665,8192,0.139833
75585,484910,8192,0.149553
75649,484457,8192,0.146381
75713,484565,8192,0.142073
75777,484015,8192,0.140132
75841,483751,8192,0.140985
75905,484458,8192,0.135854
75969,484167,8192,0.136175
76033,484114,8192,0.131814
76097,483844,8192,0.132496
76161,484262,8192,0.133761
76225,485202,8192,0.119687
76289,485383,8192,0.117016
76353,485528,8192,0.113344
76417,485164,8192,0.116526
76481,486017,8192,0.110975
76545,486081,8192,0.114896
76609,485840,8192,0.111617
76673,486081,8192,0.107085
76737,485370,8192,0.115204
76801,485061,8192,0.116708
76865,485035,8192,0.115096
76929,484434,8192,0.118544
76993,484388,8192,0.119663
77057,484587,8192,0.113649
77121,484658,8192,0.122879
77185,484066,8192,0.139611
77249,484143,8192,0.136920
77313,484613,8192,0.126548
77377,483212,8192,0.140802
77441,484501,8192,0.126793
77505,484072,8192,0.131771
77569,484300,8192,0.128191
77633,484904,8192,0.122789
77697,485343,8192,0.119261
77761,484643,8192,0.126423
77825,484463,8192,0.124655
77889,485382,8192,0.116725
77953,485039,8192,0.122106
78017,485501,8192,0.121909
78081,485817,8192,0.121101
78145,485256,8192,0.125593
78209,484623,8192,0.126398
78273,484705,8192,0.132425
78337,484095,8192,0.133060
78401,484489,8192,0.124528
78465,484704,8192,0.120481
78529,484756,8192,0.123594
78593,484190,8192,0.132399
78657,484460,8192,0.124943
78721,484550,8192,0.119468
78785,484591,8192,0.122603
78849,483981,8192,0.134682
78913,483679,8192,0.129505
78977,483295,8192,0.138914
79041,483093,8192,0.142013
79105,482978,8192,0.140385
79169,483492,8192,0.137146
79233,483429,8192,0.134892
79297,483137,8192,0.135495
79361,484073,8192,0.122368
79425,484645,8192,0.116403
79489,485044,8192,0.110083
79553,485171,8192,0.108004
79617,485155,8192,0.110158
79681,485396,8192,0.110221
79745,485779,8192,0.098611
79809,486057,8192,0.095668
79873,485556,8192,0.099912
79937,485805,8192,0.099185
80001,486858,8192,0.087636
80065,486266,8192,0.093715
80129,486123,8192,0.090284
80193,486144,8192,0.088145
80257,486291,8192,0.080223
80321,485763,8192,0.087049
80385,485711,8192,0.087800
80449,485628,8192,0.093536
80513,484648,8192,0.102382
80577,484764,8192,0.102680
80641,485082,8192,0.101010
80705,485321,8192,0.093861
80769,486557,8192,0.089685
80833,486695,8192,0.088487
80897,486358,8192,0.083936
80961,485785,8192,0.092006
81025,485580,8192,0.089386
81089,486259,8192,0.075955
81153,486069,8192,0.083724
81217,485621,8192,0.090012
81281,486119,8192,0.088761
81345,486208,8192,0.089505
81409,485723,8192,0.100835
81473,486113,8192,0.093011
81537,485940,8192,0.090756
81601,486322,8192,0.086078
81665,486572,8192,0.081568
81729,486556,8192,0.075956
81793,485684,8192,0.084793
81857,485458,8192,0.088115
81921,485358,8192,0.083056
81985,484672,8192,0.094704
82049,484282,8192,0.099417
82113,483852,8192,0.096417
82177,483434,8192,0.106242
82241,483484,8192,0.108464
82305,482806,8192,0.110623
82369,481491,8192,0.122617
82433,481062,8192,0.133186
82497,481846,8192,0.127795
82561,480711,8192,0.142808
82625,481580,8192,0.138052
82689,481845,8192,0.137719
82753,482420,8192,0.137943
82817,482418,8192,0.125426
82881,482030,8192,0.127419
82945,481014,8192,0.145527
83009,480893,8192,0.146059
83073,480562,8192,0.155437
83137,481387,8192,0.142395
83201,481083,8192,0.139297
83265,481135,8192,0.134588
83329,480656,8192,0.137194
83393,480969,8192,0.135164
83457,481182,8192,0.136511
83521,481384,8192,0.128261
83585,481500,8192,0.121429
83649,481537,8192,0.125807
83713,480968,8192,0.133658
83777,481332,8192,0.128053
83841,480741,8192,0.130069
83905,481181,8192,0.130945
83969,481303,8192,0.126852
84033,481543,8192,0.125225
84097,482139,8192,0.130082
84161,482208,8192,0.136173
84225,482222,8192,0.139084
84289,482618,8192,0.139035
84353,482005,8192,0.149008
84417,481934,8192,0.148196
84481,482823,8192,0.143105
84545,481906,8192,0.154088
84609,481991,8192,0.154276
84673,481939,8192,0.152625
84737,482100,8192,0.151626
84801,482229,8192,0.144982
84865,482384,8192,0.138226
84929,483171,8192,0.127133
84993,483207,8192,0.129836
85057,482466,8192,0.132571
85121,482407,8192,0.128576
85185,483621,8192,0.116250
85249,483462,8192,0.119909
85313,482893,8192,0.121817
85377,482867,8192,0.121330
85441,482586,8192,0.129535
85505,482731,8192,0.126039
85569,482420,8192,0.125822
85633,481709,8192,0.127713
85697,481408,8192,0.129953
85761,479933,8192,0.132664
85825,478981,8192,0.137953
85889,478309,8192,0.141342
85953,479517,8192,0.129723
86017,480706,8192,0.122149
86081,481102,8192,0.117778
86145,481792,8192,0.109868
86209,480902,8192,0.112172
86273,481774,8192,0.099688
86337,482351,8192,0.093436
86401,482683,8192,0.096129
86465,482912,8192,0.101268
86529,482962,8192,0.097880
86593,482332,8192,0.103656
86657,481378,8192,0.115012
86721,481366,8192,0.121074
86785,480838,8192,0.125383
86849,481010,8192,0.123609
86913,481402,8192,0.125541
86977,481752,8192,0.118671
87041,481888,8192,0.120577
87105,482253,8192,0.117429
87169,482715,8192,0.117563
87233,483006,8192,0.117028
87297,483314,8192,0.119894
87361,483028,8192,0.125276
87425,484411,8192,0.110618
87489,484365,8192,0.107688
87553,483624,8192,0.110870
87617,483342,8192,0.114021
87681,483095,8192,0.113103
87745,482947,8192,0.110485
87809,482987,8192,0.113225
87873,482628,8192,0.121583
87937,482449,8192,0.122811
88001,482860,8192,0.124926
88065,482948,8192,0.124881
88129,483782,8192,0.121927
88193,483571,8192,0.123360
88257,483099,8192,0.128095
88321,483396,8192,0.113818
88385,484733,8192,0.102398
88449,485209,8192,0.098145
88513,484929,8192,0.098540
88577,486002,8192,0.085736
88641,485156,8192,0.095441
88705,485591,8192,0.093161
88769,485376,8192,0.090050
88833,484594,8192,0.097563
88897,484969,8192,0.090948
88961,485653,8192,0.076150
89025,485089,8192,0.087615
89089,484823,8192,0.085188
89153,484583,8192,0.087114
89217,484717,8192,0.080504
89281,484423,8192,0.084294
89345,484146,8192,0.085625
89409,484079,8192,0.086573
89473,484077,8192,0.087645
89537,482891,8192,0.103513
89601,482453,8192,0.106819
89665,482440,8192,0.095454
89729,482490,8192,0.090467
89793,482446,8192,0.089295
89857,482354,8192,0.092155
89921,481797,8192,0.099958
89985,481024,8192,0.101755
90049,480554,8192,0.109783
90113,480552,8192,0.110598
90177,480066,8192,0.117397
90241,479556,8192,0.125497
90305,479270,8192,0.130616
90369,480296,8192,0.125939
90433,480777,8192,0.123122
90497,481356,8192,0.117798
90561,481535,8192,0.117372
90625,481502,8192,0.122111
90689,481662,8192,0.123711
90753,481363,8192,0.121642
90817,481530,8192,0.118733
90881,481889,8192,0.123118
90945,482166,8192,0.119365
91009,481396,8192,0.119587
91073,481027,8192,0.127587
91137,480583,8192,0.132892
91201,479731,8192,0.146555
91265,480482,8192,0.139756
91329,480859,8192,0.139543
91393,480284,8192,0.150869
91457,481343,8192,0.132641
91521,481611,8192,0.130370
91585,481788,8192,0.129141
91649,481117,8192,0.144236
91713,481715,8192,0.134339
91777,481725,8192,0.135321
91841,481692,8192,0.134434
91905,481861,8192,0.139013
91969,482014,8192,0.132912
92033,482796,8192,0.131165
92097,483033,8192,0.129254
92161,483105,8192,0.128760
92225,483626,8192,0.118432
92289,483783,8192,0.124065
92353,484753,8192,0.112218
92417,484511,8192,0.116025
92481,485586,8192,0.105280
92545,485744,8192,0.111875
92609,484601,8192,0.127618
92673,484961,8192,0.122592
92737,484300,8192,0.125994
92801,483564,8192,0.130152
92865,483280,8192,0.136520
92929,482867,8192,0.143434
92993,482333,8192,0.145435
93057,482963,8192,0.139703
93121,483373,8192,0.139027
93185,483314,8192,0.140498
93249,483620,8192,0.128961
93313,484241,8192,0.121880
93377,484893,8192,0.115505
93441,484711,8192,0.117943
93505,483911,8192,0.129042
93569,484554,8192,0.127046
93633,485151,8192,0.126424
93697,485804,8192,0.119843
93761,486262,8192,0.114242
93825,486643,8192,0.114364
93889,486470,8192,0.119833
93953,486553,8192,0.119242
94017,485259,8192,0.138534
94081,484404,8192,0.151058
94145,484556,8192,0.152306
94209,484460,8192,0.160592
94273,485443,8192,0.151757
94337,485042,8192,0.160903
94401,484796,8192,0.166335
94465,485062,8192,0.160438
94529,484210,8192,0.162557
94593,485563,8192,0.146174
94657,483861,8192,0.171362
94721,484011,8192,0.171705
94785,484273,8192,0.167892
94849,484446,8192,0.161829
94913,484811,8192,0.156751
94977,485725,8192,0.147830
95041,486230,8192,0.151265
95105,487137,8192,0.137207
95169,486142,8192,0.149837
95233,486744,8192,0.149175
95297,486572,8192,0.157723
95361,485631,8192,0.167862
95425,485987,8192,0.162182
95489,485845,8192,0.161299
95553,485846,8192,0.157536
95617,486539,8192,0.152165
95681,486555,8192,0.151615
95745,486060,8192,0.158724
95809,486274,8192,0.159434
95873,486523,8192,0.156353
95937,487589,8192,0.140786
96001,488092,8192,0.139292
96065,488568,8192,0.137695
96129,489572,8192,0.131238
96193,489206,8192,0.136757
96257,489075,8192,0.141381
96321,488831,8192,0.144434
96385,489323,8192,0.134855
96449,488636,8192,0.140646
96513,488872,8192,0.135806
96577,488285,8192,0.137702
96641,488011,8192,0.137336
96705,486971,8192,0.143543
96769,486372,8192,0.151791
96833,485072,8192,0.166968
96897,485821,8192,0.152085
96961,485342,8192,0.160759
97025,485490,8192,0.165572
97089,485510,8192,0.164945
97153,486388,8192,0.155379
97217,487225,8192,0.146347
97281,486927,8192,0.144893
97345,486903,8192,0.144338
97409,487646,8192,0.133830
97473,487866,8192,0.128664
97537,487964,8192,0.126619
97601,487336,8192,0.140987
97665,487306,8192,0.144760
97729,487655,8192,0.141973
97793,488391,8192,0.132052
97857,487274,8192,0.136237
97921,486858,8192,0.131826
97985,486412,8192,0.136704
98049,485771,8192,0.139075
98113,485514,8192,0.146068
98177,485682,8192,0.142759
98241,485849,8192,0.140988
98305,486239,8192,0.134403
98369,487212,8192,0.131909
98433,487022,8192,0.130877
98497,487368,8192,0.130052
98561,487847,8192,0.127810
98625,487355,8192,0.126668
98689,488509,8192,0.111986
98753,488712,8192,0.110377
98817,489204,8192,0.101200
98881,488869,8192,0.103789
98945,488251,8192,0.106767
99009,487816,8192,0.112357
99073,488064,8192,0.107395
99137,487741,8192,0.105733
99201,487184,8192,0.114500
99265,487176,8192,0.117981
99329,486883,8192,0.125148
99393,486418,8192,0.134656
99457,487158,8192,0.121275
99521,487646,8192,0.113593
99585,487675,8192,0.115068
99649,487373,8192,0.116722
99713,487241,8192,0.110944
99777,486487,8192,0.113498
99841,486489,8192,0.113746
99905,486606,8192,0.107921
99969,487343,8192,0.096949
100033,487387,8192,0.102001
100097,486937,8192,0.100801
100161,486352,8192,0.106433
100225,486058,8192,0.109947
100289,486565,8192,0.101792
100353,485960,8192,0.099914
100417,486220,8192,0.096820
100481,486954,8192,0.088974
100545,487275,8192,0.087001
100609,486720,8192,0.090005
100673,486908,8192,0.094874
100737,486847,8192,0.097502
100801,487138,8192,0.096056
100865,486915,8192,0.102826
100929,486576,8192,0.102544
100993,486687,8192,0.103318
101057,487118,8192,0.098760
101121,487701,8192,0.090014
101185,487384,8192,0.102083
101249,487043,8192,0.100381
101313,486426,8192,0.102784
101377,486070,8192,0.105487
101441,485439,8192,0.114546
101505,485663,8192,0.114572
101569,485371,8192,0.117108
101633,485583,8192,0.109249
101697,486355,8192,0.098841
101761,485616,8192,0.109079
101825,485035,8192,0.118027
101889,484150,8192,0.120002
101953,484071,8192,0.125974
102017,483864,8192,0.117206
102081,483941,8192,0.114488
102145,484527,8192,0.113848
102209,484642,8192,0.114053
102273,484489,8192,0.118437
102337,483876,8192,0.125655
102401,484345,8192,0.124005
102465,484357,8192,0.127034
102529,484298,8192,0.128508
102593,484827,8192,0.126281
102657,483967,8192,0.132402
102721,483335,8192,0.136744
102785,483978,8192,0.130682
102849,484039,8192,0.123877
102913,483712,8192,0.124022
102977,483842,8192,0.117575
103041,483288,8192,0.117531
103105,483312,8192,0.120301
103169,483419,8192,0.121563
103233,482216,8192,0.138530
103297,481585,8192,0.146786
103361,481170,8192,0.152172
103425,481671,8192,0.147580
103489,481676,8192,0.152511
103553,481070,8192,0.162891
103617,481199,8192,0.155029
103681,481297,8192,0.144575
103745,481766,8192,0.139670
103809,482369,8192,0.133943
103873,482671,8192,0.130210
103937,482690,8192,0.129767
104001,483472,8192,0.116982
104065,483265,8192,0.124766
104129,483081,8192,0.126135
104193,484253,8192,0.114083
104257,483584,8192,0.129256
104321,483627,8192,0.130027
104385,483988,8192,0.130268
104449,484423,8192,0.135329
104513,484673,8192,0.133687
104577,484155,8192,0.141614
104641,485219,8192,0.124032
104705,484331,8192,0.138876
104769,484627,8192,0.142757
104833,484542,8192,0.145466
104897,484177,8192,0.150104
104961,483930,8192,0.154541
105025,483980,8192,0.153442
105089,483770,8192,0.151884
105153,484187,8192,0.142678
105217,483526,8192,0.141739
105281,482797,8192,0.148294
105345,483441,8192,0.138055
105409,484623,8192,0.120593
105473,484685,8192,0.121072
105537,485115,8192,0.117700
105601,485154,8192,0.118549
105665,484494,8192,0.116371
105729,484124,8192,0.119620
105793,485119,8192,0.105550
105857,485059,8192,0.109028
105921,484619,8192,0.111432
105985,484519,8192,0.105697
106049,484259,8192,0.113777
106113,484151,8192,0.114826
106177,484139,8192,0.118106
106241,484781,8192,0.110932
106305,484889,8192,0.113172
106369,485209,8192,0.113423
106433,485560,8192,0.109624
106497,486302,8192,0.105884
106561,486208,8192,0.108028
106625,486682,8192,0.108622
106689,485520,8192,0.122410
106753,486699,8192,0.106133
106817,485586,8192,0.119374
106881,485529,8192,0.125398
106945,485750,8192,0.119309
107009,485587,8192,0.120816
107073,484728,8192,0.119974
107137,484369,8192,0.117570
107201,482719,8192,0.138537
107265,482723,8192,0.147031
107329,482926,8192,0.138397
107393,483530,8192,0.135291
107457,483393,8192,0.143340
107521,482590,8192,0.151885
107585,481677,8192,0.159875
107649,482352,8192,0.157724
107713,481596,8192,0.165928
107777,480863,8192,0.175545
107841,482290,8192,0.151626
107905,480858,8192,0.171290
107969,480958,8192,0.166676
108033,480746,8192,0.160289
108097,480486,8192,0.157799
108161,480956,8192,0.157226
108225,481576,8192,0.153557
108289,481955,8192,0.150434
108353,482637,8192,0.139461
108417,483099,8192,0.140726
108481,482687,8192,0.145888
108545,483636,8192,0.137854
108609,483541,8192,0.131401
108673,483199,8192,0.129822
108737,483138,8192,0.131476
108801,483008,8192,0.125306
108865,483356,8192,0.116893
108929,484977,8192,0.100262
108993,308327,8192,1.842001
109057,314380,8192,1.189075
109121,330732,8192,0.978205
109185,343187,8192,0.823128
109249,352249,8192,0.727249
109313,360719,8192,0.641227
109377,368928,8192,0.554491
109441,375896,8192,0.495206
109505,381012,8192,0.452804
109569,385626,8192,0.417314
109633,391158,8192,0.374548
109697,394694,8192,0.354360
109761,398555,8192,0.322590
109825,402927,8192,0.292948
109889,405626,8192,0.284198
109953,409567,8192,0.250770
110017,413062,8192,0.234597
110081,416541,8192,0.217162
110145,419139,8192,0.206717
110209,421827,8192,0.194890
110273,424585,8192,0.185487
110337,425777,8192,0.183078
110401,429026,8192,0.159766
110465,430796,8192,0.156673
110529,431937,8192,0.152362
110593,433287,8192,0.154179
110657,434119,8192,0.159630
110721,434899,8192,0.156142
110785,436711,8192,0.140418
110849,436873,8192,0.145914
110913,437750,8192,0.136875
110977,438158,8192,0.138892
111041,439879,8192,0.126199
111105,440856,8192,0.116118
111169,443340,8192,0.102060
111233,444446,8192,0.100126
111297,445599,8192,0.106134
111361,446454,8192,0.112426
111425,447433,8192,0.118803
111489,448063,8192,0.116283
111553,448986,8192,0.109516
111617,448835,8192,0.117209
111681,449686,8192,0.114932
111745,448603,8192,0.132291
111809,446842,8192,0.144834
111873,442978,8192,0.175757
111937,440102,8192,0.179970
112001,437819,8192,0.183359
112065,435720,8192,0.179784
112129,434212,8192,0.200082
112193,433877,8192,0.197364
112257,432478,8192,0.192734
112321,430950,8192,0.187864
112385,430101,8192,0.182707
112449,430110,8192,0.174823
112513,430092,8192,0.173093
112577,430124,8192,0.160761
112641,430148,8192,0.154392
112705,430695,8192,0.144261
112769,432046,8192,0.126858
112833,433494,8192,0.117402
112897,434317,8192,0.107380
112961,435386,8192,0.099560
113025,436142,8192,0.100572
113089,436829,8192,0.101618
113153,438167,8192,0.086731
113217,438604,8192,0.084803
113281,439845,8192,0.081537
113345,441194,8192,0.076166
113409,442891,8192,0.070193
113473,443338,8192,0.078007
113537,444891,8192,0.075518
113601,445881,8192,0.081755
113665,447023,8192,0.088136
113729,449209,8192,0.078019
113793,450335,8192,0.082574
113857,451056,8192,0.086241
113921,451615,8192,0.097512
113985,452761,8192,0.095348
114049,454637,8192,0.093031
114113,455392,8192,0.096596
114177,456552,8192,0.104594
114241,457268,8192,0.108849
114305,458194,8192,0.115575
114369,459691,8192,0.109519
114433,460355,8192,0.110545
114497,461554,8192,0.114247
114561,463096,8192,0.107019
114625,464261,8192,0.109691
114689,465236,8192,0.106226
114753,466325,8192,0.109302
114817,468230,8192,0.100935
114881,469025,8192,0.104357
114945,470391,8192,0.101442
115009,471412,8192,0.104246
115073,471897,8192,0.106023
115137,472413,8192,0.108503
115201,472451,8192,0.127733
115265,473250,8192,0.129837
115329,473165,8192,0.147107
115393,473094,8192,0.153479
115457,472218,8192,0.173460
115521,472994,8192,0.168838
115585,473733,8192,0.170143
115649,474475,8192,0.165784
115713,475495,8192,0.166903
115777,476287,8192,0.168335
115841,476381,8192,0.177938
115905,476343,8192,0.182314
115969,476215,8192,0.191093
116033,476978,8192,0.182482
116097,477346,8192,0.179887
116161,477533,8192,0.177858
116225,478068,8192,0.177663
116289,478545,8192,0.172841
116353,479263,8192,0.169910
116417,480528,8192,0.161479
116481,481450,8192,0.154951
116545,482286,8192,0.151761
116609,482155,8192,0.155752
116673,481878,8192,0.160700
116737,481877,8192,0.161913
116801,482902,8192,0.151272
116865,483221,8192,0.153946
116929,484004,8192,0.145467
116993,485073,8192,0.132078
117057,486377,8192,0.114106
117121,486133,8192,0.121665
117185,486177,8192,0.122541
117249,486939,8192,0.115734
117313,487976,8192,0.101698
117377,489138,8192,0.094515
117441,489799,8192,0.097027
117505,490511,8192,0.091253
117569,491467,8192,0.089757
117633,492126,8192,0.085204
117697,492178,8192,0.090017
117761,492425,8192,0.089275
117825,492081,8192,0.094305
117889,492497,8192,0.089935
117953,492297,8192,0.098204
118017,493260,8192,0.087769
118081,493424,8192,0.084792
118145,493602,8192,0.081616
118209,493292,8192,0.083795
118273,493546,8192,0.079147
118337,493450,8192,0.076501
118401,493419,8192,0.079647
118465,493769,8192,0.078256
118529,493994,8192,0.077096
118593,494292,8192,0.079529
118657,494902,8192,0.065677
118721,495381,8192,0.062710
118785,494935,8192,0.070033
118849,495035,8192,0.069867
118913,494421,8192,0.074772
118977,493878,8192,0.079360
119041,494386,8192,0.067980
119105,494774,8192,0.062108
119169,494821,8192,0.061764
119233,494628,8192,0.064671
119297,494665,8192,0.064077
119361,494548,8192,0.070999
119425,494792,8192,0.066203
119489,494257,8192,0.070495
119553,493868,8192,0.068119
119617,493468,8192,0.063318
119681,493493,8192,0.065871
119745,493057,8192,0.069121
119809,493093,8192,0.067666
119873,493932,8192,0.055068
119937,493723,8192,0.054064
120001,493770,8192,0.055420
120065,493989,8192,0.052911
120129,493907,8192,0.058227
120193,493630,8192,0.062793
120257,492994,8192,0.080599
120321,493347,8192,0.075631
120385,492970,8192,0.080677
120449,493017,8192,0.079010
120513,492029,8192,0.093886
120577,491417,8192,0.100955
120641,492315,8192,0.086106
120705,492162,8192,0.085228
120769,492801,8192,0.073973
120833,493799,8192,0.058179
120897,493210,8192,0.061253
120961,493026,8192,0.063597
121025,492418,8192,0.070358
121089,492731,8192,0.063961
121153,493306,8192,0.055612
121217,492936,8192,0.056648
121281,493463,8192,0.050163
121345,494077,8192,0.041625
121409,494726,8192,0.042305
121473,494119,8192,0.047928
121537,494283,8192,0.046227
121601,494608,8192,0.044673
121665,494457,8192,0.049813
121729,495387,8192,0.037382
121793,495272,8192,0.040709
121857,495007,8192,0.043695
121921,494892,8192,0.041836
121985,494585,8192,0.051403
122049,494686,8192,0.052977
122113,494487,8192,0.059134
122177,493506,8192,0.065285
122241,494234,8192,0.059981
122305,493638,8192,0.065306
122369,493918,8192,0.062862
122433,493518,8192,0.070159
122497,493399,8192,0.070338
122561,493389,8192,0.064785
122625,493387,8192,0.065381
122689,493358,8192,0.062999
122753,493376,8192,0.065954
122817,493299,8192,0.062066
122881,493080,8192,0.066067
122945,493013,8192,0.064399
123009,492165,8192,0.070425
123073,491863,8192,0.075204
123137,492412,8192,0.070934
123201,493036,8192,0.063442
123265,493357,8192,0.062693
123329,493612,8192,0.058107
123393,493736,8192,0.055875
123457,493232,8192,0.063384
123521,493185,8192,0.059718
123585,493310,8192,0.064670
123649,493293,8192,0.062751
123713,493350,8192,0.056790
123777,492557,8192,0.061095
123841,492138,8192,0.065154
123905,492117,8192,0.059494
123969,492110,8192,0.056743
124033,492529,8192,0.052292
124097,491750,8192,0.057218
124161,491335,8192,0.061584
124225,491678,8192,0.052990
124289,492021,8192,0.055797
124353,492698,8192,0.051194
124417,492371,8192,0.052195
124481,491917,8192,0.062031
124545,491094,8192,0.069295
124609,490569,8192,0.075437
124673,490609,8192,0.076987
124737,490283,8192,0.083099
124801,489257,8192,0.095016
124865,489361,8192,0.093371
124929,488164,8192,0.099943
124993,487688,8192,0.100418
125057,487648,8192,0.100857
125121,487148,8192,0.104112
125185,486992,8192,0.104440
125249,486887,8192,0.099114
125313,486906,8192,0.103496
125377,487420,8192,0.099712
125441,488053,8192,0.095276
125505,487850,8192,0.091610
125569,487647,8192,0.092431
125633,487576,8192,0.097294
125697,487609,8192,0.096900
125761,487149,8192,0.097120
125825,487200,8192,0.099655
125889,487417,8192,0.097488
125953,486616,8192,0.105256
126017,486547,8192,0.108211
126081,487302,8192,0.098019
126145,487730,8192,0.094552
126209,487126,8192,0.098765
126273,487362,8192,0.101793
126337,486722,8192,0.110256
126401,486082,8192,0.116672
126465,486325,8192,0.115331
126529,485469,8192,0.131074
126593,484156,8192,0.155891
126657,483246,8192,0.175149
126721,483348,8192,0.169149
126785,484093,8192,0.166152
126849,484306,8192,0.161121
126913,484756,8192,0.158133
126977,485280,8192,0.146926
127041,484676,8192,0.156285
127105,486533,8192,0.132865
127169,486951,8192,0.122903
127233,486536,8192,0.121503
127297,485574,8192,0.131792
127361,486619,8192,0.118198
127425,486793,8192,0.116058
127489,486847,8192,0.130719
127553,487559,8192,0.122904
127617,487565,8192,0.126920
127681,488753,8192,0.113419
127745,488826,8192,0.111680
127809,489473,8192,0.102727
127873,488616,8192,0.110806
127937,488839,8192,0.106106
128001,488070,8192,0.109799
128065,487545,8192,0.109456
128129,488797,8192,0.099273
128193,488810,8192,0.094112
128257,487980,8192,0.102315
128321,487579,8192,0.103808
128385,487544,8192,0.102823
128449,487452,8192,0.101609
128513,487382,8192,0.097704
128577,487166,8192,0.101427
128641,487783,8192,0.092795
128705,487818,8192,0.092867
128769,487860,8192,0.090531
128833,487997,8192,0.090445
128897,487714,8192,0.091244
128961,487875,8192,0.087427
129025,488547,8192,0.089289
129089,486997,8192,0.101114
129153,487047,8192,0.093658
129217,485492,8192,0.105811
129281,485506,8192,0.105897
129345,486204,8192,0.103699
129409,486097,8192,0.105456
129473,485317,8192,0.108346
129537,484662,8192,0.118039
129601,484869,8192,0.111769
129665,484980,8192,0.117617
129729,484274,8192,0.120350
129793,484328,8192,0.115347
129857,485366,8192,0.104797
129921,486066,8192,0.095172
129985,486378,8192,0.088743
130049,486346,8192,0.084893
130113,486242,8192,0.085890
130177,487660,8192,0.076846
130241,487616,8192,0.082167
130305,487401,8192,0.082718
130369,487120,8192,0.084998
130433,487303,8192,0.085087
130497,487309,8192,0.088192
130561,488445,8192,0.076368
130625,488241,8192,0.080722
130689,488377,8192,0.081861
130753,488121,8192,0.089534
130817,488615,8192,0.085723
130881,488884,8192,0.086422
130945,489009,8192,0.085242
131009,488821,8192,0.092790
131073,489165,8192,0.094765
131137,489259,8192,0.094579
131201,489636,8192,0.091785
131265,489753,8192,0.095928
131329,489972,8192,0.093710
131393,489594,8192,0.098869
131457,489412,8192,0.101115
131521,488923,8192,0.105273
131585,488110,8192,0.115173
131649,488463,8192,0.111295
131713,488062,8192,0.120594
131777,488957,8192,0.110505
131841,488758,8192,0.111476
131905,488514,8192,0.109254
131969,489008,8192,0.097388
132033,487964,8192,0.109775
132097,486975,8192,0.120121
132161,488792,8192,0.102347
132225,488581,8192,0.097501
132289,487913,8192,0.107479
132353,487909,8192,0.106569
132417,487640,8192,0.106947
132481,486439,8192,0.116976
132545,487217,8192,0.101515
132609,486559,8192,0.102548
132673,486472,8192,0.101837
132737,485786,8192,0.101869
132801,486259,8192,0.097704
132865,486131,8192,0.103169
132929,484230,8192,0.137011
132993,481775,8192,0.167470
133057,479085,8192,0.197734
133121,477170,8192,0.213805
133185,472228,8192,0.288831
133249,470163,8192,0.316360
133313,468130,8192,0.345782
133377,466149,8192,0.365917
133441,464093,8192,0.388724
133505,467255,8192,0.348374
133569,469903,8192,0.313616
133633,469890,8192,0.298924
133697,469181,8192,0.300904
133761,469327,8192,0.298244
133825,472671,8192,0.258541
133889,474899,8192,0.232081
133953,475619,8192,0.217600
134017,476974,8192,0.198548
134081,477036,8192,0.202543
134145,478380,8192,0.182451
134209,479240,8192,0.162674
134273,480489,8192,0.155238
134337,481570,8192,0.142245
134401,481689,8192,0.142625
134465,482360,8192,0.135718
134529,482244,8192,0.135451
134593,482796,8192,0.136711
134657,483062,8192,0.138632
134721,483190,8192,0.142136
134785,484214,8192,0.136597
134849,485827,8192,0.122140
134913,485823,8192,0.123152
134977,485653,8192,0.125357
135041,485873,8192,0.123678
135105,486208,8192,0.114067
135169,485903,8192,0.111154
135233,485510,8192,0.117318
135297,484656,8192,0.130199
135361,484233,8192,0.125750
135425,484714,8192,0.114150
135489,485337,8192,0.114101
135553,485953,8192,0.105204
135617,485776,8192,0.110633
135681,486225,8192,0.101644
135745,486853,8192,0.096452
135809,487196,8192,0.091821
135873,488070,8192,0.087275
135937,488132,8192,0.081852
136001,487306,8192,0.092241
136065,487738,8192,0.083691
136129,487265,8192,0.090402
136193,487736,8192,0.086695
136257,488395,8192,0.081645
136321,488016,8192,0.094543
136385,487636,8192,0.100290
136449,486571,8192,0.116889
136513,486507,8192,0.113495
136577,486787,8192,0.111900
136641,485610,8192,0.131440
136705,485836,8192,0.127948
136769,485839,8192,0.130201
136833,485834,8192,0.124101
136897,486016,8192,0.120559
136961,486718,8192,0.117991
137025,486842,8192,0.109720
137089,487022,8192,0.104114
137153,486870,8192,0.101051
137217,485850,8192,0.109050
137281,486504,8192,0.094871
137345,485921,8192,0.093671
137409,485130,8192,0.097843
137473,484959,8192,0.094464
137537,485218,8192,0.086975
137601,485015,8192,0.088243
137665,484345,8192,0.088150
137729,484695,8192,0.084044
137793,484996,8192,0.090901
137857,484850,8192,0.096896
137921,485515,8192,0.092241
137985,485164,8192,0.102195
138049,484867,8192,0.104745
138113,485119,8192,0.098128
138177,483805,8192,0.105772
138241,484476,8192,0.097098
138305,484049,8192,0.099904
138369,483922,8192,0.103173
138433,482964,8192,0.118357
138497,482653,8192,0.120915
138561,482013,8192,0.124348
138625,481626,8192,0.128350
138689,480827,8192,0.140385
138753,480092,8192,0.140490
138817,479926,8192,0.139637
138881,481301,8192,0.127065
138945,481855,8192,0.119094
139009,482995,8192,0.109408
139073,483382,8192,0.112056
139137,484159,8192,0.109024
139201,482742,8192,0.125180
139265,482278,8192,0.122286
139329,481851,8192,0.127518
139393,482079,8192,0.129094
139457,481246,8192,0.139974
139521,481516,8192,0.139967
139585,480598,8192,0.151616
139649,480982,8192,0.144444
139713,481392,8192,0.142455
139777,482273,8192,0.134744
139841,481760,8192,0.154202
139905,481192,8192,0.160624
139969,481445,8192,0.167864
140033,482189,8192,0.158996
140097,482381,8192,0.162552
140161,482965,8192,0.157231
140225,482059,8192,0.167372
140289,482957,8192,0.157715
140353,482929,8192,0.158685
140417,484499,8192,0.140686
140481,484490,8192,0.137461
140545,483927,8192,0.140822
140609,483712,8192,0.145648
140673,483686,8192,0.153210
140737,482577,8192,0.173963
140801,482848,8192,0.169232
140865,482180,8192,0.172525
140929,482961,8192,0.166849
140993,483253,8192,0.160737
141057,483220,8192,0.162421
141121,483966,8192,0.158046
141185,484400,8192,0.149804
141249,484140,8192,0.144365
141313,483958,8192,0.142838
141377,484591,8192,0.135072
141441,484663,8192,0.138417
141505,484448,8192,0.137027
141569,485261,8192,0.132670
141633,484749,8192,0.127474
141697,484145,8192,0.135150
141761,484181,8192,0.133477
141825,484234,8192,0.140878
141889,483842,8192,0.142798
141953,483841,8192,0.141242
142017,483368,8192,0.143878
142081,483038,8192,0.142371
142145,483268,8192,0.138648
142209,483002,8192,0.137723
142273,483906,8192,0.126562
142337,484963,8192,0.115948
142401,484814,8192,0.116310
142465,484610,8192,0.117833
142529,484674,8192,0.116825
142593,485137,8192,0.117658
142657,484789,8192,0.129607
142721,484381,8192,0.132857
142785,483744,8192,0.141655
142849,482989,8192,0.152811
142913,482468,8192,0.153773
142977,481352,8192,0.156972
143041,480589,8192,0.159982
143105,480895,8192,0.154223
143169,480553,8192,0.157546
143233,480342,8192,0.155783
143297,481893,8192,0.142203
143361,481896,8192,0.138186
143425,481456,8192,0.146246
143489,481496,8192,0.146354
143553,481624,8192,0.147784
143617,480562,8192,0.156217
143681,480619,8192,0.159251
143745,480953,8192,0.155850
143809,480229,8192,0.165587
143873,479650,8192,0.164954
143937,479391,8192,0.169200
144001,479549,8192,0.162277
144065,479629,8192,0.165547
144129,481200,8192,0.149705
144193,480598,8192,0.151297
144257,481187,8192,0.136705
144321,481329,8192,0.130255
144385,482386,8192,0.119729
144449,481767,8192,0.125154
144513,482729,8192,0.119531
144577,482107,8192,0.133484
144641,481596,8192,0.139438
144705,481711,8192,0.141312
144769,482373,8192,0.126252
144833,482313,8192,0.133843
144897,482424,8192,0.134560
144961,483122,8192,0.132967
145025,482776,8192,0.136734
145089,483096,8192,0.139025
145153,482183,8192,0.150620
145217,481947,8192,0.146848
145281,482696,8192,0.131676
145345,482537,8192,0.125715
145409,482023,8192,0.132625
145473,483387,8192,0.120422
145537,483386,8192,0.120720
145601,483633,8192,0.125845
145665,483523,8192,0.125762
145729,482282,8192,0.131577
145793,482684,8192,0.124782
145857,483082,8192,0.121883
145921,482781,8192,0.122686
145985,482773,8192,0.116183
146049,481465,8192,0.132028
146113,480765,8192,0.139310
146177,481236,8192,0.140659
146241,481342,8192,0.139050
146305,480912,8192,0.145885
146369,481764,8192,0.143255
146433,481250,8192,0.142645
146497,481893,8192,0.127836
146561,481354,8192,0.142805
146625,482311,8192,0.128282
146689,481868,8192,0.131086
146753,481817,8192,0.131212
146817,482558,8192,0.126132
146881,481979,8192,0.126605
146945,481999,8192,0.122706
147009,481253,8192,0.128953
147073,480344,8192,0.135655
147137,479971,8192,0.130426
147201,480300,8192,0.127042
147265,481158,8192,0.119446
147329,480469,8192,0.125857
147393,480954,8192,0.125821
147457,481595,8192,0.121725
147521,481230,8192,0.127143
147585,480798,8192,0.131371
147649,481025,8192,0.133033
147713,480728,8192,0.142667
147777,481433,8192,0.130652
147841,481002,8192,0.137177
147905,481210,8192,0.133887
147969,480827,8192,0.136934
148033,480738,8192,0.131329
148097,480800,8192,0.130106
148161,481176,8192,0.129780
148225,481021,8192,0.139726
148289,481550,8192,0.132446
148353,480681,8192,0.139173
148417,481497,8192,0.140351
148481,480971,8192,0.150540
148545,481096,8192,0.147827
148609,481240,8192,0.149927
148673,480471,8192,0.152328
148737,481120,8192,0.145554
148801,480810,8192,0.154041
148865,480700,8192,0.155452
148929,480416,8192,0.160418
148993,480799,8192,0.152484
149057,480722,8192,0.156131
149121,480833,8192,0.156463
149185,480832,8192,0.150939
149249,481200,8192,0.152538
149313,480849,8192,0.158955
149377,481022,8192,0.158011
149441,481390,8192,0.152780
149505,482398,8192,0.140696
149569,482441,8192,0.144205
149633,481910,8192,0.153372
149697,481341,8192,0.159285
149761,481355,8192,0.159318
149825,480455,8192,0.166081
149889,480553,8192,0.163460
149953,480893,8192,0.162643
150017,480572,8192,0.168151
150081,480108,8192,0.165336
150145,480203,8192,0.174688
150209,480482,8192,0.172971
150273,481954,8192,0.152090
150337,482015,8192,0.151092
150401,482240,8192,0.152054
150465,481011,8192,0.161738
150529,481849,8192,0.151208
150593,481265,8192,0.152457
150657,480732,8192,0.152501
150721,481111,8192,0.147270
150785,480883,8192,0.146031
150849,480813,8192,0.151465
150913,481978,8192,0.144625
150977,481088,8192,0.158680
151041,481572,8192,0.153473
151105,481021,8192,0.170279
151169,480831,8192,0.172056
151233,481916,8192,0.150379
151297,482308,8192,0.154869
151361,482435,8192,0.155696
151425,482074,8192,0.164513
151489,481582,8192,0.165659
151553,481780,8192,0.165211
151617,482065,8192,0.159618
151681,482139,8192,0.157565
151745,482432,8192,0.151615
151809,482527,8192,0.146299
151873,482195,8192,0.147550
151937,482008,8192,0.142850
152001,482103,8192,0.142785
152065,482377,8192,0.139905
152129,481993,8192,0.140531
152193,480926,8192,0.154995
152257,480159,8192,0.163181
152321,480329,8192,0.161196
152385,480689,8192,0.162500
152449,480616,8192,0.163828
152513,481403,8192,0.153013
152577,481341,8192,0.152873
152641,481481,8192,0.162859
152705,482040,8192,0.151115
152769,482122,8192,0.154080
152833,482754,8192,0.145355
152897,483075,8192,0.130539
152961,482567,8192,0.131176
153025,482766,8192,0.128642
153089,482492,8192,0.128889
153153,482689,8192,0.125138
153217,481192,8192,0.141580
153281,480899,8192,0.134132
153345,479615,8192,0.147966
153409,478985,8192,0.146297
153473,477574,8192,0.158681
153537,478744,8192,0.142517
153601,478271,8192,0.147407
153665,478812,8192,0.144453
153729,479223,8192,0.142180
153793,479026,8192,0.138090
153857,479855,8192,0.131668
153921,480986,8192,0.124680
153985,481439,8192,0.123224
154049,481542,8192,0.121455
154113,479881,8192,0.134002
154177,479654,8192,0.136397
154241,480054,8192,0.135991
154305,480081,8192,0.142494
154369,480666,8192,0.140985
154433,480315,8192,0.147881
154497,481945,8192,0.133960
154561,481036,8192,0.144458
154625,481039,8192,0.144926
154689,480956,8192,0.147175
154753,481065,8192,0.154940
154817,481539,8192,0.151185
154881,481715,8192,0.152137
154945,481594,8192,0.157504
155009,482187,8192,0.149621
155073,481747,8192,0.153222
155137,481365,8192,0.160441
155201,480667,8192,0.172064
155265,480533,8192,0.172967
155329,481043,8192,0.165170
155393,480468,8192,0.163544
155457,480881,8192,0.155476
155521,480799,8192,0.158543
155585,480747,8192,0.157264
155649,480562,8192,0.157174
155713,480210,8192,0.155652
155777,480045,8192,0.162030
155841,479957,8192,0.165433
155905,480077,8192,0.164701
155969,480474,8192,0.164412
156033,479751,8192,0.171157
156097,479084,8192,0.173323
156161,479866,8192,0.164651
156225,479840,8192,0.158782
156289,479715,8192,0.163252
156353,480277,8192,0.159193
156417,479384,8192,0.165945
156481,478816,8192,0.165576
156545,479512,8192,0.161289
156609,479960,8192,0.148545
156673,481179,8192,0.140019
156737,481871,8192,0.132457
156801,481694,8192,0.137015
156865,482528,8192,0.125632
156929,482612,8192,0.123071
156993,482913,8192,0.126790
157057,483386,8192,0.119707
157121,483438,8192,0.117098
157185,483367,8192,0.112939
157249,482640,8192,0.126833
157313,483230,8192,0.127546
157377,484476,8192,0.119018
157441,484756,8192,0.120077
157505,484827,8192,0.124094
157569,485130,8192,0.122102
157633,484919,8192,0.118374
157697,485264,8192,0.115161
157761,485196,8192,0.119546
157825,485776,8192,0.113327
157889,485648,8192,0.109557
157953,484188,8192,0.128656
158017,485035,8192,0.120068
158081,486197,8192,0.102226
158145,486031,8192,0.103293
158209,486072,8192,0.098080
158273,485808,8192,0.098512
158337,486329,8192,0.091238
158401,486125,8192,0.098817
158465,486591,8192,0.097785
158529,485504,8192,0.108191
158593,484841,8192,0.115447
158657,484598,8192,0.115839
158721,484883,8192,0.104580
158785,484193,8192,0.107469
158849,484335,8192,0.103860
158913,485130,8192,0.093038
158977,485616,8192,0.090482
159041,485972,8192,0.088005
159105,485770,8192,0.082720
159169,486070,8192,0.078527
159233,486902,8192,0.068944
159297,486703,8192,0.075475
159361,486513,8192,0.083444
159425,485812,8192,0.086822
159489,485214,8192,0.098968
159553,485716,8192,0.094966
159617,485737,8192,0.100569
159681,485666,8192,0.107452
159745,485798,8192,0.106023
159809,484604,8192,0.129890
159873,484313,8192,0.132820
159937,484483,8192,0.131676
160001,483934,8192,0.139834
160065,484403,8192,0.138306
160129,484448,8192,0.143117
160193,484156,8192,0.152600
160257,484090,8192,0.153431
160321,484022,8192,0.147630
160385,483774,8192,0.148291
160449,483156,8192,0.146080
160513,482371,8192,0.156132
160577,483048,8192,0.142533
160641,483297,8192,0.141802
160705,482935,8192,0.142185
160769,482873,8192,0.139468
160833,482778,8192,0.138917
160897,483595,8192,0.128554
160961,484658,8192,0.118181
161025,484613,8192,0.121028
161089,484944,8192,0.114173
161153,486142,8192,0.106642
161217,485814,8192,0.109001
161281,485254,8192,0.118382
161345,485227,8192,0.121102
161409,485004,8192,0.127024
161473,484156,8192,0.141700
161537,484394,8192,0.138866
161601,484358,8192,0.143314
161665,484518,8192,0.145549
161729,483571,8192,0.149112
161793,484139,8192,0.145036
161857,483982,8192,0.143702
161921,484008,8192,0.143188
161985,485249,8192,0.125841
162049,485865,8192,0.118601
162113,485419,8192,0.124064
162177,485712,8192,0.124163
162241,485212,8192,0.128689
162305,483991,8192,0.138990
162369,483506,8192,0.145516
162433,483639,8192,0.144492
162497,484097,8192,0.143668
162561,483661,8192,0.143511
162625,483728,8192,0.144719
162689,483215,8192,0.152980
162753,482457,8192,0.159099
162817,483051,8192,0.147923
162881,483522,8192,0.144689
162945,484255,8192,0.134970
163009,483979,8192,0.137897
163073,483288,8192,0.143829
163137,483458,8192,0.137844
163201,482636,8192,0.153139
163265,483183,8192,0.143007
163329,483030,8192,0.148460
163393,483906,8192,0.143548
163457,484755,8192,0.130036
163521,485129,8192,0.125025
163585,486283,8192,0.112616
163649,485737,8192,0.130138
163713,485533,8192,0.137266
163777,485247,8192,0.138256
163841,485655,8192,0.136319
163905,485566,8192,0.136283
163969,485561,8192,0.129698
164033,486744,8192,0.114579
164097,485869,8192,0.129002
164161,486128,8192,0.120965
164225,485864,8192,0.126130
164289,485644,8192,0.127271
164353,486190,8192,0.125202
164417,485956,8192,0.129485
164481,485669,8192,0.133747
164545,486114,8192,0.127389
164609,486005,8192,0.128380
164673,484672,8192,0.140213
164737,484685,8192,0.131193
164801,483502,8192,0.141936
164865,483578,8192,0.140283
164929,481910,8192,0.160241
164993,481734,8192,0.162315
165057,482118,8192,0.160501
165121,482762,8192,0.156867
165185,482841,8192,0.151083
165249,483293,8192,0.152302
165313,482812,8192,0.160306
165377,482222,8192,0.162333
165441,482267,8192,0.160757
165505,482644,8192,0.158791
165569,482320,8192,0.156854
165633,481771,8192,0.165481
165697,482166,8192,0.166845
165761,482896,8192,0.157173
165825,483196,8192,0.146735
165889,483002,8192,0.139903
165953,483017,8192,0.137888
166017,482852,8192,0.143579
166081,483081,8192,0.147006
166145,483535,8192,0.148040
166209,484684,8192,0.134104
166273,484815,8192,0.131842
166337,484365,8192,0.135672
166401,483389,8192,0.144083
166465,484628,8192,0.132326
166529,484252,8192,0.135645
166593,483767,8192,0.135798
166657,483726,8192,0.140474
166721,483580,8192,0.137611
166785,483432,8192,0.144045
166849,483761,8192,0.135456
166913,483429,8192,0.142723
166977,483675,8192,0.134777
167041,483153,8192,0.140100
167105,482667,8192,0.148263
167169,482077,8192,0.152714
167233,482112,8192,0.148758
167297,482877,8192,0.138630
167361,482825,8192,0.147642
167425,483362,8192,0.146466
167489,483767,8192,0.147459
167553,483097,8192,0.152137
167617,483305,8192,0.151996
167681,483647,8192,0.147460
167745,484331,8192,0.141576
167809,485275,8192,0.133690
167873,485618,8192,0.128668
167937,485571,8192,0.130969
168001,485386,8192,0.132560
168065,484917,8192,0.136104
168129,485327,8192,0.132231
168193,485077,8192,0.131977
168257,484620,8192,0.141291
168321,483614,8192,0.153089
168385,482747,8192,0.152295
168449,481630,8192,0.163135
168513,481274,8192,0.166678
168577,482207,8192,0.149366
168641,481556,8192,0.156397
168705,481424,8192,0.155707
168769,481529,8192,0.149178
168833,481827,8192,0.140071
168897,481852,8192,0.136772
168961,482529,8192,0.133562
169025,482900,8192,0.135301
169089,483092,8192,0.132157
169153,483687,8192,0.135775
169217,484378,8192,0.129938
169281,484598,8192,0.131136
169345,484593,8192,0.132692
169409,483736,8192,0.146573
169473,483263,8192,0.159561
169537,483024,8192,0.165853
169601,483116,8192,0.168016
169665,482514,8192,0.171901
169729,483480,8192,0.160994
169793,482971,8192,0.161932
169857,483325,8192,0.159125
169921,482997,8192,0.169871
169985,483866,8192,0.158333
170049,484325,8192,0.150766
170113,484165,8192,0.154713
170177,484416,8192,0.145885
170241,483378,8192,0.154248
170305,482085,8192,0.160923
170369,482484,8192,0.159268
170433,482824,8192,0.150418
170497,482913,8192,0.145708
170561,483104,8192,0.145904
170625,482725,8192,0.151801
170689,482635,8192,0.152654
170753,481782,8192,0.157199
170817,482119,8192,0.153833
170881,482141,8192,0.152209
170945,481732,8192,0.149384
171009,482193,8192,0.147644
171073,482117,8192,0.145622
171137,482426,8192,0.135530
171201,483216,8192,0.125820
171265,483493,8192,0.126682
171329,483489,8192,0.126231
171393,483705,8192,0.127853
171457,483361,8192,0.130803
171521,483901,8192,0.125795
171585,483371,8192,0.123461
171649,484562,8192,0.114397
171713,483913,8192,0.121577
171777,483020,8192,0.128831
171841,482997,8192,0.131933
171905,483556,8192,0.117931
171969,482949,8192,0.125629
172033,483128,8192,0.119538
172097,483032,8192,0.117513
172161,483815,8192,0.116546
172225,483502,8192,0.113794
172289,483172,8192,0.113942
172353,483521,8192,0.108365
172417,484242,8192,0.101971
172481,484285,8192,0.099573
172545,484098,8192,0.096208
172609,483526,8192,0.104115
172673,483039,8192,0.109699
172737,483081,8192,0.112552
172801,482609,8192,0.115914
172865,482324,8192,0.121646
172929,483163,8192,0.109097
172993,483241,8192,0.111832
173057,482888,8192,0.119199
173121,484201,8192,0.108279
173185,484945,8192,0.110218
173249,484576,8192,0.117661
173313,484375,8192,0.115257
173377,484449,8192,0.113261
173441,484540,8192,0.117711
173505,484189,8192,0.126200
173569,483989,8192,0.126956
173633,483655,8192,0.126781
173697,483246,8192,0.131940
173761,484022,8192,0.119096
173825,484842,8192,0.103276
173889,484502,8192,0.105552
173953,484917,8192,0.101942
174017,484832,8192,0.103982
174081,485168,8192,0.099242
174145,485218,8192,0.096575
174209,484341,8192,0.101112
174273,483940,8192,0.104391
174337,485114,8192,0.087454
174401,484897,8192,0.096432
174465,485383,8192,0.093382
174529,486631,8192,0.081714
174593,486163,8192,0.086484
174657,485156,8192,0.099031
174721,485606,8192,0.093846
174785,485675,8192,0.094496
174849,485872,8192,0.092693
174913,485924,8192,0.097029
174977,485625,8192,0.097171
175041,484260,8192,0.110451
175105,484329,8192,0.107602
175169,485356,8192,0.092492
175233,485884,8192,0.090038
175297,485446,8192,0.097018
175361,486214,8192,0.090657
175425,486337,8192,0.085915
175489,486206,8192,0.085492
175553,486757,8192,0.084253
175617,485342,8192,0.103479
175681,485587,8192,0.108711
175745,485448,8192,0.115744
175809,486010,8192,0.118265
175873,485360,8192,0.128202
175937,484737,8192,0.135376
176001,484399,8192,0.145390
176065,482981,8192,0.167842
176129,482194,8192,0.178517
176193,482054,8192,0.176120
176257,483544,8192,0.167978
176321,483163,8192,0.169330
176385,481931,8192,0.176883
176449,481649,8192,0.176969
176513,481670,8192,0.180404
176577,482369,8192,0.163005
176641,482189,8192,0.163013
176705,482421,8192,0.152051
176769,483102,8192,0.138519
176833,483986,8192,0.130776
176897,484414,8192,0.122121
176961,483923,8192,0.120316
177025,483920,8192,0.116387
177089,484031,8192,0.112670
177153,484580,8192,0.104997
177217,483644,8192,0.116563
177281,484256,8192,0.109369
177345,483878,8192,0.116041
177409,483376,8192,0.121870
177473,483535,8192,0.117293
177537,483015,8192,0.117045
177601,483310,8192,0.120800
177665,483212,8192,0.120334
177729,483709,8192,0.123625
177793,482123,8192,0.137600
177857,481687,8192,0.145870
177921,481290,8192,0.151237
177985,480684,8192,0.154904
178049,480450,8192,0.159933
178113,480650,8192,0.157813
178177,480020,8192,0.163408
178241,479018,8192,0.174336
178305,478697,8192,0.172578
178369,479265,8192,0.173007
178433,479642,8192,0.168067
178497,478852,8192,0.179082
178561,479587,8192,0.172575
178625,479478,8192,0.168546
178689,479980,8192,0.165225
178753,479657,8192,0.172326
178817,480226,8192,0.161154
178881,480653,8192,0.160958
178945,481140,8192,0.154585
179009,481093,8192,0.156240
179073,482272,8192,0.146856
179137,481708,8192,0.160626
179201,482320,8192,0.152889
179265,481913,8192,0.157569
179329,481463,8192,0.160069
179393,481268,8192,0.156969
179457,480978,8192,0.163676
179521,480874,8192,0.165256
179585,481244,8192,0.161852
179649,481583,8192,0.157239
179713,481762,8192,0.151380
179777,481855,8192,0.144632
179841,481428,8192,0.148885
179905,481921,8192,0.147086
179969,482142,8192,0.146167
180033,482406,8192,0.134528
180097,482063,8192,0.139156
180161,482516,8192,0.131661
180225,483109,8192,0.125946
180289,483502,8192,0.114609
180353,483033,8192,0.120177
180417,483206,8192,0.119763
180481,483320,8192,0.121407
180545,484147,8192,0.113773
180609,484114,8192,0.116437
180673,484430,8192,0.109251
180737,485125,8192,0.098449
180801,484906,8192,0.098388
180865,485077,8192,0.101286
180929,485538,8192,0.101425
180993,485656,8192,0.105362
181057,485624,8192,0.108796
181121,486082,8192,0.098528
181185,485382,8192,0.107312
181249,486143,8192,0.089801
181313,485729,8192,0.096896
181377,486127,8192,0.099259
181441,486518,8192,0.095348
181505,485891,8192,0.096954
181569,486174,8192,0.098405
181633,485468,8192,0.109878
181697,485404,8192,0.110282
181761,486338,8192,0.099788
181825,485832,8192,0.108491
181889,485637,8192,0.111277
181953,485652,8192,0.106595
182017,486048,8192,0.109081
182081,486387,8192,0.107704
182145,485818,8192,0.109079
182209,484884,8192,0.117859
182273,484859,8192,0.120655
182337,485015,8192,0.116976
182401,485272,8192,0.116423
182465,485556,8192,0.114653
182529,486159,8192,0.107848
182593,486121,8192,0.113313
182657,486661,8192,0.106371
182721,485915,8192,0.112131
182785,485277,8192,0.115270
182849,485581,8192,0.118815
182913,485317,8192,0.121823
182977,484931,8192,0.131711
183041,485706,8192,0.125030
183105,485731,8192,0.124205
183169,485817,8192,0.122839
183233,484906,8192,0.124373
183297,483744,8192,0.129677
183361,483341,8192,0.139626
183425,482931,8192,0.141951
183489,483711,8192,0.135097
183553,484013,8192,0.133508
183617,483866,8192,0.131795
183681,484959,8192,0.119848
183745,484791,8192,0.125525
183809,484999,8192,0.127292
183873,485550,8192,0.118104
183937,485032,8192,0.124443
184001,485938,8192,0.113154
184065,485549,8192,0.113258
184129,485808,8192,0.117700
184193,485964,8192,0.114301
184257,485375,8192,0.122540
184321,484873,8192,0.128171
184385,484985,8192,0.125251
184449,485054,8192,0.128931
184513,484732,8192,0.140698
184577,484104,8192,0.150508
184641,483627,8192,0.153922
184705,483171,8192,0.159553
184769,483981,8192,0.151797
184833,484257,8192,0.150955
184897,483960,8192,0.158756
184961,484497,8192,0.152729
185025,484585,8192,0.150754
185089,484537,8192,0.150220
185153,484869,8192,0.144752
185217,484642,8192,0.148934
185281,485248,8192,0.145836
185345,485595,8192,0.134147
185409,485402,8192,0.137505
185473,484924,8192,0.134774
185537,483573,8192,0.157798
185601,484614,8192,0.140867
185665,483477,8192,0.149674
185729,483504,8192,0.149892
185793,484012,8192,0.141561
185857,483977,8192,0.141773
185921,484023,8192,0.148500
185985,484876,8192,0.135841
186049,485003,8192,0.133486
186113,484922,8192,0.132673
186177,485005,8192,0.129057
186241,485145,8192,0.117817
186305,485687,8192,0.111708
186369,485661,8192,0.104894
186433,485491,8192,0.110691
186497,485826,8192,0.104077
186561,485675,8192,0.105144
186625,484787,8192,0.116258
186689,484549,8192,0.116632
186753,484039,8192,0.127867
186817,484847,8192,0.111232
186881,484375,8192,0.114668
186945,484481,8192,0.115770
187009,484339,8192,0.117791
187073,484419,8192,0.124740
187137,485469,8192,0.116098
187201,485651,8192,0.121789
187265,485543,8192,0.127858
187329,485611,8192,0.121413
187393,486678,8192,0.107242
187457,487205,8192,0.098758
187521,488031,8192,0.096091
187585,488617,8192,0.086205
187649,488104,8192,0.088491
187713,487928,8192,0.091123
187777,487383,8192,0.096406
187841,487707,8192,0.097363
187905,486342,8192,0.116073
187969,484741,8192,0.120045
188033,484854,8192,0.119042
188097,485030,8192,0.111298
188161,485195,8192,0.107323
188225,485125,8192,0.116798
188289,484546,8192,0.115446
188353,484261,8192,0.118725
188417,483651,8192,0.117866
188481,484187,8192,0.108684
188545,483333,8192,0.120847
188609,483071,8192,0.123841
188673,484745,8192,0.103742
188737,485021,8192,0.098597
188801,485249,8192,0.106575
188865,485714,8192,0.105583
188929,485014,8192,0.116491
188993,485479,8192,0.114011
189057,483970,8192,0.123838
189121,483860,8192,0.124877
189185,484032,8192,0.121766
189249,484788,8192,0.117490
189313,484515,8192,0.116227
189377,484248,8192,0.121688
189441,484682,8192,0.111910
189505,484515,8192,0.119576
189569,483852,8192,0.119333
189633,483945,8192,0.115206
189697,483400,8192,0.120259
189761,483134,8192,0.121943
189825,482657,8192,0.122510
189889,482121,8192,0.133783
189953,482257,8192,0.135886
190017,481833,8192,0.141328
190081,481975,8192,0.138808
190145,481907,8192,0.136852
190209,482121,8192,0.136581
190273,483323,8192,0.119406
190337,483887,8192,0.118527
190401,484544,8192,0.116095
190465,485006,8192,0.117553
190529,484661,8192,0.119930
190593,484110,8192,0.121104
190657,483457,8192,0.126103
190721,482745,8192,0.133572
190785,481403,8192,0.146935
190849,481311,8192,0.143566
190913,481346,8192,0.141189
190977,481114,8192,0.138660
191041,481323,8192,0.135686
191105,482008,8192,0.124111
191169,482334,8192,0.116849
191233,481709,8192,0.121196
191297,482270,8192,0.116889
191361,481950,8192,0.127184
191425,481712,8192,0.133544
191489,482643,8192,0.132018
191553,482223,8192,0.145993
191617,481770,8192,0.160591
191681,482547,8192,0.153850
191745,482602,8192,0.150457
191809,482177,8192,0.154529
191873,482140,8192,0.149729
191937,482753,8192,0.137625
192001,484069,8192,0.126410
192065,483808,8192,0.129840
192129,484796,8192,0.119863
192193,484744,8192,0.123738
192257,484301,8192,0.124437
192321,484697,8192,0.117227
192385,484290,8192,0.126797
192449,484562,8192,0.126619
192513,484411,8192,0.124825
192577,484166,8192,0.125697
192641,484593,8192,0.117840
192705,484672,8192,0.114872
192769,484013,8192,0.124431
192833,483624,8192,0.131569
192897,484039,8192,0.122757
192961,484306,8192,0.119146
193025,483672,8192,0.133793
193089,483993,8192,0.135081
193153,483740,8192,0.141396
193217,484545,8192,0.133752
193281,484802,8192,0.134430
193345,484549,8192,0.133935
193409,484750,8192,0.136603
193473,483686,8192,0.150791
193537,483846,8192,0.151051
193601,483562,8192,0.148565
193665,483319,8192,0.150327
193729,483714,8192,0.148909
193793,482910,8192,0.152432
193857,482705,8192,0.150082
193921,483252,8192,0.148290
193985,482856,8192,0.145077
194049,482463,8192,0.140816
194113,482052,8192,0.147592
194177,482884,8192,0.144956
194241,483796,8192,0.138944
194305,484675,8192,0.126933
194369,484402,8192,0.135646
194433,484836,8192,0.134523
194497,485932,8192,0.117578
194561,486159,8192,0.121847
194625,486591,8192,0.114427
194689,486625,8192,0.113299
194753,486462,8192,0.118536
194817,486572,8192,0.111944
194881,486213,8192,0.110975
194945,485996,8192,0.105834
195009,485760,8192,0.107772
195073,485836,8192,0.102216
195137,485431,8192,0.109074
195201,485169,8192,0.107535
195265,484649,8192,0.115466
195329,485280,8192,0.118127
195393,485289,8192,0.123490
195457,485112,8192,0.126489
195521,484990,8192,0.125082
195585,485073,8192,0.130274
195649,484774,8192,0.140143
195713,484617,8192,0.146687
195777,484469,8192,0.145351
195841,483766,8192,0.150148
195905,484326,8192,0.147726
195969,485196,8192,0.144367
196033,485519,8192,0.141527
196097,485351,8192,0.141281
196161,484914,8192,0.150426
196225,484665,8192,0.153538
196289,484748,8192,0.158011
196353,483636,8192,0.160732
196417,483912,8192,0.160504
196481,483344,8192,0.171518
196545,484345,8192,0.165209
196609,484547,8192,0.152544
196673,484963,8192,0.154016
196737,484566,8192,0.151315
196801,484340,8192,0.154124
196865,484668,8192,0.142958
196929,484472,8192,0.144143
196993,483863,8192,0.144005
197057,483695,8192,0.146667
197121,483669,8192,0.146756
197185,483524,8192,0.146496
197249,482798,8192,0.156161
197313,483550,8192,0.147035
197377,484234,8192,0.142168
197441,484344,8192,0.140322
197505,483614,8192,0.141699
197569,483420,8192,0.138772
197633,483923,8192,0.127450
197697,483931,8192,0.134849
197761,483081,8192,0.138023
197825,483653,8192,0.127299
197889,482902,8192,0.140289
197953,483223,8192,0.135166
198017,482710,8192,0.140351
198081,482870,8192,0.135773
198145,483300,8192,0.129926
198209,483609,8192,0.123519
198273,484030,8192,0.120232
198337,483971,8192,0.121244
198401,483786,8192,0.128995
198465,483551,8192,0.138161
198529,484133,8192,0.126945
198593,483031,8192,0.138569
198657,482103,8192,0.143109
198721,482361,8192,0.141673
198785,483266,8192,0.127724
198849,483250,8192,0.128789
198913,483146,8192,0.121423
198977,483105,8192,0.122154
199041,483706,8192,0.119312
199105,482907,8192,0.130160
199169,483720,8192,0.122347
199233,484032,8192,0.119246
199297,484570,8192,0.121924
199361,482756,8192,0.151746
199425,482973,8192,0.146218
199489,483420,8192,0.141470
199553,484428,8192,0.134439
199617,484542,8192,0.131038
199681,484288,8192,0.136086
199745,483688,8192,0.138599
199809,483607,8192,0.137437
199873,481671,8192,0.160663
199937,481047,8192,0.167574
200001,481188,8192,0.165990
200065,480887,8192,0.168114
200129,481157,8192,0.164557
200193,480659,8192,0.164260
200257,481397,8192,0.150667
200321,480697,8192,0.151933
200385,480853,8192,0.141829
200449,480795,8192,0.132901
200513,481122,8192,0.124241
200577,481488,8192,0.119994
200641,481540,8192,0.120704
200705,481170,8192,0.125350
200769,480453,8192,0.135341
200833,481571,8192,0.119332
200897,481876,8192,0.110367
200961,482622,8192,0.101948
201025,483035,8192,0.096236
201089,482647,8192,0.098585
201153,482973,8192,0.087623
201217,482722,8192,0.087402
201281,483075,8192,0.082343
201345,482606,8192,0.093911
201409,483155,8192,0.097790
201473,483756,8192,0.094953
201537,483937,8192,0.094703
201601,483534,8192,0.097227
201665,483253,8192,0.105485
201729,482579,8192,0.106873
201793,480863,8192,0.123512
201857,480648,8192,0.121582
201921,480759,8192,0.121493
201985,481035,8192,0.124457
202049,482617,8192,0.119151
202113,482301,8192,0.126586
202177,482631,8192,0.126749
202241,482567,8192,0.125697
202305,482229,8192,0.132556
202369,482278,8192,0.136684
202433,482488,8192,0.140839
202497,482185,8192,0.140910
202561,481236,8192,0.148144
202625,481486,8192,0.144198
202689,481339,8192,0.149294
202753,482045,8192,0.137488
202817,483147,8192,0.135129
202881,483310,8192,0.138732
202945,484750,8192,0.122246
203009,484432,8192,0.126007
203073,484037,8192,0.124603
203137,483717,8192,0.130211
203201,483689,8192,0.130958
203265,484320,8192,0.122809
203329,483731,8192,0.127214
203393,483788,8192,0.126400
203457,483631,8192,0.123878
203521,483897,8192,0.116794
203585,484922,8192,0.109608
203649,485160,8192,0.111340
203713,484966,8192,0.113119
203777,483970,8192,0.123192
203841,483482,8192,0.135134
203905,483783,8192,0.131212
203969,483446,8192,0.132257
204033,483453,8192,0.132209
204097,484568,8192,0.118434
204161,483536,8192,0.128045
204225,483322,8192,0.129088
204289,482871,8192,0.128313
204353,483438,8192,0.116168
204417,483896,8192,0.109215
204481,484462,8192,0.102824
204545,484550,8192,0.098210
204609,483226,8192,0.113376
204673,483021,8192,0.110897
204737,482510,8192,0.114542
204801,482947,8192,0.107772
204865,482452,8192,0.123731
204929,482416,8192,0.127173
204993,482803,8192,0.128514
205057,482350,8192,0.135475
205121,482633,8192,0.132349
205185,481907,8192,0.144114
205249,481643,8192,0.146979
205313,481578,8192,0.142213
205377,482390,8192,0.134638
205441,482430,8192,0.131524
205505,482638,8192,0.128737
205569,481554,8192,0.142421
205633,482325,8192,0.138123
205697,481919,8192,0.147693
205761,482603,8192,0.139686
205825,481309,8192,0.153983
205889,482292,8192,0.135514
205953,481516,8192,0.143221
206017,482128,8192,0.135844
206081,483246,8192,0.123213
206145,482855,8192,0.126320
206209,481858,8192,0.131814
206273,481890,8192,0.130192
206337,483156,8192,0.111021
206401,483680,8192,0.102194
206465,483812,8192,0.104666
206529,483923,8192,0.106266
206593,483867,8192,0.108853
206657,484184,8192,0.099053
206721,484291,8192,0.099468
206785,484104,8192,0.104521
206849,484172,8192,0.098371
206913,484824,8192,0.096219
206977,485434,8192,0.090913
207041,484830,8192,0.105397
207105,484040,8192,0.108635
207169,483671,8192,0.110043
207233,482537,8192,0.130424
207297,483156,8192,0.128543
207361,482715,8192,0.132529
207425,484380,8192,0.120664
207489,484963,8192,0.118176
207553,484451,8192,0.119585
207617,485762,8192,0.105392
207681,486086,8192,0.097231
207745,485481,8192,0.108345
207809,485189,8192,0.108006
207873,485078,8192,0.108411
207937,485485,8192,0.109446
208001,485278,8192,0.107424
208065,485101,8192,0.112360
208129,485366,8192,0.112043
208193,484836,8192,0.115816
208257,483657,8192,0.127218
208321,484458,8192,0.117810
208385,484534,8192,0.118381
208449,485264,8192,0.113409
208513,484971,8192,0.118080
208577,485620,8192,0.109781
208641,485881,8192,0.108641
208705,485779,8192,0.117213
208769,485932,8192,0.119512
208833,486277,8192,0.118020
208897,486353,8192,0.111183
208961,486748,8192,0.104990
209025,487028,8192,0.102841
209089,486789,8192,0.110998
209153,487107,8192,0.105378
209217,486370,8192,0.112566
209281,486025,8192,0.105325
209345,486394,8192,0.092875
209409,486833,8192,0.089478
209473,488081,8192,0.084269
209537,487506,8192,0.088716
209601,486768,8192,0.092853
209665,486864,8192,0.093965
209729,486813,8192,0.090349
209793,486919,8192,0.086281
209857,486928,8192,0.095027
209921,486113,8192,0.103377
209985,486449,8192,0.097029
210049,486736,8192,0.094987
210113,485937,8192,0.105288
210177,485593,8192,0.103294
210241,485253,8192,0.096381
210305,485434,8192,0.089330
210369,485055,8192,0.092648
210433,485508,8192,0.096100
210497,485603,8192,0.098066
210561,485881,8192,0.094133
210625,485380,8192,0.104550
210689,485360,8192,0.110950
210753,485124,8192,0.115554
210817,484925,8192,0.119635
210881,484568,8192,0.127000
210945,485150,8192,0.122966
211009,484045,8192,0.135093
211073,484365,8192,0.130838
211137,484673,8192,0.129841
211201,484810,8192,0.131006
211265,485300,8192,0.121065
211329,484994,8192,0.125510
211393,485747,8192,0.119909
211457,485952,8192,0.118805
211521,485919,8192,0.118417
211585,485499,8192,0.128031
211649,486001,8192,0.126863
211713,485699,8192,0.128150
211777,485306,8192,0.133763
211841,485402,8192,0.132573
211905,485465,8192,0.133195
211969,484568,8192,0.148683
212033,484266,8192,0.149362
212097,483960,8192,0.149676
212161,484708,8192,0.141575
212225,483742,8192,0.150546
212289,483247,8192,0.159426
212353,482685,8192,0.159325
212417,482752,8192,0.159112
212481,482609,8192,0.162854
212545,482662,8192,0.159215
212609,483152,8192,0.154566
212673,483207,8192,0.155040
212737,483228,8192,0.156261
212801,483929,8192,0.139831
212865,483675,8192,0.141655
212929,483745,8192,0.141894
212993,483834,8192,0.132964
213057,483289,8192,0.140989
213121,483538,8192,0.137786
213185,482420,8192,0.144106
213249,482999,8192,0.136808
213313,482094,8192,0.143792
213377,482638,8192,0.140040
213441,482717,8192,0.142380
213505,483440,8192,0.139407
213569,483904,8192,0.132894
213633,484378,8192,0.133383
213697,484672,8192,0.130038
213761,484589,8192,0.131841
213825,484938,8192,0.124638
213889,484446,8192,0.131104
213953,484016,8192,0.139643
214017,482962,8192,0.147125
214081,482109,8192,0.151702
214145,482789,8192,0.146300
214209,483389,8192,0.138900
214273,483731,8192,0.141877
214337,484055,8192,0.135762
214401,484256,8192,0.135287
214465,485066,8192,0.130681
214529,485368,8192,0.131417
214593,485131,8192,0.135101
214657,485618,8192,0.128606
214721,486078,8192,0.124080
214785,485902,8192,0.125272
214849,486084,8192,0.126985
214913,486013,8192,0.132058
214977,485379,8192,0.140557
215041,484774,8192,0.139966
215105,484786,8192,0.138591
215169,483519,8192,0.149637
215233,483723,8192,0.142185
215297,484321,8192,0.134966
215361,483795,8192,0.144850
215425,484747,8192,0.134201
215489,485192,8192,0.127176
215553,485499,8192,0.126576
215617,486052,8192,0.119934
215681,486970,8192,0.111390
215745,487212,8192,0.110506
215809,486490,8192,0.122192
215873,485488,8192,0.133311
215937,485433,8192,0.126237
216001,485359,8192,0.123266
216065,484964,8192,0.127649
216129,485440,8192,0.126188
216193,485733,8192,0.120037
216257,486179,8192,0.117111
216321,487123,8192,0.105532
216385,487280,8192,0.105220
216449,486928,8192,0.107143
216513,486152,8192,0.112205
216577,486368,8192,0.106808
216641,486663,8192,0.096227
216705,486676,8192,0.093998
216769,486875,8192,0.090274
216833,487632,8192,0.081823
216897,487782,8192,0.084699
216961,487399,8192,0.089098
217025,487258,8192,0.095608
217089,485855,8192,0.109896
217153,484766,8192,0.131339
217217,485146,8192,0.127890
217281,485242,8192,0.126428
217345,484589,8192,0.131014
217409,484639,8192,0.134913
217473,484292,8192,0.141384
217537,484076,8192,0.140593
217601,484298,8192,0.131485
217665,485152,8192,0.124861
217729,485343,8192,0.131462
217793,484917,8192,0.141091
217857,484225,8192,0.150291
217921,484107,8192,0.150724
217985,484029,8192,0.152713
218049,484223,8192,0.146033
218113,484637,8192,0.141604
218177,484546,8192,0.140561
218241,484215,8192,0.148111
218305,484712,8192,0.143837
218369,485183,8192,0.138814
218433,484902,8192,0.140109
218497,484536,8192,0.144420
218561,484178,8192,0.140959
218625,483586,8192,0.148557
218689,482982,8192,0.156347
218753,482720,8192,0.163200
218817,483443,8192,0.153898
218881,483523,8192,0.154022
218945,484185,8192,0.141126
219009,483925,8192,0.147574
219073,483760,8192,0.146227
219137,483812,8192,0.144258
219201,483333,8192,0.146545
219265,483926,8192,0.143200
219329,484781,8192,0.131180
219393,485429,8192,0.126834
219457,486006,8192,0.124281
219521,486792,8192,0.120093
219585,486937,8192,0.118288
219649,486787,8192,0.120519
219713,487088,8192,0.121019
219777,486159,8192,0.132689
219841,486133,8192,0.143835
219905,486419,8192,0.141469
219969,485818,8192,0.143186
220033,485291,8192,0.150914
220097,485127,8192,0.159449
220161,484390,8192,0.166160
220225,484319,8192,0.171922
220289,485179,8192,0.160895
220353,485823,8192,0.155075
220417,486946,8192,0.144624
220481,486974,8192,0.141385
220545,487154,8192,0.135623
220609,486445,8192,0.138730
220673,485514,8192,0.144463
220737,484717,8192,0.156516
220801,485662,8192,0.145528
220865,484631,8192,0.158145
220929,485303,8192,0.153614
220993,485094,8192,0.158987
221057,484888,8192,0.162549
221121,484788,8192,0.165318
221185,484879,8192,0.160566
221249,484587,8192,0.168248
221313,484932,8192,0.163559
221377,485308,8192,0.163684
221441,486103,8192,0.153360
221505,486179,8192,0.151612
221569,487575,8192,0.131436
221633,488553,8192,0.123158
221697,489091,8192,0.117779
221761,488650,8192,0.124208
221825,488413,8192,0.123406
221889,487441,8192,0.136895
221953,487491,8192,0.134159
222017,487686,8192,0.129194
222081,488436,8192,0.120600
222145,489330,8192,0.110739
222209,487995,8192,0.122370
222273,488318,8192,0.115516
222337,488370,8192,0.113266
222401,488045,8192,0.116619
222465,487580,8192,0.122446
222529,487343,8192,0.119935
222593,487760,8192,0.117364
222657,487450,8192,0.114897
222721,486905,8192,0.124922
222785,487004,8192,0.126010
222849,486387,8192,0.128549
222913,484732,8192,0.146182
222977,484921,8192,0.147240
223041,485229,8192,0.142805
223105,484630,8192,0.144943
223169,484898,8192,0.138709
223233,485303,8192,0.128479
223297,486361,8192,0.119869
223361,487007,8192,0.115793
223425,487183,8192,0.114952
223489,487104,8192,0.109260
223553,486720,8192,0.110832
223617,486473,8192,0.113745
223681,486659,8192,0.109476
223745,486662,8192,0.111496
223809,486341,8192,0.111653
223873,486418,8192,0.106790
223937,486686,8192,0.101199
224001,486357,8192,0.101809
224065,486869,8192,0.096002
224129,487381,8192,0.090574
224193,487200,8192,0.088785
224257,487315,8192,0.086633
224321,487353,8192,0.084077
224385,487331,8192,0.085692
224449,487725,8192,0.083937
224513,487950,8192,0.073148
224577,487169,8192,0.078446
224641,486664,8192,0.083067
224705,487252,8192,0.082936
224769,487318,8192,0.081173
224833,487145,8192,0.080072
224897,486464,8192,0.092907
224961,486008,8192,0.088751
225025,485820,8192,0.085124
225089,485407,8192,0.088600
225153,485073,8192,0.089832
225217,485400,8192,0.080709
225281,485925,8192,0.084371
225345,485915,8192,0.082189
225409,485681,8192,0.093195
225473,485933,8192,0.086817
225537,486217,8192,0.079283
225601,486238,8192,0.078530
225665,486385,8192,0.078128
225729,486761,8192,0.074966
225793,487815,8192,0.073201
225857,487866,8192,0.075663
225921,486879,8192,0.087352
225985,487196,8192,0.089589
226049,487827,8192,0.080889
226113,487759,8192,0.083292
226177,487393,8192,0.086421
226241,487371,8192,0.086047
226305,486808,8192,0.095389
226369,487197,8192,0.087929
226433,487456,8192,0.086093
226497,487245,8192,0.087303
226561,487088,8192,0.087572
226625,487183,8192,0.085123
226689,486116,8192,0.095449
226753,486968,8192,0.081190
226817,486629,8192,0.089453
226881,487019,8192,0.080453
226945,487634,8192,0.081039
227009,487877,8192,0.086877
227073,488036,8192,0.083745
227137,487960,8192,0.087619
227201,487228,8192,0.094633
227265,487345,8192,0.096005
227329,487944,8192,0.087927
227393,488810,8192,0.085356
227457,488446,8192,0.088092
227521,487693,8192,0.089701
227585,487156,8192,0.095574
227649,487266,8192,0.088733
227713,487152,8192,0.084281
227777,487288,8192,0.083076
227841,487498,8192,0.084161
227905,486309,8192,0.094920
227969,485588,8192,0.106682
228033,486352,8192,0.101577
228097,484823,8192,0.118395
228161,485015,8192,0.109694
228225,485679,8192,0.105520
228289,485191,8192,0.121471
228353,484690,8192,0.126425
228417,484938,8192,0.118279
228481,485081,8192,0.115363
228545,484563,8192,0.121312
228609,484761,8192,0.115015
228673,484811,8192,0.112931
228737,485209,8192,0.109151
228801,485907,8192,0.103588
228865,486224,8192,0.099808
228929,485296,8192,0.110544
228993,485010,8192,0.113548
229057,485439,8192,0.114846
229121,485456,8192,0.118044
229185,485845,8192,0.113645
229249,485447,8192,0.117875
229313,484992,8192,0.122250
229377,484471,8192,0.124562
229441,485392,8192,0.118956
229505,484954,8192,0.122220
229569,484599,8192,0.125120
229633,485187,8192,0.117994
229697,485636,8192,0.108678
229761,485569,8192,0.115247
229825,485913,8192,0.107153
229889,485874,8192,0.102118
229953,484979,8192,0.106702
230017,485794,8192,0.090201
230081,485518,8192,0.092591
230145,484992,8192,0.093651
230209,484571,8192,0.094567
230273,484174,8192,0.094372
230337,484755,8192,0.095646
230401,484745,8192,0.102576
230465,484753,8192,0.110552
230529,483579,8192,0.128221
230593,483617,8192,0.124237
230657,483367,8192,0.130831
230721,483391,8192,0.134150
230785,482875,8192,0.132245
230849,481717,8192,0.140350
230913,481675,8192,0.136196
230977,481344,8192,0.139288
231041,481861,8192,0.131267
231105,481776,8192,0.129249
231169,482134,8192,0.127241
231233,482146,8192,0.131439
231297,482535,8192,0.138972
231361,482284,8192,0.137920
231425,481811,8192,0.137598
231489,481379,8192,0.139968
231553,481827,8192,0.130763
231617,482049,8192,0.123959
231681,481994,8192,0.120208
231745,481488,8192,0.136109
231809,480672,8192,0.141670
231873,479822,8192,0.145980
231937,479045,8192,0.158297
232001,478932,8192,0.155585
232065,479850,8192,0.144050
232129,479328,8192,0.153207
232193,479976,8192,0.136865
232257,479622,8192,0.138939
232321,480114,8192,0.130577
232385,479635,8192,0.132480
232449,480133,8192,0.123182
232513,480585,8192,0.116611
232577,481583,8192,0.110718
232641,482726,8192,0.107244
232705,482212,8192,0.111432
232769,482459,8192,0.112442
232833,482819,8192,0.107823
232897,482974,8192,0.104256
232961,483229,8192,0.102934
233025,482730,8192,0.110817
233089,482907,8192,0.110194
233153,482136,8192,0.128542
233217,482462,8192,0.122903
233281,483498,8192,0.110439
233345,483413,8192,0.111364
233409,483575,8192,0.114239
233473,483586,8192,0.111154
233537,484490,8192,0.107031
233601,485014,8192,0.101075
233665,484700,8192,0.101793
233729,485348,8192,0.097392
233793,485290,8192,0.103629
233857,485159,8192,0.102584
233921,485466,8192,0.103380
233985,485685,8192,0.101910
234049,485930,8192,0.102382
234113,485337,8192,0.108952
234177,483219,8192,0.128272
234241,482327,8192,0.139209
234305,482654,8192,0.135769
234369,482420,8192,0.139969
234433,481818,8192,0.141884
234497,481062,8192,0.154053
234561,480933,8192,0.160881
234625,481781,8192,0.156725
234689,482181,8192,0.151250
234753,481374,8192,0.162615
234817,480110,8192,0.178576
234881,478728,8192,0.194683
234945,479238,8192,0.186899
235009,478884,8192,0.194085
235073,477284,8192,0.218712
235137,477048,8192,0.223314
235201,475925,8192,0.233498
235265,476503,8192,0.227924
235329,476090,8192,0.231229
235393,476684,8192,0.228823
235457,478313,8192,0.206091
235521,478080,8192,0.202588
235585,478591,8192,0.193969
235649,479764,8192,0.184358
235713,479766,8192,0.177542
235777,480124,8192,0.182008
235841,480932,8192,0.176515
235905,481431,8192,0.171752
235969,481849,8192,0.163086
236033,481904,8192,0.158477
236097,482237,8192,0.156674
236161,482577,8192,0.151748
236225,482873,8192,0.145042
236289,483222,8192,0.140498
236353,483297,8192,0.144782
236417,482951,8192,0.145208
236481,482433,8192,0.151415
236545,482009,8192,0.149958
236609,482222,8192,0.145088
236673,482617,8192,0.143902
236737,483498,8192,0.133822
236801,483009,8192,0.130713
236865,483285,8192,0.132533
236929,482745,8192,0.143063
236993,482825,8192,0.145121
237057,483192,8192,0.139175
237121,482778,8192,0.142472
237185,482842,8192,0.142024
237249,482284,8192,0.151422
237313,483057,8192,0.138716
237377,483021,8192,0.136254
237441,484147,8192,0.122799
237505,483771,8192,0.127971
237569,484111,8192,0.125716
237633,483899,8192,0.130176
237697,483000,8192,0.144106
237761,483806,8192,0.128243
237825,484060,8192,0.118522
237889,484174,8192,0.129357
237953,485040,8192,0.119065
238017,484313,8192,0.134819
238081,483557,8192,0.147338
238145,483591,8192,0.140629
238209,484341,8192,0.135976
238273,484658,8192,0.136602
238337,485630,8192,0.133097
238401,485543,8192,0.134959
238465,485018,8192,0.143636
238529,484134,8192,0.151301
238593,483455,8192,0.155499
238657,484625,8192,0.133162
238721,484698,8192,0.130740
238785,485193,8192,0.122037
238849,485065,8192,0.118779
238913,485174,8192,0.120231
238977,484714,8192,0.123286
239041,484637,8192,0.115881
239105,485202,8192,0.107479
239169,484830,8192,0.116192
239233,484469,8192,0.122951
239297,484897,8192,0.116473
239361,485399,8192,0.106517
239425,485267,8192,0.105885
239489,485120,8192,0.106729
239553,484818,8192,0.113493
239617,485149,8192,0.110615
239681,484379,8192,0.108515
239745,483052,8192,0.117983
239809,482839,8192,0.118223
239873,482752,8192,0.119881
239937,482603,8192,0.125597
240001,482007,8192,0.135708
240065,481774,8192,0.133987
240129,482242,8192,0.126829
240193,482541,8192,0.115877
240257,482867,8192,0.115495
240321,482832,8192,0.109602
240385,482277,8192,0.123638
240449,483002,8192,0.111489
240513,483289,8192,0.101082
240577,483079,8192,0.107954
240641,483260,8192,0.106010
240705,483115,8192,0.109763
240769,482650,8192,0.114934
240833,482339,8192,0.114451
240897,482499,8192,0.112716
240961,483152,8192,0.106318
241025,483398,8192,0.105149
241089,482996,8192,0.108047
241153,483560,8192,0.108777
241217,484202,8192,0.092279
241281,485112,8192,0.086363
241345,484623,8192,0.088008
241409,484799,8192,0.085002
241473,485311,8192,0.085942
241537,484763,8192,0.089737
241601,485419,8192,0.087448
241665,485047,8192,0.091181
241729,484672,8192,0.097711
241793,484944,8192,0.097928
241857,485225,8192,0.097671
241921,485306,8192,0.097948
241985,486005,8192,0.084539
242049,485760,8192,0.090872
242113,485024,8192,0.093390
242177,484283,8192,0.097634
242241,485020,8192,0.095209
242305,484976,8192,0.089860
242369,484614,8192,0.100073
242433,483955,8192,0.106746
242497,484263,8192,0.109500
242561,484727,8192,0.104304
242625,485092,8192,0.096943
242689,484975,8192,0.100387
242753,484711,8192,0.102674
242817,485112,8192,0.098816
242881,485759,8192,0.096388
242945,485366,8192,0.100845
243009,485119,8192,0.097743
243073,484148,8192,0.109933
243137,484229,8192,0.118640
243201,483578,8192,0.128469
243265,483617,8192,0.127510
243329,483371,8192,0.129006
243393,483829,8192,0.124850
243457,482771,8192,0.133713
243521,482553,8192,0.136232
243585,481974,8192,0.146023
243649,480447,8192,0.160005
243713,480133,8192,0.160114
243777,480275,8192,0.162091
243841,480392,8192,0.165162
243905,480339,8192,0.162807
243969,480401,8192,0.155114
244033,480380,8192,0.164573
244097,479577,8192,0.179186
244161,479164,8192,0.187052
244225,478996,8192,0.189178
244289,477323,8192,0.201899
244353,476401,8192,0.210130
244417,475636,8192,0.214905
244481,477374,8192,0.193715
244545,477812,8192,0.185877
244609,478106,8192,0.181713
244673,478557,8192,0.177961
244737,478585,8192,0.171078
244801,479005,8192,0.163496
244865,479016,8192,0.154843
244929,479606,8192,0.143836
244993,479714,8192,0.145676
245057,479731,8192,0.138534
245121,479528,8192,0.139015
245185,479854,8192,0.129183
245249,480602,8192,0.120939
245313,480903,8192,0.118959
245377,480836,8192,0.112081
245441,480242,8192,0.122513
245505,480935,8192,0.122721
245569,481175,8192,0.124499
245633,481234,8192,0.124751
245697,481280,8192,0.129243
245761,480915,8192,0.137413
245825,482038,8192,0.132633
245889,482068,8192,0.129359
245953,481565,8192,0.135472
246017,481266,8192,0.134555
246081,481372,8192,0.133831
246145,480897,8192,0.138557
246209,481532,8192,0.132009
246273,481569,8192,0.139957
246337,482208,8192,0.133085
246401,482498,8192,0.134417
246465,482226,8192,0.141714
246529,482839,8192,0.134844
246593,482901,8192,0.129872
246657,482321,8192,0.135973
246721,481830,8192,0.140709
246785,482102,8192,0.138996
246849,481828,8192,0.140165
246913,481501,8192,0.144638
246977,480755,8192,0.144359
247041,479888,8192,0.151437
247105,480230,8192,0.149002
247169,481994,8192,0.132760
247233,482533,8192,0.129569
247297,482840,8192,0.117316
247361,482808,8192,0.116648
247425,482688,8192,0.117912
247489,482628,8192,0.121451
247553,482032,8192,0.132979
247617,481621,8192,0.135016
247681,481484,8192,0.139624
247745,482714,8192,0.129192
247809,482282,8192,0.143798
247873,482770,8192,0.135953
247937,482530,8192,0.143589
248001,482960,8192,0.140061
248065,482823,8192,0.142990
248129,483153,8192,0.148707
248193,484099,8192,0.140001
248257,485037,8192,0.133738
248321,486482,8192,0.120762
248385,486222,8192,0.126981
248449,486163,8192,0.121304
248513,486034,8192,0.123976
248577,485621,8192,0.130744
248641,485043,8192,0.137702
248705,484601,8192,0.145587
248769,485079,8192,0.140142
248833,485494,8192,0.139680
248897,485456,8192,0.133540
248961,486191,8192,0.127060
249025,485222,8192,0.139706
249089,484405,8192,0.148437
249153,484957,8192,0.145656
249217,484357,8192,0.159924
249281,484141,8192,0.161417
249345,484373,8192,0.149943
249409,484870,8192,0.142539
249473,484830,8192,0.144247
249537,483957,8192,0.151638
249601,482416,8192,0.170281
249665,481250,8192,0.181794
249729,481709,8192,0.172332
249793,481507,8192,0.176348
249857,480883,8192,0.183256
249921,479987,8192,0.187965
249985,479708,8192,0.178382
250049,481170,8192,0.161542
250113,481719,8192,0.152774
250177,481667,8192,0.159077
250241,481477,8192,0.157310
250305,481688,8192,0.161322
250369,480821,8192,0.167442
250433,480740,8192,0.161915
250497,480308,8192,0.156791
250561,481258,8192,0.140856
250625,481387,8192,0.138038
250689,481477,8192,0.145203
250753,480321,8192,0.155655
250817,480303,8192,0.153574
250881,480821,8192,0.140389
250945,480941,8192,0.139213
251009,481103,8192,0.135253
251073,481254,8192,0.132409
251137,481230,8192,0.126757
251201,481294,8192,0.126956
251265,481659,8192,0.123110
251329,481302,8192,0.127466
251393,480184,8192,0.140843
251457,479918,8192,0.147980
251521,480445,8192,0.139025
251585,480429,8192,0.134611
251649,481157,8192,0.126642
251713,482111,8192,0.121464
251777,482363,8192,0.110484
251841,482785,8192,0.103917
251905,482515,8192,0.102346
251969,482147,8192,0.100416
252033,482789,8192,0.097710
252097,482156,8192,0.107199
252161,482594,8192,0.103325
252225,482157,8192,0.115774
252289,482184,8192,0.112729
252353,482389,8192,0.115958
252417,482884,8192,0.114677
252481,483359,8192,0.110031
252545,482332,8192,0.120785
252609,482511,8192,0.117407
252673,482665,8192,0.109060
252737,482935,8192,0.108915
252801,483623,8192,0.103376
252865,484094,8192,0.097135
252929,484010,8192,0.099519
252993,484263,8192,0.099267
253057,484764,8192,0.102637
253121,484676,8192,0.105356
253185,484544,8192,0.102889
253249,484623,8192,0.104180
253313,484678,8192,0.099938
253377,484264,8192,0.104133
253441,484003,8192,0.108152
253505,483086,8192,0.121807
253569,483493,8192,0.120728
253633,483160,8192,0.115976
253697,482823,8192,0.124220
253761,481653,8192,0.141125
253825,481812,8192,0.141903
253889,481832,8192,0.146258
253953,481362,8192,0.150770
254017,481641,8192,0.150492
254081,482417,8192,0.143895
254145,482811,8192,0.136806
254209,482627,8192,0.131686
254273,482973,8192,0.127588
254337,482964,8192,0.129359
254401,483000,8192,0.121362
254465,482479,8192,0.134133
254529,481337,8192,0.140192
254593,481374,8192,0.142062
254657,480886,8192,0.141094
254721,481819,8192,0.131362
254785,481625,8192,0.129281
254849,482443,8192,0.118515
254913,482401,8192,0.113996
254977,481666,8192,0.125650
255041,481239,8192,0.136713
255105,481848,8192,0.127935
255169,482555,8192,0.121823
255233,482996,8192,0.115545
255297,482822,8192,0.124579
255361,482919,8192,0.114067
255425,482615,8192,0.117732
255489,482793,8192,0.126008
255553,483623,8192,0.124170
255617,484177,8192,0.118093
255681,484114,8192,0.114902
255745,483247,8192,0.121974
255809,482859,8192,0.125294
255873,483408,8192,0.123682
255937,482534,8192,0.131283
256001,482716,8192,0.128165
256065,483183,8192,0.120089
256129,483641,8192,0.120119
256193,483560,8192,0.113259
256257,483560,8192,0.118236
256321,484109,8192,0.108399
256385,484463,8192,0.104144
256449,482980,8192,0.119224
256513,482415,8192,0.124365
256577,482816,8192,0.122227
256641,483032,8192,0.121553
256705,482707,8192,0.123920
256769,481913,8192,0.143870
256833,481521,8192,0.149674
256897,481419,8192,0.149278
256961,481269,8192,0.148409
257025,480517,8192,0.154283
257089,479806,8192,0.155885
257153,478864,8192,0.171640
257217,478801,8192,0.167795
257281,479027,8192,0.162727
257345,479521,8192,0.160620
257409,479731,8192,0.152876
257473,479370,8192,0.160423
257537,480462,8192,0.150046
257601,480623,8192,0.145716
257665,481447,8192,0.140528
257729,481708,8192,0.134617
257793,482258,8192,0.133049
257857,482754,8192,0.127972
257921,483752,8192,0.117396
257985,483748,8192,0.119830
258049,483741,8192,0.121742
258113,484167,8192,0.119750
258177,484007,8192,0.122523
258241,483157,8192,0.129332
258305,483684,8192,0.120157
258369,482648,8192,0.138394
258433,483212,8192,0.135364
258497,482989,8192,0.137857
258561,482452,8192,0.136260
258625,483684,8192,0.127775
258689,483446,8192,0.127149
258753,483457,8192,0.123764
258817,483895,8192,0.117029
258881,484014,8192,0.114095
258945,484400,8192,0.107534
259009,484963,8192,0.102404
259073,484773,8192,0.110821
259137,484803,8192,0.114307
259201,484579,8192,0.118902
259265,485092,8192,0.117623
259329,485078,8192,0.120836
259393,484886,8192,0.117565
259457,484674,8192,0.115163
259521,484737,8192,0.112858
259585,484706,8192,0.111207
259649,484760,8192,0.108980
259713,484172,8192,0.110533
259777,483293,8192,0.128454
259841,482719,8192,0.137069
259905,482007,8192,0.137975
259969,482826,8192,0.121817
260033,482210,8192,0.129470
260097,482680,8192,0.122617
260161,482581,8192,0.121450
260225,483066,8192,0.109734
260289,483069,8192,0.116521
260353,482711,8192,0.113255
260417,484348,8192,0.094655
260481,484469,8192,0.095809
260545,485139,8192,0.079568
260609,485379,8192,0.082318
260673,486256,8192,0.075909
260737,486130,8192,0.077423
260801,485998,8192,0.081819
260865,485824,8192,0.083951
260929,486245,8192,0.081478
260993,484765,8192,0.099609
261057,484709,8192,0.101854
261121,484663,8192,0.108947
261185,483687,8192,0.124791
261249,482343,8192,0.137349
261313,483367,8192,0.128054
261377,483578,8192,0.128051
261441,483123,8192,0.136396
261505,482928,8192,0.139392
261569,483124,8192,0.140592
261633,483425,8192,0.133404
261697,483649,8192,0.126074
261761,483311,8192,0.128601
261825,483151,8192,0.128375
261889,483023,8192,0.135954
261953,483759,8192,0.127891
262017,483873,8192,0.123967
262081,483601,8192,0.124397
262145,484308,8192,0.116456
262209,484723,8192,0.107327
262273,484885,8192,0.106005
262337,484937,8192,0.106854
262401,485388,8192,0.097252
262465,484985,8192,0.100637
262529,484349,8192,0.101669
262593,484624,8192,0.103477
262657,484824,8192,0.104770
262721,484978,8192,0.103906
262785,485536,8192,0.100109
262849,484745,8192,0.109391
262913,483527,8192,0.126774
262977,484527,8192,0.116041
263041,484534,8192,0.116112
263105,483753,8192,0.119800
263169,484133,8192,0.118505
263233,484507,8192,0.117441
263297,485435,8192,0.106671
263361,485297,8192,0.105417
263425,486078,8192,0.101085
263489,486504,8192,0.096705
263553,486181,8192,0.101640
263617,486296,8192,0.104294
263681,486393,8192,0.101600
263745,486053,8192,0.103931
263809,485321,8192,0.109694
263873,485647,8192,0.104928
263937,486093,8192,0.102694
264001,485025,8192,0.111964
264065,484163,8192,0.129792
264129,482534,8192,0.153334
264193,482547,8192,0.157956
264257,482011,8192,0.162228
264321,482080,8192,0.166548
264385,482460,8192,0.159668
264449,482678,8192,0.152148
264513,483416,8192,0.144238
264577,483906,8192,0.136201
264641,483529,8192,0.137265
264705,483127,8192,0.144515
264769,484042,8192,0.136116
264833,484181,8192,0.131883
264897,484327,8192,0.124109
264961,484539,8192,0.127506
265025,484522,8192,0.131788
265089,485084,8192,0.124542
265153,484963,8192,0.126229
265217,485486,8192,0.114900
265281,485984,8192,0.116872
265345,484717,8192,0.131088
265409,484977,8192,0.123939
265473,485458,8192,0.119313
265537,485296,8192,0.124740
265601,485986,8192,0.113656
265665,485536,8192,0.125211
265729,485439,8192,0.120395
265793,486284,8192,0.115070
265857,486265,8192,0.116950
265921,485475,8192,0.127709
265985,485840,8192,0.120042
266049,485817,8192,0.124246
266113,485186,8192,0.130616
266177,486145,8192,0.126246
266241,486823,8192,0.114411
266305,487311,8192,0.112958
266369,486767,8192,0.122970
266433,486811,8192,0.124989
266497,486459,8192,0.128163
266561,485946,8192,0.135150
266625,485332,8192,0.128745
266689,485054,8192,0.131870
266753,484138,8192,0.149112
266817,483908,8192,0.152202
266881,483729,8192,0.148565
266945,484464,8192,0.139529
267009,484169,8192,0.141986
267073,483083,8192,0.151196
267137,482612,8192,0.159196
267201,482181,8192,0.158318
267265,483231,8192,0.143232
267329,483091,8192,0.138668
267393,482794,8192,0.142629
267457,483497,8192,0.144691
267521,483073,8192,0.141566
267585,482934,8192,0.141398
267649,483222,8192,0.142070
267713,483181,8192,0.143226
267777,482264,8192,0.151545
267841,483153,8192,0.142224
267905,483481,8192,0.143642
267969,483078,8192,0.146031
268033,481704,8192,0.152798
268097,481879,8192,0.158439
268161,481751,8192,0.157122
268225,482277,8192,0.152280
268289,482935,8192,0.146143
268353,482688,8192,0.151743
268417,482920,8192,0.150152
268481,482797,8192,0.152077
268545,482578,8192,0.157629
268609,483581,8192,0.148769
268673,483562,8192,0.148218
268737,483579,8192,0.149986
268801,484098,8192,0.150716
268865,484896,8192,0.137478
268929,484367,8192,0.138507
268993,483891,8192,0.151564
269057,483463,8192,0.154702
269121,484416,8192,0.138034
269185,483867,8192,0.146817
269249,483388,8192,0.148799
269313,483557,8192,0.142788
269377,483872,8192,0.136504
269441,483771,8192,0.134253
269505,483672,8192,0.134229
269569,484838,8192,0.127767
269633,484531,8192,0.125697
269697,483805,8192,0.125874
269761,484315,8192,0.121556
269825,483797,8192,0.121789
269889,484966,8192,0.108613
269953,485116,8192,0.108401
270017,484802,8192,0.117636
270081,483798,8192,0.138127
270145,483603,8192,0.140086
270209,484253,8192,0.131064
270273,483340,8192,0.141943
270337,483156,8192,0.138385
270401,483107,8192,0.138687
270465,483192,8192,0.125830
270529,483437,8192,0.124481
270593,484372,8192,0.118406
270657,483772,8192,0.125357
270721,484114,8192,0.124933
270785,485222,8192,0.113252
270849,485269,8192,0.109714
270913,485200,8192,0.111843
270977,485791,8192,0.113528
271041,485121,8192,0.122749
271105,485279,8192,0.122961
271169,485779,8192,0.121606
271233,486043,8192,0.123894
271297,485705,8192,0.132288
271361,486135,8192,0.127568
271425,487415,8192,0.114011
271489,488416,8192,0.102597
271553,488822,8192,0.103256
271617,489422,8192,0.099708
271681,489146,8192,0.094673
271745,488896,8192,0.098599
271809,488451,8192,0.102899
271873,487891,8192,0.108840
271937,488192,8192,0.103079
272001,488474,8192,0.106694
272065,488281,8192,0.108907
272129,487658,8192,0.119311
272193,487731,8192,0.121267
272257,487730,8192,0.123427
272321,486439,8192,0.141991
272385,486735,8192,0.138097
272449,487610,8192,0.126591
272513,487569,8192,0.125343
272577,487414,8192,0.124221
272641,486686,8192,0.133299
272705,486566,8192,0.140361
272769,486218,8192,0.139194
272833,485471,8192,0.143684
272897,486032,8192,0.140441
272961,486099,8192,0.136423
273025,486430,8192,0.134189
273089,486368,8192,0.141248
273153,488360,8192,0.116874
273217,489030,8192,0.105604
273281,488589,8192,0.105621
273345,488192,8192,0.114931
273409,487623,8192,0.125198
273473,487539,8192,0.122915
273537,487901,8192,0.119724
273601,487229,8192,0.125146
273665,488308,8192,0.113460
273729,487069,8192,0.131528
273793,487142,8192,0.129109
273857,487018,8192,0.122506
273921,487503,8192,0.121000
273985,487630,8192,0.126660
274049,487535,8192,0.121754
274113,487205,8192,0.127785
274177,487669,8192,0.115382
274241,487707,8192,0.111446
274305,486812,8192,0.121645
274369,487187,8192,0.119092
274433,486735,8192,0.122286
274497,486683,8192,0.122305
274561,486931,8192,0.123363
274625,486709,8192,0.122664
274689,487119,8192,0.121032
274753,486639,8192,0.122702
274817,485885,8192,0.133211
274881,486963,8192,0.122337
274945,486078,8192,0.128727
275009,485552,8192,0.134071
275073,484505,8192,0.137112
275137,484622,8192,0.140036
275201,483870,8192,0.142839
275265,484042,8192,0.136632
275329,484097,8192,0.134820
275393,484191,8192,0.128655
275457,484206,8192,0.122867
275521,484055,8192,0.123012
275585,483494,8192,0.123684
275649,483553,8192,0.115665
275713,483285,8192,0.127510
275777,482957,8192,0.133588
275841,482928,8192,0.136797
275905,483294,8192,0.126373
275969,482053,8192,0.143141
276033,482772,8192,0.138306
276097,482369,8192,0.146132
276161,481983,8192,0.145979
276225,482076,8192,0.150029
276289,482362,8192,0.146539
276353,483329,8192,0.136289
276417,482447,8192,0.145738
276481,483744,8192,0.133201
276545,483857,8192,0.135063
276609,483632,8192,0.142251
276673,484984,8192,0.130903
276737,485488,8192,0.123557
276801,485238,8192,0.124298
276865,485352,8192,0.121794
276929,484838,8192,0.131975
276993,484261,8192,0.136125
277057,483603,8192,0.143505
277121,483160,8192,0.144643
277185,482795,8192,0.150870
277249,483571,8192,0.148222
277313,481962,8192,0.163977
277377,482395,8192,0.163985
277441,482708,8192,0.163921
277505,483657,8192,0.157700
277569,484914,8192,0.144599
277633,484683,8192,0.143097
277697,484362,8192,0.146582
277761,483502,8192,0.153154
277825,484421,8192,0.139497
277889,484627,8192,0.138427
277953,483950,8192,0.145397
278017,483595,8192,0.147409
278081,483940,8192,0.142410
278145,482769,8192,0.160205
278209,483703,8192,0.149741
278273,484268,8192,0.145133
278337,484681,8192,0.146381
278401,485469,8192,0.140792
278465,486289,8192,0.131424
278529,485958,8192,0.136962
278593,486162,8192,0.130273
278657,486246,8192,0.132668
278721,486741,8192,0.126701
278785,486546,8192,0.131437
278849,486797,8192,0.127406
278913,487152,8192,0.123470
278977,486748,8192,0.132148
279041,486046,8192,0.148928
279105,486493,8192,0.151156
279169,485426,8192,0.162959
279233,484765,8192,0.162738
279297,484441,8192,0.161562
279361,484434,8192,0.158481
279425,485105,8192,0.151498
279489,484846,8192,0.153124
279553,484103,8192,0.147765
279617,484421,8192,0.136551
279681,483286,8192,0.145308
279745,482150,8192,0.147951
279809,480732,8192,0.157927
279873,481261,8192,0.157187
279937,481444,8192,0.144558
280001,481474,8192,0.140294
280065,482073,8192,0.137840
280129,483028,8192,0.129465
280193,482545,8192,0.131875
280257,482492,8192,0.142510
280321,482734,8192,0.137507
280385,482197,8192,0.135837
280449,481201,8192,0.152141
280513,481864,8192,0.138878
280577,482268,8192,0.136566
280641,481501,8192,0.145390
280705,482812,8192,0.134047
280769,483096,8192,0.129132
280833,483454,8192,0.125976
280897,483116,8192,0.139163
280961,482697,8192,0.142102
281025,482780,8192,0.134579
281089,483382,8192,0.130175
281153,483336,8192,0.131298
281217,482226,8192,0.135656
281281,481732,8192,0.140958
281345,481964,8192,0.135257
281409,482729,8192,0.128136
281473,483837,8192,0.127147
281537,484094,8192,0.122383
281601,483026,8192,0.144756
281665,482195,8192,0.161849
281729,482351,8192,0.157105
281793,482849,8192,0.153154
281857,483051,8192,0.155943
281921,483493,8192,0.148107
281985,482659,8192,0.151405
282049,482054,8192,0.156048
282113,481797,8192,0.159265
282177,481593,8192,0.154997
282241,482198,8192,0.143587
282305,482125,8192,0.146668
282369,482358,8192,0.147480
282433,483055,8192,0.144275
282497,483435,8192,0.142165
282561,482731,8192,0.155702
282625,482895,8192,0.149127
282689,482461,8192,0.146749
282753,482695,8192,0.141403
282817,483010,8192,0.132502
282881,483196,8192,0.126663
282945,484096,8192,0.117563
283009,484011,8192,0.118910
283073,483855,8192,0.120716
283137,483019,8192,0.128343
283201,483177,8192,0.130062
283265,482291,8192,0.138526
283329,482777,8192,0.139578
283393,483590,8192,0.128223
283457,483487,8192,0.131670
283521,484215,8192,0.127419
283585,484811,8192,0.123561
283649,484636,8192,0.125291
283713,484451,8192,0.128859
283777,484404,8192,0.130181
283841,484589,8192,0.134435
283905,484832,8192,0.127699
283969,485367,8192,0.123469
284033,485303,8192,0.129294
284097,484449,8192,0.130457
284161,483690,8192,0.137613
284225,484049,8192,0.131216
284289,484296,8192,0.126254
284353,483779,8192,0.130990
284417,483063,8192,0.139160
284481,482827,8192,0.147271
284545,483176,8192,0.140904
284609,482678,8192,0.146800
284673,482921,8192,0.138618
284737,482546,8192,0.136094
284801,482069,8192,0.146360
284865,482014,8192,0.146050
284929,482464,8192,0.143315
284993,482497,8192,0.136507
285057,482763,8192,0.134445
285121,483531,8192,0.126219
285185,483899,8192,0.119088
285249,484157,8192,0.109140
285313,483950,8192,0.116857
285377,484436,8192,0.119439
285441,485056,8192,0.115093
285505,485390,8192,0.114599
285569,484821,8192,0.123377
285633,484163,8192,0.125212
285697,483186,8192,0.139932
285761,483380,8192,0.136603
285825,484135,8192,0.127002
285889,484339,8192,0.124958
285953,485296,8192,0.113145
286017,484859,8192,0.118412
286081,484028,8192,0.127850
286145,484555,8192,0.123314
286209,484593,8192,0.123367
286273,483416,8192,0.136904
286337,484092,8192,0.129427
286401,483789,8192,0.136108
286465,483935,8192,0.135657
286529,483595,8192,0.144295
286593,483419,8192,0.146882
286657,483910,8192,0.134545
286721,483770,8192,0.140668
286785,482550,8192,0.151080
286849,480829,8192,0.171364
286913,481247,8192,0.166143
286977,480988,8192,0.161346
287041,480212,8192,0.170598
287105,479941,8192,0.169316
287169,479963,8192,0.168430
287233,480392,8192,0.162482
287297,480174,8192,0.167989
287361,480552,8192,0.165687
287425,479698,8192,0.175437
287489,480103,8192,0.169242
287553,480210,8192,0.172187
287617,480585,8192,0.168877
287681,480769,8192,0.155510
287745,479368,8192,0.164435
287809,479671,8192,0.158540
287873,478520,8192,0.170025
287937,478753,8192,0.169659
288001,479369,8192,0.155366
288065,479484,8192,0.155948
288129,479830,8192,0.147222
288193,480299,8192,0.142873
288257,481096,8192,0.138214
288321,481324,8192,0.134193
288385,481447,8192,0.131759
288449,481210,8192,0.132252
288513,480794,8192,0.130406
288577,481373,8192,0.129607
288641,480959,8192,0.133244
288705,480739,8192,0.136849
288769,481468,8192,0.128042
288833,482490,8192,0.120522
288897,482821,8192,0.127456
288961,481759,8192,0.135931
289025,481846,8192,0.138503
289089,482234,8192,0.136298
289153,482258,8192,0.135073
289217,482547,8192,0.142074
289281,481876,8192,0.147301
289345,481954,8192,0.148382
289409,480933,8192,0.159369
289473,479287,8192,0.177287
289537,479959,8192,0.166860
289601,479912,8192,0.163057
289665,480436,8192,0.160738
289729,479657,8192,0.172894
289793,479140,8192,0.181005
289857,480025,8192,0.160993
289921,480821,8192,0.151028
289985,481091,8192,0.147614
290049,480660,8192,0.146964
290113,481331,8192,0.135200
290177,480539,8192,0.137470
290241,480260,8192,0.144177
290305,479158,8192,0.158459
290369,479128,8192,0.162302
290433,479327,8192,0.163157
290497,479752,8192,0.152980
290561,479277,8192,0.158392
290625,480328,8192,0.150044
290689,480346,8192,0.160531
290753,480833,8192,0.155695
290817,480912,8192,0.160273
290881,481608,8192,0.148922
290945,482143,8192,0.142362
291009,481359,8192,0.146117
291073,481041,8192,0.154451
291137,480979,8192,0.150696
291201,480842,8192,0.154212
291265,481576,8192,0.149642
291329,481633,8192,0.139393
291393,481446,8192,0.143904
291457,481040,8192,0.151225
291521,480994,8192,0.149354
291585,481310,8192,0.150034
291649,482300,8192,0.137796
291713,482561,8192,0.128385
291777,481485,8192,0.132830
291841,481449,8192,0.131513
291905,482149,8192,0.129199
291969,482540,8192,0.112780
292033,482258,8192,0.114710
292097,482614,8192,0.111513
292161,482660,8192,0.114368
292225,481894,8192,0.123477
292289,481885,8192,0.125331
292353,481308,8192,0.140599
292417,480961,8192,0.148197
292481,481469,8192,0.146115
292545,480796,8192,0.154979
292609,480446,8192,0.156916
292673,481573,8192,0.149714
292737,482272,8192,0.141285
292801,482136,8192,0.140580
292865,482502,8192,0.135097
292929,483406,8192,0.127491
292993,484643,8192,0.115245
293057,484651,8192,0.114308
293121,485426,8192,0.103848
293185,485469,8192,0.108266
293249,485775,8192,0.107088
293313,486055,8192,0.108337
293377,485928,8192,0.108918
293441,486515,8192,0.098552
293505,485935,8192,0.107272
293569,485766,8192,0.106476
293633,485917,8192,0.108742
293697,485632,8192,0.114681
293761,486404,8192,0.108870
293825,485563,8192,0.114274
293889,485484,8192,0.109473
293953,484786,8192,0.121688
294017,484750,8192,0.120800
294081,484917,8192,0.116205
294145,485281,8192,0.117185
294209,485312,8192,0.122451
294273,485551,8192,0.126448
294337,484882,8192,0.131380
294401,485708,8192,0.126759
294465,486117,8192,0.123200
294529,485444,8192,0.129311
294593,485505,8192,0.125927
294657,485939,8192,0.117558
294721,485222,8192,0.127785
294785,485580,8192,0.128472
294849,485976,8192,0.129836
294913,486795,8192,0.122462
294977,486886,8192,0.119046
295041,486924,8192,0.122581
295105,485756,8192,0.137269
295169,486831,8192,0.129423
295233,486437,8192,0.131794
295297,486177,8192,0.137898
295361,485603,8192,0.139828
295425,485257,8192,0.141540
295489,484243,8192,0.155762
295553,483952,8192,0.156374
295617,483806,8192,0.152944
295681,483747,8192,0.151661
295745,483987,8192,0.151124
295809,484285,8192,0.133154
295873,484737,8192,0.126119
295937,485057,8192,0.125185
296001,485014,8192,0.123441
296065,484818,8192,0.133253
296129,484518,8192,0.142303
296193,483786,8192,0.157791
296257,484274,8192,0.155081
296321,484947,8192,0.150618
296385,484986,8192,0.158915
296449,484400,8192,0.157485
296513,483674,8192,0.165223
296577,484054,8192,0.158370
296641,484181,8192,0.148400
296705,484380,8192,0.142977
296769,483814,8192,0.147875
296833,484624,8192,0.140887
296897,484831,8192,0.143196
296961,484330,8192,0.142893
297025,482485,8192,0.155444
297089,483024,8192,0.152322
297153,483961,8192,0.139170
297217,483643,8192,0.137353
297281,483727,8192,0.135709
297345,483895,8192,0.132255
297409,484408,8192,0.128004
297473,484196,8192,0.132769
297537,484908,8192,0.124311
297601,484120,8192,0.145538
297665,484806,8192,0.138596
297729,483457,8192,0.154283
297793,483348,8192,0.150662
297857,482874,8192,0.158628
297921,482907,8192,0.156891
297985,482129,8192,0.158516
298049,482267,8192,0.154496
298113,483118,8192,0.139301
298177,482351,8192,0.145819
298241,483009,8192,0.134368
298305,482847,8192,0.132866
298369,483471,8192,0.134818
298433,483601,8192,0.130149
298497,483868,8192,0.134243
298561,482666,8192,0.147013
298625,483420,8192,0.138633
298689,482163,8192,0.142974
298753,482350,8192,0.141077
298817,482686,8192,0.136785
298881,482341,8192,0.142566
298945,482702,8192,0.142241
299009,482816,8192,0.137967
299073,483249,8192,0.136947
299137,483914,8192,0.128774
299201,484009,8192,0.129331
299265,483256,8192,0.132887
299329,483234,8192,0.132942
299393,482933,8192,0.136348
299457,482561,8192,0.132687
299521,482973,8192,0.133242
299585,481664,8192,0.140496
299649,480404,8192,0.151773
299713,481335,8192,0.135146
299777,481256,8192,0.138877
299841,481507,8192,0.129208
299905,481814,8192,0.128087
299969,481756,8192,0.126295
300033,482098,8192,0.118025
300097,482227,8192,0.118312
300161,482373,8192,0.111528
300225,482093,8192,0.111039
300289,481255,8192,0.117526
300353,480972,8192,0.116078
300417,480958,8192,0.115095
300481,480880,8192,0.115458
300545,480396,8192,0.123844
300609,480163,8192,0.127386
300673,480174,8192,0.128714
300737,480107,8192,0.131274
300801,481013,8192,0.130881
300865,481698,8192,0.118460
300929,482340,8192,0.116676
300993,483082,8192,0.103814
301057,483566,8192,0.104302
301121,484073,8192,0.097921
301185,484526,8192,0.090337
301249,484418,8192,0.094369
301313,484852,8192,0.091222
301377,484337,8192,0.100622
301441,485855,8192,0.082465
301505,485609,8192,0.091186
301569,485142,8192,0.094365
301633,485258,8192,0.094461
301697,484503,8192,0.107123
301761,485170,8192,0.096813
301825,484645,8192,0.110384
301889,485009,8192,0.107471
301953,485432,8192,0.104307
302017,485133,8192,0.115117
302081,485688,8192,0.111584
302145,485558,8192,0.111910
302209,484351,8192,0.126543
302273,484273,8192,0.122997
302337,484117,8192,0.116110
302401,483655,8192,0.120336
302465,484057,8192,0.118407
302529,483350,8192,0.120594
302593,482792,8192,0.124442
302657,483358,8192,0.117952
302721,483174,8192,0.117073
302785,483376,8192,0.117527
302849,483536,8192,0.110008
302913,483759,8192,0.104911
302977,482991,8192,0.111165
303041,483136,8192,0.107154
303105,483449,8192,0.103473
303169,483456,8192,0.102220
303233,483355,8192,0.099321
303297,484002,8192,0.094311
303361,483782,8192,0.095382
303425,484370,8192,0.090659
303489,483538,8192,0.097998
303553,483678,8192,0.089912
303617,483605,8192,0.093987
303681,483071,8192,0.095909
303745,483016,8192,0.099385
303809,483601,8192,0.096022
303873,484099,8192,0.092434
303937,483886,8192,0.094581
304001,484182,8192,0.096790
304065,484784,8192,0.093952
304129,484891,8192,0.098613
304193,484004,8192,0.108530
304257,482915,8192,0.125713
304321,482162,8192,0.133167
304385,482517,8192,0.127105
304449,482238,8192,0.130294
304513,482806,8192,0.121017
304577,482906,8192,0.125847
304641,482283,8192,0.130927
304705,483104,8192,0.121750
304769,482983,8192,0.130590
304833,483277,8192,0.130769
304897,482381,8192,0.146634
304961,482246,8192,0.149954
305025,482295,8192,0.152379
305089,480949,8192,0.161349
305153,481685,8192,0.158229
305217,481895,8192,0.147721
305281,481362,8192,0.149531
305345,481285,8192,0.147913
305409,481246,8192,0.150177
305473,481477,8192,0.144531
305537,481700,8192,0.140018
305601,481498,8192,0.141672
305665,480812,8192,0.148896
305729,481991,8192,0.132917
305793,481659,8192,0.137263
305857,481277,8192,0.133120
305921,481521,8192,0.122916
305985,481515,8192,0.126284
306049,482160,8192,0.113383
306113,481701,8192,0.121285
306177,480923,8192,0.126084
306241,478983,8192,0.149090
306305,478380,8192,0.158076
306369,477100,8192,0.171105
306433,477590,8192,0.169632
306497,477301,8192,0.169538
306561,478430,8192,0.167137
306625,478902,8192,0.162325
306689,478717,8192,0.171254
306753,479597,8192,0.159071
306817,479558,8192,0.158802
306881,479478,8192,0.165920
306945,480071,8192,0.154634
307009,481051,8192,0.141624
307073,481268,8192,0.143862
307137,480565,8192,0.151310
307201,479922,8192,0.157738
307265,480063,8192,0.160395
307329,479707,8192,0.166813
307393,478804,8192,0.165728
307457,479390,8192,0.162917
307521,479090,8192,0.162207
307585,479293,8192,0.161563
307649,478336,8192,0.166954
307713,478508,8192,0.161851
307777,478141,8192,0.163264
307841,477668,8192,0.170518
307905,477791,8192,0.172153
307969,477777,8192,0.167326
308033,478944,8192,0.155528
308097,479176,8192,0.152520
308161,479923,8192,0.145069
308225,479451,8192,0.155672
308289,480612,8192,0.148792
308353,481343,8192,0.137429
308417,481225,8192,0.134317
308481,480729,8192,0.139802
308545,480992,8192,0.138711
308609,480979,8192,0.141938
308673,479866,8192,0.158819
308737,479777,8192,0.160719
308801,480252,8192,0.156966
308865,479969,8192,0.157501
308929,480391,8192,0.156316
308993,479232,8192,0.173593
309057,479410,8192,0.168705
309121,481205,8192,0.149787
309185,482052,8192,0.140732
309249,482478,8192,0.138441
309313,484234,8192,0.119065
309377,484490,8192,0.115980
309441,484932,8192,0.115603
309505,486078,8192,0.101301
309569,485717,8192,0.106478
309633,485304,8192,0.110555
309697,484944,8192,0.118576
309761,484415,8192,0.121606
309825,484226,8192,0.127418
309889,483802,8192,0.134175
309953,483422,8192,0.144415
310017,484391,8192,0.131192
310081,485007,8192,0.116984
310145,485326,8192,0.117910
310209,485697,8192,0.119920
310273,484610,8192,0.129383
310337,484561,8192,0.130441
310401,485703,8192,0.114165
310465,485980,8192,0.111863
310529,485874,8192,0.116935
310593,486124,8192,0.120062
310657,486476,8192,0.124236
310721,487088,8192,0.122998
310785,487829,8192,0.121700
310849,487750,8192,0.117366
310913,487765,8192,0.121716
310977,488690,8192,0.109596
311041,488590,8192,0.112871
311105,488439,8192,0.118431
311169,487845,8192,0.128274
311233,487242,8192,0.134310
311297,486722,8192,0.137917
311361,486466,8192,0.133263
311425,486906,8192,0.125418
311489,486788,8192,0.133038
311553,487317,8192,0.122230
311617,487266,8192,0.128572
311681,487028,8192,0.132351
311745,486454,8192,0.127181
311809,485697,8192,0.131767
311873,485278,8192,0.133880
311937,485440,8192,0.127639
312001,486115,8192,0.119028
312065,485665,8192,0.121945
312129,484962,8192,0.127650
312193,485919,8192,0.111850
312257,485526,8192,0.117721
312321,486122,8192,0.106535
312385,485927,8192,0.110615
312449,485711,8192,0.115335
312513,484793,8192,0.124620
312577,484433,8192,0.128961
312641,483450,8192,0.138580
312705,483812,8192,0.133190
312769,483820,8192,0.138398
312833,483474,8192,0.140749
312897,482385,8192,0.153094
312961,481218,8192,0.159419
313025,481510,8192,0.160839
313089,481864,8192,0.154997
313153,482653,8192,0.154254
313217,483557,8192,0.146728
313281,483986,8192,0.145078
313345,484842,8192,0.137104
313409,484754,8192,0.136687
313473,485099,8192,0.133948
313537,485555,8192,0.133001
313601,486184,8192,0.128437
313665,486295,8192,0.124645
313729,485922,8192,0.127541
313793,485762,8192,0.129052
313857,484956,8192,0.133328
313921,484358,8192,0.136883
313985,482562,8192,0.151161
314049,482320,8192,0.153536
314113,482168,8192,0.148404
314177,482083,8192,0.148242
314241,481734,8192,0.145768
314305,482213,8192,0.132356
314369,482138,8192,0.131681
314433,482604,8192,0.117837
314497,482895,8192,0.121257
314561,483491,8192,0.124176
314625,483538,8192,0.121541
314689,483074,8192,0.127566
314753,484105,8192,0.119234
314817,483942,8192,0.118238
314881,484042,8192,0.113851
314945,483562,8192,0.121094
315009,483593,8192,0.113257
315073,483251,8192,0.112357
315137,482541,8192,0.112175
315201,482791,8192,0.111024
315265,482140,8192,0.109932
315329,482395,8192,0.112273
315393,483132,8192,0.103681
315457,481857,8192,0.121564
315521,483590,8192,0.101595
315585,482001,8192,0.114485
315649,481283,8192,0.123965
315713,481711,8192,0.111218
315777,482273,8192,0.114499
315841,482520,8192,0.114131
315905,481835,8192,0.128472
315969,481802,8192,0.126043
316033,481769,8192,0.120925
316097,482487,8192,0.117577
316161,482509,8192,0.113268
316225,483037,8192,0.123909
316289,483181,8192,0.124475
316353,483812,8192,0.116125
316417,483593,8192,0.120119
316481,483720,8192,0.123616
316545,484144,8192,0.120169
316609,483955,8192,0.123573
316673,484098,8192,0.128078
316737,482998,8192,0.146279
316801,483408,8192,0.148587
316865,482536,8192,0.165957
316929,482926,8192,0.169363
316993,481232,8192,0.191515
317057,481044,8192,0.179766
317121,480200,8192,0.189316
317185,479496,8192,0.186537
317249,479234,8192,0.183703
317313,479000,8192,0.185711
317377,479374,8192,0.171792
317441,479030,8192,0.170909
317505,479731,8192,0.153950
317569,479610,8192,0.157157
317633,479474,8192,0.151121
317697,479844,8192,0.148434
317761,480894,8192,0.141079
317825,481451,8192,0.134595
317889,481164,8192,0.139851
317953,481801,8192,0.130047
318017,482458,8192,0.125191
318081,482361,8192,0.125665
318145,482628,8192,0.127273
318209,484226,8192,0.102484
318273,484125,8192,0.099365
318337,483607,8192,0.098012
318401,483648,8192,0.097133
318465,482877,8192,0.111719
318529,482448,8192,0.111638
318593,481926,8192,0.118329
318657,481282,8192,0.130331
318721,481705,8192,0.127705
318785,481613,8192,0.127169
318849,481619,8192,0.127051
318913,481585,8192,0.125419
318977,481180,8192,0.130315
319041,480731,8192,0.127830
319105,481257,8192,0.126241
319169,480352,8192,0.129246
319233,479890,8192,0.137704
319297,480221,8192,0.141700
319361,480138,8192,0.144342
319425,480100,8192,0.139358
319489,480273,8192,0.137235
319553,479260,8192,0.147075
319617,479243,8192,0.148239
319681,479686,8192,0.142053
319745,480364,8192,0.136936
319809,480239,8192,0.133650
319873,480254,8192,0.128549
319937,480604,8192,0.124519
320001,480871,8192,0.115098
320065,480511,8192,0.117941
320129,481154,8192,0.113574
320193,481602,8192,0.108331
320257,481294,8192,0.102857
320321,482634,8192,0.094497
320385,482384,8192,0.100628
320449,482664,8192,0.097397
320513,483177,8192,0.090748
320577,482673,8192,0.098974
320641,481524,8192,0.115622
320705,482009,8192,0.105553
320769,481533,8192,0.108177
320833,479446,8192,0.126781
320897,478710,8192,0.142693
320961,477271,8192,0.157073
321025,476721,8192,0.162499
321089,476613,8192,0.164869
321153,475961,8192,0.172776
321217,474723,8192,0.187434
321281,474130,8192,0.197687
321345,473862,8192,0.199032
321409,474049,8192,0.195376
321473,475353,8192,0.172964
321537,476805,8192,0.158247
321601,476620,8192,0.163221
321665,476973,8192,0.161888
321729,478013,8192,0.155758
321793,477626,8192,0.161220
321857,476845,8192,0.166383
321921,477265,8192,0.163034
321985,478027,8192,0.154279
322049,477869,8192,0.150421
322113,478063,8192,0.153668
322177,477717,8192,0.160525
322241,477739,8192,0.154817
322305,477923,8192,0.151674
322369,478668,8192,0.144723
322433,477958,8192,0.158070
322497,478801,8192,0.145748
322561,479725,8192,0.134027
322625,479889,8192,0.140614
322689,480207,8192,0.138442
322753,480787,8192,0.134767
322817,481208,8192,0.128896
322881,480656,8192,0.139122
322945,481070,8192,0.140118
323009,480240,8192,0.153597
323073,479724,8192,0.152913
323137,480347,8192,0.144515
323201,480482,8192,0.144912
323265,480441,8192,0.139847
323329,480400,8192,0.139125
323393,480724,8192,0.141036
323457,480688,8192,0.139162
323521,480812,8192,0.138425
323585,481321,8192,0.135949
323649,479641,8192,0.160085
323713,479172,8192,0.165243
323777,479521,8192,0.162807
323841,478241,8192,0.175709
323905,477874,8192,0.179953
323969,478254,8192,0.176231
324033,478121,8192,0.174569
324097,478335,8192,0.178641
324161,477674,8192,0.186988
324225,478399,8192,0.181112
324289,479056,8192,0.176083
324353,479613,8192,0.162230
324417,480327,8192,0.158267
324481,480424,8192,0.159557
324545,479332,8192,0.177930
324609,478800,8192,0.176879
324673,477829,8192,0.181929
324737,477841,8192,0.183610
324801,478423,8192,0.177581
324865,477583,8192,0.188429
324929,478073,8192,0.183901
324993,478651,8192,0.179773
325057,479351,8192,0.166847
325121,478315,8192,0.170518
325185,479123,8192,0.159671
325249,479267,8192,0.159055
325313,480209,8192,0.155219
325377,480222,8192,0.156112
325441,480822,8192,0.145312
325505,480928,8192,0.141322
325569,480387,8192,0.151392
325633,480459,8192,0.150104
325697,480977,8192,0.142173
325761,481121,8192,0.145650
325825,480149,8192,0.156221
325889,480770,8192,0.147397
325953,481225,8192,0.141394
326017,481415,8192,0.141696
326081,479977,8192,0.154680
326145,480252,8192,0.155237
326209,480244,8192,0.147749
326273,480625,8192,0.142601
326337,480386,8192,0.149850
326401,479867,8192,0.155852
326465,480445,8192,0.148051
326529,479693,8192,0.158298
326593,479347,8192,0.160899
326657,480568,8192,0.153178
326721,481379,8192,0.142509
326785,480399,8192,0.153125
326849,481306,8192,0.143701
326913,480404,8192,0.141594
326977,480099,8192,0.142012
327041,480216,8192,0.139209
327105,481254,8192,0.128860
327169,481459,8192,0.127661
327233,482182,8192,0.123637
327297,481975,8192,0.127622
327361,481445,8192,0.128583
327425,482235,8192,0.122309
327489,481496,8192,0.124852
327553,481356,8192,0.125501
327617,481244,8192,0.124875
327681,480414,8192,0.137740
327745,480604,8192,0.134725
327809,480182,8192,0.135591
327873,479813,8192,0.147052
327937,479550,8192,0.146818
328001,479355,8192,0.151947
328065,478830,8192,0.154463
328129,477883,8192,0.155982
328193,478135,8192,0.156272
328257,478360,8192,0.157392
328321,477316,8192,0.166904
328385,476715,8192,0.171832
328449,477007,8192,0.162228
328513,477324,8192,0.153507
328577,477782,8192,0.152442
328641,478541,8192,0.149773
328705,478322,8192,0.151919
328769,478543,8192,0.146687
328833,478700,8192,0.147107
328897,478434,8192,0.143150
328961,478989,8192,0.134512
329025,479222,8192,0.125838
329089,479342,8192,0.125896
329153,479768,8192,0.120407
329217,305811,8192,1.667973
329281,309744,8192,0.946741
329345,324249,8192,0.715423
329409,333698,8192,0.584949
329473,341296,8192,0.485532
329537,348650,8192,0.422738
329601,354031,8192,0.386602
329665,310806,8192,0.959265
329729,86064,8192,3.369640
329793,59507,8192,3.727141
329857,63247,8192,3.707902
329921,61610,8192,3.760032
329985,60271,8192,3.810426
330049,61138,8192,3.868577
330113,59585,8192,3.950735
330177,60395,8192,4.011431
330241,60474,8192,4.056655
330305,60387,8192,4.027269
330369,60913,8192,4.070780
330433,61177,8192,4.068393
330497,62472,8192,4.144221
330561,61762,8192,4.171718
330625,62266,8192,4.144682
330689,60201,8192,4.214912
330753,59973,8192,4.235822
330817,60318,8192,4.278498
330881,60656,8192,4.328844
330945,60769,8192,4.363148
331009,58274,8192,4.352851
331073,56751,8192,4.394084
331137,57910,8192,4.378731
331201,57089,8192,4.392589
331265,57869,8192,4.333230
331329,58412,8192,4.367262
331393,57630,8192,4.369308
331457,58561,8192,4.367754
331521,57897,8192,4.409087
331585,56092,8192,4.469148
331649,57637,8192,4.434562
331713,57221,8192,4.462756
331777,56570,8192,4.456676
331841,57595,8192,4.474121
331905,57378,8192,4.538629
331969,56923,8192,4.527608
332033,55503,8192,4.535762
332097,56443,8192,4.590102
332161,56113,8192,4.697659
332225,56377,8192,4.765247
332289,56986,8192,4.771534
332353,58449,8192,4.826413
332417,58110,8192,4.866506
332481,59759,8192,4.892987
332545,61507,8192,4.914485
332609,59866,8192,4.950327
332673,60935,8192,4.933714
332737,62340,8192,4.984962
332801,62685,8192,4.961934
332865,62686,8192,4.976378
332929,62208,8192,5.019265
332993,62435,8192,5.046170
333057,64204,8192,5.089776
333121,62576,8192,5.179839
333185,62772,8192,5.218624
333249,63085,8192,5.269816
333313,62102,8192,5.306140
333377,62641,8192,5.311520
333441,63528,8192,5.277741
333505,64360,8192,5.291895
333569,63486,8192,5.306126
333633,63724,8192,5.273780
333697,63523,8192,5.330831
333761,62833,8192,5.298281
333825,63691,8192,5.350651
333889,64922,8192,5.314864
333953,63227,8192,5.375276
334017,63726,8192,5.405105
334081,64813,8192,5.406344
334145,63881,8192,5.442104
334209,64013,8192,5.426208
334273,63082,8192,5.437497
334337,65466,8192,5.413810
334401,66508,8192,5.417134
334465,65203,8192,5.456067
334529,66216,8192,5.418279
334593,65746,8192,5.443632
334657,65825,8192,5.465844
334721,64128,8192,5.497066
334785,65535,8192,5.495729
334849,65814,8192,5.487813
334913,62749,8192,5.542560
334977,63128,8192,5.556939
335041,64222,8192,5.574020
335105,64465,8192,5.585599
335169,63247,8192,5.621343
335233,64488,8192,5.595852
335297,63694,8192,5.628263
335361,65487,8192,5.597245
335425,65400,8192,5.585104
335489,66271,8192,5.593459
335553,66797,8192,5.589258
335617,66033,8192,5.566828
335681,67914,8192,5.523195
335745,66149,8192,5.542528
335809,65678,8192,5.550854
335873,67422,8192,5.525719
335937,67777,8192,5.570201
336001,68097,8192,5.537833
336065,66219,8192,5.581466
336129,66599,8192,5.564866
336193,63615,8192,5.581215
336257,64547,8192,5.545166
336321,63430,8192,5.563362
336385,64170,8192,5.577747
336449,65609,8192,5.584260
336513,67339,8192,5.585420
336577,65359,8192,5.623233
336641,66474,8192,5.592599
336705,65968,8192,5.568315
336769,67533,8192,5.552979
336833,68552,8192,5.470047
336897,67763,8192,5.393746
336961,68030,8192,5.413507
337025,67868,8192,5.399142
337089,67791,8192,5.432203
337153,67160,8192,5.499110
337217,68500,8192,5.511909
337281,69259,8192,5.444954
337345,66696,8192,5.488663
337409,67294,8192,5.488412
337473,67770,8192,5.524021
337537,67129,8192,5.477026
337601,68917,8192,5.439821
337665,66784,8192,5.450345
337729,68645,8192,5.417090
337793,68860,8192,5.344153
337857,70391,8192,5.315032
337921,68820,8192,5.348229
337985,68753,8192,5.360634
338049,69102,8192,5.334767
338113,68782,8192,5.419747
338177,67854,8192,5.445684
338241,67763,8192,5.459374
338305,68049,8192,5.457317
338369,67314,8192,5.448163
338433,69028,8192,5.447016
338497,68330,8192,5.487012
338561,67856,8192,5.508491
338625,67152,8192,5.491044
338689,66600,8192,5.476487
338753,67199,8192,5.473593
338817,67754,8192,5.472376
338881,68988,8192,5.446411
338945,68075,8192,5.435537
339009,67970,8192,5.420105
339073,65666,8192,5.490235
339137,66621,8192,5.507380
339201,66490,8192,5.491996
339265,66038,8192,5.491493
339329,65952,8192,5.508721
339393,67527,8192,5.526011
339457,68830,8192,5.518431
339521,67798,8192,5.550961
339585,66526,8192,5.574050
339649,67223,8192,5.559703
339713,68248,8192,5.466304
339777,68707,8192,5.480438
339841,67457,8192,5.468253
339905,66727,8192,5.508481
339969,67519,8192,5.527911
340033,66852,8192,5.554750
340097,67515,8192,5.538418
340161,66678,8192,5.547081
340225,66645,8192,5.514555
340289,67066,8192,5.525202
340353,67387,8192,5.535464
340417,67345,8192,5.552888
340481,68157,8192,5.515037
340545,67091,8192,5.577926
340609,68729,8192,5.542081
340673,70848,8192,5.459193
340737,68448,8192,5.525385
340801,68639,8192,5.547713
340865,69433,8192,5.569575
340929,67794,8192,5.562001
340993,68936,8192,5.517651
341057,70369,8192,5.474401
341121,68184,8192,5.464263
341185,68341,8192,5.440775
341249,68036,8192,5.505523
341313,66010,8192,5.594296
341377,67749,8192,5.618731
341441,67754,8192,5.652819
341505,67136,8192,5.639750
341569,63700,8192,5.711979
341633,66273,8192,5.704958
341697,67377,8192,5.703218
341761,66629,8192,5.742113
341825,66879,8192,5.707733
341889,67064,8192,5.688651
341953,66627,8192,5.669710
342017,66475,8192,5.695806
342081,66631,8192,5.685442
342145,68367,8192,5.665736
342209,68238,8192,5.638261
342273,71281,8192,5.566081
342337,67886,8192,5.667329
342401,68459,8192,5.651361
342465,69140,8192,5.620603
342529,68713,8192,5.613888
342593,68735,8192,5.568585
342657,69574,8192,5.565929
342721,67659,8192,5.607619
342785,67754,8192,5.636921
342849,68575,8192,5.631189
342913,70641,8192,5.567027
342977,68466,8192,5.572377
343041,69494,8192,5.557611
343105,69303,8192,5.571422
343169,70169,8192,5.572112
343233,71187,8192,5.488226
343297,69346,8192,5.533027
343361,69907,8192,5.558430
343425,69155,8192,5.560209
343489,67858,8192,5.579625
343553,66488,8192,5.584094
343617,66405,8192,5.535388
343681,68298,8192,5.456369
343745,70576,8192,5.417907
343809,69915,8192,5.430966
343873,70039,8192,5.418275
343937,70049,8192,5.338772
344001,69352,8192,5.303245
344065,69509,8192,5.343118
344129,68229,8192,5.403588
344193,66444,8192,5.455322
344257,67277,8192,5.441005
344321,68619,8192,5.481945
344385,68084,8192,5.488683
344449,66256,8192,5.539578
344513,68167,8192,5.507299
344577,68554,8192,5.485316
344641,67581,8192,5.525581
344705,67777,8192,5.539126
344769,68861,8192,5.484772
344833,67380,8192,5.527532
344897,68154,8192,5.501246
344961,67314,8192,5.500186
345025,67019,8192,5.507599
345089,67963,8192,5.490458
345153,69641,8192,5.451182
345217,68025,8192,5.488133
345281,67916,8192,5.500235
345345,67715,8192,5.493981
345409,67621,8192,5.477476
345473,68508,8192,5.456135
345537,68431,8192,5.433769
345601,68512,8192,5.435288
345665,70397,8192,5.345942
345729,67415,8192,5.440504
345793,68408,8192,5.380129
345857,69436,8192,5.368562
345921,70590,8192,5.355765
345985,69979,8192,5.334925
346049,70428,8192,5.363763
346113,70891,8192,5.345824
346177,69803,8192,5.374009
346241,69803,8192,5.397793
346305,68806,8192,5.418211
346369,68767,8192,5.433898
346433,69119,8192,5.410747
346497,69861,8192,5.421474
346561,68792,8192,5.436815
346625,67041,8192,5.508257
346689,66794,8192,5.548435
346753,66240,8192,5.543360
346817,67292,8192,5.537371
346881,65523,8192,5.593019
346945,63508,8192,5.637086
347009,66581,8192,5.583247
347073,67577,8192,5.540776
347137,67754,8192,5.522880
347201,66873,8192,5.505977
347265,67354,8192,5.502575
347329,68728,8192,5.519125
347393,70705,8192,5.509486
347457,65005,8192,5.605833
347521,65623,8192,5.565697
347585,66555,8192,5.508927
347649,67697,8192,5.482995
347713,69095,8192,5.419996
347777,69685,8192,5.483831
347841,66902,8192,5.495302
347905,66708,8192,5.477493
347969,69680,8192,5.378174
348033,69265,8192,5.374510
348097,68249,8192,5.480921
348161,70176,8192,5.464167
348225,67939,8192,5.429218
348289,68628,8192,5.412582
348353,70203,8192,5.400142
348417,67784,8192,5.442348
348481,68885,8192,5.412395
348545,66737,8192,5.490266
348609,68738,8192,5.418649
348673,69086,8192,5.401086
348737,67225,8192,5.382839
348801,67404,8192,5.309745
348865,67321,8192,5.338715
348929,68921,8192,5.353760
348993,68485,8192,5.367023
349057,68112,8192,5.358107
349121,67931,8192,5.361691
349185,68455,8192,5.359253
349249,68960,8192,5.342768
349313,68991,8192,5.322390
349377,68229,8192,5.339950
349441,67790,8192,5.348634
349505,68848,8192,5.361380
349569,68549,8192,5.305454
349633,68664,8192,5.352662
349697,67352,8192,5.360171
349761,68519,8192,5.319080
349825,66089,8192,5.379077
349889,67491,8192,5.377094
349953,67624,8192,5.405350
350017,66369,8192,5.452446
350081,65979,8192,5.499140
350145,67314,8192,5.507772
350209,66856,8192,5.501456
350273,67519,8192,5.502876
350337,65334,8192,5.526666
350401,66939,8192,5.511172
350465,63569,8192,5.527188
350529,65821,8192,5.499446
350593,67561,8192,5.469363
350657,67042,8192,5.470034
350721,67423,8192,5.444218
350785,68791,8192,5.456231
350849,69103,8192,5.467460
350913,67679,8192,5.487693
350977,68582,8192,5.461542
351041,68244,8192,5.469675
351105,68340,8192,5.465491
351169,70056,8192,5.426277
351233,69702,8192,5.424810
351297,68677,8192,5.461257
351361,68281,8192,5.502992
351425,67063,8192,5.509176
351489,67242,8192,5.475311
351553,67480,8192,5.447612
351617,67166,8192,5.460972
351681,66852,8192,5.471514
351745,66730,8192,5.462888
351809,66636,8192,5.506734
351873,69479,8192,5.458040
351937,65256,8192,5.556049
352001,63778,8192,5.603552
352065,65302,8192,5.582365
352129,65517,8192,5.597121
352193,66172,8192,5.629668
352257,67481,8192,5.626560
352321,68254,8192,5.617574
352385,67472,8192,5.640052
352449,67785,8192,5.587723
352513,67717,8192,5.549675
352577,67837,8192,5.538097
352641,68735,8192,5.522688
352705,66484,8192,5.571910
352769,68146,8192,5.516943
352833,69201,8192,5.534036
352897,69137,8192,5.473458
352961,67342,8192,5.524777
353025,67653,8192,5.485890
353089,69269,8192,5.462397
353153,68336,8192,5.437605
353217,68364,8192,5.432426
353281,71281,8192,5.393919
353345,70240,8192,5.391484
353409,69087,8192,5.401401
353473,69549,8192,5.393683
353537,66040,8192,5.458894
353601,68611,8192,5.466427
353665,67983,8192,5.503911
353729,68583,8192,5.480630
353793,68715,8192,5.503431
353857,67896,8192,5.506621
353921,66593,8192,5.533803
353985,66869,8192,5.515445
354049,65211,8192,5.573407
354113,65689,8192,5.551363
354177,66566,8192,5.537035
354241,66771,8192,5.553983
354305,66433,8192,5.536456
354369,66025,8192,5.549996
354433,65174,8192,5.564432
354497,66337,8192,5.575465
354561,66469,8192,5.575692
354625,67120,8192,5.587345
354689,67044,8192,5.616762
354753,65734,8192,5.637222
354817,64552,8192,5.654237
354881,65979,8192,5.629322
354945,68014,8192,5.607168
355009,68411,8192,5.616251
355073,65604,8192,5.661782
355137,68067,8192,5.641868
355201,66262,8192,5.662413
355265,65969,8192,5.654804
355329,65491,8192,5.641406
355393,66615,8192,5.642486
355457,65259,8192,5.666487
355521,65223,8192,5.657418
355585,68857,8192,5.623428
355649,68750,8192,5.621238
355713,67363,8192,5.651504
355777,67396,8192,5.650813
355841,66948,8192,5.647069
355905,65965,8192,5.664034
355969,66311,8192,5.631615
356033,67631,8192,5.632524
356097,67324,8192,5.617022
356161,68183,8192,5.607538
356225,68237,8192,5.551999
356289,70049,8192,5.559464
356353,67617,8192,5.587420
356417,67273,8192,5.625889
356481,66062,8192,5.627321
356545,67402,8192,5.611205
356609,66832,8192,5.632052
356673,66837,8192,5.626151
356737,66805,8192,5.627250
356801,67978,8192,5.639972
356865,67910,8192,5.672183
356929,67270,8192,5.681867
356993,66057,8192,5.713854
357057,66848,8192,5.704749
357121,66257,8192,5.706480
357185,66789,8192,5.738011
357249,66120,8192,5.732471
357313,67545,8192,5.685248
357377,67187,8192,5.680785
357441,66844,8192,5.670376
357505,68068,8192,5.676408
357569,65769,8192,5.710947
357633,64584,8192,5.720583
357697,67500,8192,5.678432
357761,67386,8192,5.681118
357825,67499,8192,5.692537
357889,66793,8192,5.716653
357953,66875,8192,5.725225
358017,66392,8192,5.725167
358081,65554,8192,5.724072
358145,65904,8192,5.697503
358209,67134,8192,5.684634
358273,67269,8192,5.708691
358337,66728,8192,5.713542
358401,68260,8192,5.716250
358465,69487,8192,5.685155
358529,70155,8192,5.669569
358593,69484,8192,5.697171
358657,67476,8192,5.731017
358721,68520,8192,5.712661
358785,67422,8192,5.756554
358849,66619,8192,5.752955
358913,66417,8192,5.748982
358977,68357,8192,5.750849
359041,68460,8192,5.761241
359105,66266,8192,5.801839
359169,70162,8192,5.730096
359233,67316,8192,5.731915
359297,67520,8192,5.745597
359361,67974,8192,5.730953
359425,67310,8192,5.778490
359489,66744,8192,5.821137
359553,67730,8192,5.770189
359617,68183,8192,5.746363
359681,66147,8192,5.758173
359745,69165,8192,5.714765
359809,68001,8192,5.755332
359873,66120,8192,5.797918
359937,67510,8192,5.800502
360001,67848,8192,5.806396
360065,67418,8192,5.800056
360129,67261,8192,5.808936
360193,68496,8192,5.772323
360257,67344,8192,5.751018
360321,66727,8192,5.731380
360385,65950,8192,5.732356
360449,64764,8192,5.763924
360513,63939,8192,5.736505
360577,66678,8192,5.717223
360641,65923,8192,5.717455
360705,66199,8192,5.685821
360769,65264,8192,5.711630
360833,65871,8192,5.674661
360897,66201,8192,5.658200
360961,67435,8192,5.653924
361025,66012,8192,5.703856
361089,67670,8192,5.677117
361153,69730,8192,5.654609
361217,68202,8192,5.701262
361281,67529,8192,5.705711
361345,66519,8192,5.739948
361409,64984,8192,5.714233
361473,65492,8192,5.690955
361537,65800,8192,5.709651
361601,65732,8192,5.725261
361665,64228,8192,5.738932
361729,65087,8192,5.722214
361793,66147,8192,5.669217
361857,67512,8192,5.658496
361921,69287,8192,5.623857
361985,66415,8192,5.679410
362049,66545,8192,5.609750
362113,67170,8192,5.594875
362177,65897,8192,5.642787
362241,67731,8192,5.611956
362305,66484,8192,5.608968
362369,67383,8192,5.574447
362433,67062,8192,5.632090
362497,66169,8192,5.686837
362561,64495,8192,5.633142
362625,65212,8192,5.579104
362689,66107,8192,5.525328
362753,65062,8192,5.585128
362817,65584,8192,5.594619
362881,66842,8192,5.599401
362945,64327,8192,5.619293
363009,66806,8192,5.606856
363073,65471,8192,5.629940
363137,65382,8192,5.616673
363201,67316,8192,5.590514
363265,67199,8192,5.622185
363329,68151,8192,5.569654
363393,67046,8192,5.608028
363457,66828,8192,5.614207
363521,65446,8192,5.639667
363585,64266,8192,5.650674
363649,64139,8192,5.683122
363713,64806,8192,5.643813
363777,67092,8192,5.611835
363841,67045,8192,5.591436
363905,67932,8192,5.608071
363969,65648,8192,5.630621
364033,65882,8192,5.665016
364097,66107,8192,5.683366
364161,66907,8192,5.681729
364225,65582,8192,5.727495
364289,65811,8192,5.734536
364353,67045,8192,5.711981
364417,68131,8192,5.697555
364481,68149,8192,5.704595
364545,67768,8192,5.681002
364609,66868,8192,5.696115
364673,65696,8192,5.707805
364737,66706,8192,5.741269
364801,68379,8192,5.695802
364865,67093,8192,5.688887
364929,68762,8192,5.590095
364993,68541,8192,5.614875
365057,67563,8192,5.644975
365121,66421,8192,5.746579
365185,68231,8192,5.715294
365249,66311,8192,5.764565
365313,67203,8192,5.749645
365377,67360,8192,5.732688
365441,63708,8192,5.785968
365505,65044,8192,5.745614
365569,66360,8192,5.705488
365633,66856,8192,5.740659
365697,68000,8192,5.706614
365761,66545,8192,5.705120
365825,66017,8192,5.678583
365889,68412,8192,5.655624
365953,68030,8192,5.649418
366017,66196,8192,5.717794
366081,68597,8192,5.694933
366145,66814,8192,5.694610
366209,68210,8192,5.698021
366273,68242,8192,5.676565
366337,66125,8192,5.698677
366401,67076,8192,5.734263
366465,68398,8192,5.718777
366529,67875,8192,5.698983
366593,65709,8192,5.723336
366657,67378,8192,5.684234
366721,67688,8192,5.720616
366785,66598,8192,5.697438
366849,65935,8192,5.665472
366913,66139,8192,5.625030
366977,66652,8192,5.646249
367041,67836,8192,5.631011
367105,66219,8192,5.680204
367169,65664,8192,5.651366
367233,67212,8192,5.607678
367297,68548,8192,5.581236
367361,70032,8192,5.534190
367425,68595,8192,5.563610
367489,67786,8192,5.589578
367553,67110,8192,5.544917
367617,68251,8192,5.546764
367681,68536,8192,5.518635
367745,68466,8192,5.488582
367809,68927,8192,5.529645
367873,67201,8192,5.544845
367937,67649,8192,5.583511
368001,67882,8192,5.549473
368065,65929,8192,5.516716
368129,68478,8192,5.497580
368193,66894,8192,5.523409
368257,67343,8192,5.488099
368321,67982,8192,5.469860
368385,68408,8192,5.433977
368449,68163,8192,5.445911
368513,66732,8192,5.450076
368577,66400,8192,5.474793
368641,66305,8192,5.473098
368705,66366,8192,5.491762
368769,67858,8192,5.377951
368833,69121,8192,5.405625
368897,67511,8192,5.426606
368961,67368,8192,5.411417
369025,63962,8192,5.552089
369089,67194,8192,5.516893
369153,68633,8192,5.449230
369217,66726,8192,5.449047
369281,65943,8192,5.462554
369345,65025,8192,5.482300
369409,66243,8192,5.456062
369473,66364,8192,5.432908
369537,64755,8192,5.525161
369601,65697,8192,5.509575
369665,67481,8192,5.496996
369729,65938,8192,5.530374
369793,66333,8192,5.493549
369857,67463,8192,5.414710
369921,66556,8192,5.386485
369985,67458,8192,5.441896
370049,68298,8192,5.422386
370113,68428,8192,5.419853
370177,66743,8192,5.495186
370241,67734,8192,5.475180
370305,67329,8192,5.517254
370369,67906,8192,5.522034
370433,66769,8192,5.551221
370497,67878,8192,5.520417
370561,66146,8192,5.547797
370625,69592,8192,5.502500
370689,67564,8192,5.531690
370753,67854,8192,5.518016
370817,68604,8192,5.525025
370881,67885,8192,5.540894
370945,67997,8192,5.567845
371009,67322,8192,5.587771
371073,67391,8192,5.611300
371137,68725,8192,5.658161
371201,68668,8192,5.653559
371265,66027,8192,5.707881
371329,67168,8192,5.708981
371393,68028,8192,5.673011
371457,68332,8192,5.657832
371521,68221,8192,5.656152
371585,67458,8192,5.702279
371649,67399,8192,5.686152
371713,67680,8192,5.672698
371777,68206,8192,5.670374
371841,68063,8192,5.665931
371905,66443,8192,5.659471
371969,66916,8192,5.644871
372033,67984,8192,5.656859
372097,70693,8192,5.631271
372161,67357,8192,5.624566
372225,67022,8192,5.623633
372289,68525,8192,5.625233
372353,70001,8192,5.593222
372417,68463,8192,5.623064
372481,68189,8192,5.574125
372545,68931,8192,5.583487
372609,68217,8192,5.551899
372673,69200,8192,5.556101
372737,65871,8192,5.620075
372801,66253,8192,5.620158
372865,67251,8192,5.605295
372929,67237,8192,5.624536
372993,67598,8192,5.628860
373057,67349,8192,5.650314
373121,67801,8192,5.619101
373185,67065,8192,5.661753
373249,66065,8192,5.662767
373313,65847,8192,5.659158
373377,65048,8192,5.698116
373441,65689,8192,5.687712
373505,66910,8192,5.669832
373569,67110,8192,5.674834
373633,67609,8192,5.676651
373697,64916,8192,5.691214
373761,66161,8192,5.630943
373825,67361,8192,5.656638
373889,67225,8192,5.614176
373953,67635,8192,5.624487
374017,67808,8192,5.623731
374081,65811,8192,5.675517
374145,66137,8192,5.691774
374209,64012,8192,5.692226
374273,65860,8192,5.695224
374337,66061,8192,5.665353
374401,66971,8192,5.673654
374465,66968,8192,5.686959
374529,68562,8192,5.661113
374593,67657,8192,5.654747
374657,67631,8192,5.681226
374721,66891,8192,5.681824
374785,65786,8192,5.711891
374849,65594,8192,5.693351
374913,65468,8192,5.739857
374977,65795,8192,5.757366
375041,66168,8192,5.752175
375105,65950,8192,5.749307
375169,66628,8192,5.743771
375233,65795,8192,5.756683
375297,67761,8192,5.732682
375361,67215,8192,5.739199
375425,67754,8192,5.752421
375489,65863,8192,5.793860
375553,66123,8192,5.796341
375617,64671,8192,5.804745
375681,65678,8192,5.787826
375745,65738,8192,5.782830
375809,67042,8192,5.755081
375873,65996,8192,5.745422
375937,66343,8192,5.733158
376001,66047,8192,5.728297
376065,66893,8192,5.703892
376129,65448,8192,5.722564
376193,67183,8192,5.668104
376257,67973,8192,5.607950
376321,66616,8192,5.606880
376385,67419,8192,5.560727
376449,67084,8192,5.528402
376513,66901,8192,5.472546
376577,67287,8192,5.542953
376641,67171,8192,5.571212
376705,67148,8192,5.554915
376769,67661,8192,5.584927
376833,65421,8192,5.646250
376897,65910,8192,5.628650
376961,65086,8192,5.683802
377025,66570,8192,5.648115
377089,66593,8192,5.639772
377153,66321,8192,5.578247
377217,66071,8192,5.535899
377281,65674,8192,5.563747
377345,67046,8192,5.543007
377409,64390,8192,5.613142
377473,66461,8192,5.606264
377537,66564,8192,5.606544
377601,66323,8192,5.595738
377665,65850,8192,5.614804
377729,65616,8192,5.643102
377793,65130,8192,5.637601
377857,66219,8192,5.690272
377921,65735,8192,5.683362
377985,65771,8192,5.734208
378049,64540,8192,5.793845
378113,66250,8192,5.760292
378177,65574,8192,5.784833
378241,66414,8192,5.764106
378305,68002,8192,5.733677
378369,67067,8192,5.755943
378433,67066,8192,5.748531
378497,67358,8192,5.737925
378561,66806,8192,5.730508
378625,66206,8192,5.677309
378689,67653,8192,5.685980
378753,67516,8192,5.722589
378817,67094,8192,5.691147
378881,67450,8192,5.754516
378945,67784,8192,5.730687
379009,66644,8192,5.743854
379073,67751,8192,5.725499
379137,68114,8192,5.710761
379201,68035,8192,5.677463
379265,67407,8192,5.690877
379329,66136,8192,5.739645
379393,68107,8192,5.690217
379457,67998,8192,5.697714
379521,67581,8192,5.694861
379585,67977,8192,5.642226
379649,67149,8192,5.600669
379713,68378,8192,5.585840
379777,68203,8192,5.656476
379841,67986,8192,5.645387
379905,68255,8192,5.630545
379969,68588,8192,5.620919
380033,67487,8192,5.633488
380097,67050,8192,5.668667
380161,66873,8192,5.687195
380225,66125,8192,5.703408
380289,66504,8192,5.676606
380353,66203,8192,5.671549
380417,67087,8192,5.653293
380481,67030,8192,5.672046
380545,67309,8192,5.632559
380609,64869,8192,5.643019
380673,67005,8192,5.580227
380737,68342,8192,5.578633
380801,68706,8192,5.537914
380865,67532,8192,5.566887
380929,67540,8192,5.496715
380993,67495,8192,5.514528
381057,67766,8192,5.507175
381121,65516,8192,5.501575
381185,67146,8192,5.505115
381249,67293,8192,5.513504
381313,65873,8192,5.562815
381377,64937,8192,5.558219
381441,67703,8192,5.507590
381505,67358,8192,5.527908
381569,65095,8192,5.575854
381633,65828,8192,5.590674
381697,65552,8192,5.582018
381761,67966,8192,5.551298
381825,65369,8192,5.610234
381889,66812,8192,5.535762
381953,67265,8192,5.525060
382017,67989,8192,5.507387
382081,64264,8192,5.538640
382145,66031,8192,5.496393
382209,65956,8192,5.495887
382273,66715,8192,5.464981
382337,65330,8192,5.491298
382401,67103,8192,5.480712
382465,68019,8192,5.466748
382529,68063,8192,5.439539
382593,66655,8192,5.447561
382657,69092,8192,5.453994
382721,68169,8192,5.506042
382785,66322,8192,5.522975
382849,67444,8192,5.499358
382913,67178,8192,5.546638
382977,67750,8192,5.551564
383041,66941,8192,5.574430
383105,66357,8192,5.593390
383169,66884,8192,5.615938
383233,67259,8192,5.581244
383297,68104,8192,5.552272
383361,63805,8192,5.625890
383425,64630,8192,5.639858
383489,65713,8192,5.654756
383553,66219,8192,5.631584
383617,65313,8192,5.677947
383681,68734,8192,5.631362
383745,68647,8192,5.598420
383809,66448,8192,5.671479
383873,65059,8192,5.697141
383937,64309,8192,5.710707
384001,64819,8192,5.689938
384065,68784,8192,5.631962
384129,66385,8192,5.663730
384193,67395,8192,5.631056
384257,64408,8192,5.677023
384321,67891,8192,5.631077
384385,68204,8192,5.646989
384449,67999,8192,5.614325
384513,65492,8192,5.600993
384577,67250,8192,5.575504
384641,65405,8192,5.636600
384705,67478,8192,5.591520
384769,67733,8192,5.578065
384833,68933,8192,5.544992
384897,67482,8192,5.565350
384961,68616,8192,5.587870
385025,67327,8192,5.617534
385089,69128,8192,5.596662
385153,65574,8192,5.639630
385217,66602,8192,5.643339
385281,65785,8192,5.661361
385345,66990,8192,5.658488
385409,65989,8192,5.681579
385473,66700,8192,5.673305
385537,67154,8192,5.646352
385601,65878,8192,5.660997
385665,66204,8192,5.671040
385729,67260,8192,5.661948
385793,68450,8192,5.662736
385857,67360,8192,5.675581
385921,67813,8192,5.644287
385985,66563,8192,5.669142
386049,67221,8192,5.642622
386113,66336,8192,5.655371
386177,65743,8192,5.612483
386241,65991,8192,5.564436
386305,68504,8192,5.519674
386369,66505,8192,5.616145
386433,66642,8192,5.625111
386497,67155,8192,5.646892
386561,68352,8192,5.633623
386625,67567,8192,5.684845
386689,65486,8192,5.763743
386753,65898,8192,5.741186
386817,65402,8192,5.745696
386881,65960,8192,5.758822
386945,67329,8192,5.759377
387009,64254,8192,5.793329
387073,64382,8192,5.769428
387137,64675,8192,5.758615
387201,65781,8192,5.765885
387265,65377,8192,5.783794
387329,67328,8192,5.757417
387393,67127,8192,5.700922
387457,67231,8192,5.673185
387521,68110,8192,5.727703
387585,66253,8192,5.731866
387649,67747,8192,5.673378
387713,67667,8192,5.685940
387777,68779,8192,5.658525
387841,68534,8192,5.660206
387905,66773,8192,5.667127
387969,66081,8192,5.643620
388033,65023,8192,5.667386
388097,68733,8192,5.551360
388161,66962,8192,5.584323
388225,66994,8192,5.612241
388289,67721,8192,5.595712
388353,68632,8192,5.590199
388417,69480,8192,5.617457
388481,68523,8192,5.632076
388545,70546,8192,5.607563
388609,69673,8192,5.610480
388673,68967,8192,5.578169
388737,69274,8192,5.524138
388801,68648,8192,5.529293
388865,68937,8192,5.497787
388929,69117,8192,5.486776
388993,69036,8192,5.506226
389057,67848,8192,5.549959
389121,68038,8192,5.512093
389185,69345,8192,5.519610
389249,66660,8192,5.561868
389313,65799,8192,5.601176
389377,66403,8192,5.591316
389441,65474,8192,5.638652
389505,65891,8192,5.648766
389569,67005,8192,5.629042
389633,66632,8192,5.624282
389697,68858,8192,5.579181
389761,68081,8192,5.619600
389825,67730,8192,5.614695
389889,65737,8192,5.638329
389953,67556,8192,5.622722
390017,66704,8192,5.584827
390081,66750,8192,5.568515
390145,65854,8192,5.598531
390209,65871,8192,5.612398
390273,66478,8192,5.627303
390337,65808,8192,5.641842
390401,68056,8192,5.607100
390465,66688,8192,5.619545
390529,67431,8192,5.621487
390593,64550,8192,5.664788
390657,64514,8192,5.746918
390721,68122,8192,5.670187
390785,69320,8192,5.621488
390849,68277,8192,5.609456
390913,67960,8192,5.673557
390977,69209,8192,5.655423
391041,67926,8192,5.707293
391105,68355,8192,5.693110
391169,68965,8192,5.707080
391233,66534,8192,5.743431
391297,67601,8192,5.749597
391361,67217,8192,5.782024
391425,65669,8192,5.787002
391489,66164,8192,5.774153
391553,65477,8192,5.755239
391617,66763,8192,5.724504
391681,67981,8192,5.734071
391745,67199,8192,5.744079
391809,68498,8192,5.726610
391873,69787,8192,5.717415
391937,70423,8192,5.690075
392001,68495,8192,5.677726
392065,68136,8192,5.663370
392129,68083,8192,5.668574
392193,67139,8192,5.721359
392257,66696,8192,5.727576
392321,68521,8192,5.733199
392385,67371,8192,5.721823
392449,70169,8192,5.662120
392513,68834,8192,5.678604
392577,67809,8192,5.697061
392641,69847,8192,5.696395
392705,68406,8192,5.699368
392769,69531,8192,5.683411
392833,66766,8192,5.734134
392897,65785,8192,5.728840
392961,64688,8192,5.744204
393025,67734,8192,5.672408
393089,66702,8192,5.677028
393153,67589,8192,5.675059
393217,67877,8192,5.662963
393281,67693,8192,5.675825
393345,67834,8192,5.639094
393409,68138,8192,5.614581
393473,68743,8192,5.609316
393537,68802,8192,5.628956
393601,67517,8192,5.672902
393665,67548,8192,5.682423
393729,67358,8192,5.712659
393793,67160,8192,5.715089
393857,66799,8192,5.718422
393921,67116,8192,5.714867
393985,66578,8192,5.722993
394049,67537,8192,5.674277
394113,66898,8192,5.691128
394177,66463,8192,5.680001
394241,65684,8192,5.699652
394305,67558,8192,5.680690
394369,67209,8192,5.705968
394433,66159,8192,5.711261
394497,67309,8192,5.722414
394561,66161,8192,5.717549
394625,65560,8192,5.735076
394689,66576,8192,5.702303
394753,66373,8192,5.729162
394817,65606,8192,5.740714
394881,66082,8192,5.726131
394945,65032,8192,5.733855
395009,67070,8192,5.699840
395073,66447,8192,5.734945
395137,67203,8192,5.700908
395201,66104,8192,5.738323
395265,67882,8192,5.754385
395329,68157,8192,5.755054
395393,68196,8192,5.744496
395457,67964,8192,5.746369
395521,70385,8192,5.715139
395585,67209,8192,5.743365
395649,66744,8192,5.765032
395713,65289,8192,5.785325
395777,67002,8192,5.776119
395841,66041,8192,5.781172
395905,68910,8192,5.715279
395969,67922,8192,5.756618
396033,68819,8192,5.709159
396097,68673,8192,5.730152
396161,67792,8192,5.728590
396225,68945,8192,5.691414
396289,67896,8192,5.720553
396353,68624,8192,5.708837
396417,67587,8192,5.694427
396481,67559,8192,5.702355
396545,67306,8192,5.640722
396609,71197,8192,5.541268
396673,72151,8192,5.521857
396737,68301,8192,5.638436
396801,67532,8192,5.675043
396865,67726,8192,5.659851
396929,68469,8192,5.637734
396993,67076,8192,5.693060
397057,67763,8192,5.640473
397121,67282,8192,5.647166
397185,68661,8192,5.617700
397249,66112,8192,5.698746
397313,66658,8192,5.692762
397377,65972,8192,5.667842
397441,66693,8192,5.669419
397505,68106,8192,5.702208
397569,65993,8192,5.737558
397633,66305,8192,5.718036
397697,68882,8192,5.683936
397761,69230,8192,5.690451
397825,69177,8192,5.675785
397889,68623,8192,5.670194
397953,67989,8192,5.671226
398017,68475,8192,5.676198
398081,67714,8192,5.698791
398145,68097,8192,5.703489
398209,69214,8192,5.683577
398273,69344,8192,5.696077
398337,67848,8192,5.718298
398401,71983,8192,5.666307
398465,69002,8192,5.718363
398529,70607,8192,5.715630
398593,70928,8192,5.711044
398657,70394,8192,5.718863
398721,71395,8192,5.667157
398785,71206,8192,5.678999
398849,71198,8192,5.618083
398913,69116,8192,5.644749
398977,68955,8192,5.654515
399041,68744,8192,5.625850
399105,68352,8192,5.679158
399169,66044,8192,5.726694
399233,67418,8192,5.709310
399297,66229,8192,5.707049
399361,68753,8192,5.642056
399425,67793,8192,5.660688
399489,67446,8192,5.637775
399553,66421,8192,5.653912
399617,65691,8192,5.687206
399681,68078,8192,5.672198
399745,66960,8192,5.691710
399809,67435,8192,5.656172
399873,68195,8192,5.641700
399937,68083,8192,5.643794
400001,67061,8192,5.687663
