epoch,brotli_size,soup_size,higher_entropy
1,524311,8192,-0.000739
65,518589,8192,0.085801
129,513711,8192,0.158711
193,508077,8192,0.242275
257,504592,8192,0.293399
321,500131,8192,0.358894
385,497880,8192,0.389607
449,495843,8192,0.415614
513,494935,8192,0.423553
577,494226,8192,0.428725
641,494435,8192,0.419912
705,496017,8192,0.388431
769,497567,8192,0.361821
833,499156,8192,0.332436
897,498588,8192,0.333893
961,498612,8192,0.326715
1025,498732,8192,0.322051
1089,499232,8192,0.312346
1153,500525,8192,0.288580
1217,499894,8192,0.292961
1281,499064,8192,0.297837
1345,498227,8192,0.302199
1409,496801,8192,0.315396
1473,497854,8192,0.292697
1537,497547,8192,0.288082
1601,497814,8192,0.275779
1665,497899,8192,0.263131
1729,498565,8192,0.246234
1793,499322,8192,0.229231
1857,499272,8192,0.223950
1921,499479,8192,0.217319
1985,499335,8192,0.212644
2049,499011,8192,0.212603
2113,498625,8192,0.209053
2177,497928,8192,0.208047
2241,496594,8192,0.211760
2305,496490,8192,0.204504
2369,496652,8192,0.199411
2433,496806,8192,0.190316
2497,495941,8192,0.199638
2561,495967,8192,0.197174
2625,495306,8192,0.193578
2689,495751,8192,0.181919
2753,495701,8192,0.179431
2817,495565,8192,0.172589
2881,495065,8192,0.178372
2945,494735,8192,0.176148
3009,493498,8192,0.184680
3073,494119,8192,0.173124
3137,494477,8192,0.154860
3201,493850,8192,0.155989
3265,494298,8192,0.144957
3329,494224,8192,0.138385
3393,496003,8192,0.112608
3457,496002,8192,0.110067
3521,496345,8192,0.101653
3585,496320,8192,0.095519
3649,496105,8192,0.095776
3713,496786,8192,0.083120
3777,495948,8192,0.095246
3841,495489,8192,0.089637
3905,494658,8192,0.091991
3969,494088,8192,0.095979
4033,494521,8192,0.086426
4097,494508,8192,0.083475
4161,493757,8192,0.089338
4225,493806,8192,0.084489
4289,493037,8192,0.086242
4353,492345,8192,0.093723
4417,493267,8192,0.083727
4481,492723,8192,0.084732
4545,492312,8192,0.084495
4609,492362,8192,0.083962
4673,492834,8192,0.074373
4737,493162,8192,0.065180
4801,492965,8192,0.063710
4865,492656,8192,0.071755
4929,492766,8192,0.061949
4993,491847,8192,0.067071
5057,491920,8192,0.066889
5121,491265,8192,0.070449
5185,492183,8192,0.062776
5249,492658,8192,0.055403
5313,492032,8192,0.056049
5377,491050,8192,0.058434
5441,491820,8192,0.050711
5505,490780,8192,0.063133
5569,489748,8192,0.066565
5633,490241,8192,0.059582
5697,489907,8192,0.065922
5761,489104,8192,0.078798
5825,489888,8192,0.074284
5889,490291,8192,0.073977
5953,490234,8192,0.075041
6017,490161,8192,0.073882
6081,489464,8192,0.088905
6145,489695,8192,0.094052
6209,489565,8192,0.090120
6273,489574,8192,0.091033
6337,489134,8192,0.098691
6401,489596,8192,0.091754
6465,489566,8192,0.101525
6529,490341,8192,0.094314
6593,489371,8192,0.106197
6657,489356,8192,0.097023
6721,488925,8192,0.094933
6785,488169,8192,0.099390
6849,487547,8192,0.103363
6913,487203,8192,0.113207
6977,487014,8192,0.112443
7041,486881,8192,0.112307
7105,486704,8192,0.117998
7169,486963,8192,0.115827
7233,486764,8192,0.118193
7297,486752,8192,0.110543
7361,486454,8192,0.109733
7425,486271,8192,0.111407
7489,487010,8192,0.102707
7553,487225,8192,0.095026
7617,486665,8192,0.095912
7681,484817,8192,0.113102
7745,484226,8192,0.111443
7809,483732,8192,0.114326
7873,484430,8192,0.108028
7937,485221,8192,0.102520
8001,484756,8192,0.101791
8065,484758,8192,0.103747
8129,484713,8192,0.102136
8193,484808,8192,0.095451
8257,485264,8192,0.096895
8321,484514,8192,0.100334
8385,483802,8192,0.112738
8449,483151,8192,0.120958
8513,483492,8192,0.114550
8577,483321,8192,0.116656
8641,483691,8192,0.110098
8705,483334,8192,0.107686
8769,482884,8192,0.116301
8833,483173,8192,0.115865
8897,482395,8192,0.123996
8961,481640,8192,0.126698
9025,482138,8192,0.114798
9089,481954,8192,0.115939
9153,481912,8192,0.118801
9217,482435,8192,0.110388
9281,481477,8192,0.117549
9345,481578,8192,0.108312
9409,481239,8192,0.102476
9473,481427,8192,0.096366
9537,480569,8192,0.107416
9601,481616,8192,0.100188
9665,481846,8192,0.098188
9729,481694,8192,0.092692
9793,482914,8192,0.082880
9857,483645,8192,0.077432
9921,483807,8192,0.077178
9985,484514,8192,0.072526
10049,483863,8192,0.081349
10113,484189,8192,0.081000
10177,483765,8192,0.086406
10241,483078,8192,0.095493
10305,483412,8192,0.093284
10369,483269,8192,0.094405
10433,482569,8192,0.104455
10497,482543,8192,0.106870
10561,482728,8192,0.102466
10625,483189,8192,0.100135
10689,483340,8192,0.099496
10753,482359,8192,0.105965
10817,482647,8192,0.096847
10881,482863,8192,0.093189
10945,482274,8192,0.106287
11009,482039,8192,0.102210
11073,481715,8192,0.115041
11137,482457,8192,0.109622
11201,482321,8192,0.120101
11265,482731,8192,0.115798
11329,482903,8192,0.122236
11393,483016,8192,0.122350
11457,483549,8192,0.118187
11521,483677,8192,0.113040
11585,483424,8192,0.116210
11649,482562,8192,0.124305
11713,482105,8192,0.130130
11777,481576,8192,0.130961
11841,482336,8192,0.124082
11905,481976,8192,0.125963
11969,481872,8192,0.121855
12033,481668,8192,0.134432
12097,481702,8192,0.126553
12161,481974,8192,0.120338
12225,482141,8192,0.120400
12289,482449,8192,0.119182
12353,482016,8192,0.125369
12417,482352,8192,0.126163
12481,482872,8192,0.119925
12545,483017,8192,0.118603
12609,483473,8192,0.109456
12673,482252,8192,0.126248
12737,481854,8192,0.132795
12801,481259,8192,0.136558
12865,481062,8192,0.138779
12929,481442,8192,0.134697
12993,481499,8192,0.132842
13057,482510,8192,0.122118
13121,481959,8192,0.126168
13185,481539,8192,0.130000
13249,482375,8192,0.126196
13313,482061,8192,0.127631
13377,481676,8192,0.133652
13441,481724,8192,0.132788
13505,481825,8192,0.126325
13569,481109,8192,0.134692
13633,480856,8192,0.134987
13697,480311,8192,0.134226
13761,480729,8192,0.132720
13825,480900,8192,0.132269
13889,481013,8192,0.134890
13953,481353,8192,0.126970
14017,481936,8192,0.120416
14081,481274,8192,0.118955
14145,481281,8192,0.111148
14209,481204,8192,0.108752
14273,481574,8192,0.101087
14337,481948,8192,0.093787
14401,482223,8192,0.096873
14465,481552,8192,0.103107
14529,480366,8192,0.119893
14593,480203,8192,0.114699
14657,480891,8192,0.110541
14721,481055,8192,0.112658
14785,481787,8192,0.107892
14849,481370,8192,0.118041
14913,480592,8192,0.140205
14977,480159,8192,0.143800
15041,479023,8192,0.163884
15105,477749,8192,0.175404
15169,477138,8192,0.185184
15233,478750,8192,0.172062
15297,479228,8192,0.171184
15361,480069,8192,0.165127
15425,480962,8192,0.153581
15489,480983,8192,0.154998
15553,482265,8192,0.139018
15617,482820,8192,0.124901
15681,482719,8192,0.127444
15745,482806,8192,0.129257
15809,483075,8192,0.133247
15873,483526,8192,0.127108
15937,483517,8192,0.133213
16001,483367,8192,0.134874
16065,483390,8192,0.131547
16129,482601,8192,0.137237
16193,482895,8192,0.132647
16257,483418,8192,0.124014
16321,483536,8192,0.132386
16385,484281,8192,0.124537
16449,484920,8192,0.118172
16513,484176,8192,0.124786
16577,483768,8192,0.125302
16641,484204,8192,0.116306
16705,484656,8192,0.115076
16769,484134,8192,0.128754
16833,485276,8192,0.109446
16897,485226,8192,0.115790
16961,484442,8192,0.129482
17025,484128,8192,0.130011
17089,485757,8192,0.111181
17153,486054,8192,0.104847
17217,485261,8192,0.115753
17281,485333,8192,0.115658
17345,484622,8192,0.126505
17409,485528,8192,0.115010
17473,485806,8192,0.111312
17537,485219,8192,0.116877
17601,484712,8192,0.127271
17665,485170,8192,0.128066
17729,483868,8192,0.145182
17793,483311,8192,0.150936
17857,483380,8192,0.138487
17921,482694,8192,0.149108
17985,482758,8192,0.143612
18049,481834,8192,0.147919
18113,481576,8192,0.149831
18177,482641,8192,0.129393
18241,481903,8192,0.129519
18305,481584,8192,0.143131
18369,481341,8192,0.143125
18433,481805,8192,0.133855
18497,482834,8192,0.119167
18561,482347,8192,0.125355
18625,482546,8192,0.130893
18689,482510,8192,0.131282
18753,482767,8192,0.127562
18817,483175,8192,0.126511
18881,483346,8192,0.120626
18945,483153,8192,0.121947
19009,483169,8192,0.128119
19073,483532,8192,0.128800
19137,483685,8192,0.130864
19201,484839,8192,0.118542
19265,484949,8192,0.114202
19329,485434,8192,0.111655
19393,485728,8192,0.108340
19457,485151,8192,0.111242
19521,485972,8192,0.106614
19585,486499,8192,0.099873
19649,485941,8192,0.105830
19713,485980,8192,0.103636
19777,485629,8192,0.106296
19841,485815,8192,0.103361
19905,486099,8192,0.105840
19969,485194,8192,0.112993
20033,486827,8192,0.103310
20097,487618,8192,0.098053
20161,488101,8192,0.092248
20225,488420,8192,0.096700
20289,487360,8192,0.107505
20353,487465,8192,0.105307
20417,487013,8192,0.110243
20481,486241,8192,0.116135
20545,486488,8192,0.116232
20609,485907,8192,0.128800
20673,485925,8192,0.130585
20737,485944,8192,0.131969
20801,485455,8192,0.143214
20865,485776,8192,0.143703
20929,485879,8192,0.144463
20993,485584,8192,0.153929
21057,485362,8192,0.154472
21121,485741,8192,0.151513
21185,486035,8192,0.147687
21249,485678,8192,0.151863
21313,485401,8192,0.158236
21377,484993,8192,0.157972
21441,485199,8192,0.152905
21505,484583,8192,0.158995
21569,485510,8192,0.144749
21633,486095,8192,0.135778
21697,485688,8192,0.141780
21761,485913,8192,0.132027
21825,484959,8192,0.141141
21889,484527,8192,0.145741
21953,484066,8192,0.150162
22017,484296,8192,0.143127
22081,483314,8192,0.155502
22145,482936,8192,0.157052
22209,483395,8192,0.150887
22273,483404,8192,0.152988
22337,483561,8192,0.148053
22401,484281,8192,0.141172
22465,483702,8192,0.155705
22529,483437,8192,0.163238
22593,481461,8192,0.184622
22657,481737,8192,0.181333
22721,482465,8192,0.170936
22785,481391,8192,0.183687
22849,481311,8192,0.188144
22913,480456,8192,0.195642
22977,479556,8192,0.198979
23041,479758,8192,0.191468
23105,479877,8192,0.190828
23169,478826,8192,0.199430
23233,479977,8192,0.183686
23297,480872,8192,0.171153
23361,481281,8192,0.158732
23425,481097,8192,0.155364
23489,481216,8192,0.154575
23553,481983,8192,0.145041
23617,482053,8192,0.143241
23681,482861,8192,0.130377
23745,482901,8192,0.132718
23809,482956,8192,0.130937
23873,482545,8192,0.127870
23937,481661,8192,0.142114
24001,482745,8192,0.129698
24065,482007,8192,0.127905
24129,481904,8192,0.125696
24193,481313,8192,0.132178
24257,480795,8192,0.139452
24321,481441,8192,0.128506
24385,481172,8192,0.128508
24449,481511,8192,0.128964
24513,481678,8192,0.116051
24577,480916,8192,0.122465
24641,482095,8192,0.115422
24705,481345,8192,0.129939
24769,482760,8192,0.113728
24833,482054,8192,0.128779
24897,480506,8192,0.148111
24961,479995,8192,0.156402
25025,479794,8192,0.155927
25089,480141,8192,0.149806
25153,479784,8192,0.152668
25217,480257,8192,0.145692
25281,480236,8192,0.154455
25345,479674,8192,0.151927
25409,479769,8192,0.151985
25473,479742,8192,0.146504
25537,479607,8192,0.143343
25601,481037,8192,0.134334
25665,481672,8192,0.132458
25729,480891,8192,0.141494
25793,481826,8192,0.128228
25857,481838,8192,0.125233
25921,481063,8192,0.139812
25985,481843,8192,0.128380
26049,481850,8192,0.131153
26113,482456,8192,0.129905
26177,483543,8192,0.125165
26241,482620,8192,0.129496
26305,482021,8192,0.131910
26369,483180,8192,0.118874
26433,483701,8192,0.112861
26497,483884,8192,0.110107
26561,483450,8192,0.110403
26625,482575,8192,0.117045
26689,482291,8192,0.116251
26753,482014,8192,0.123061
26817,482470,8192,0.118323
26881,483355,8192,0.110071
26945,482851,8192,0.114702
27009,482703,8192,0.122173
27073,482348,8192,0.128031
27137,483401,8192,0.120524
27201,483856,8192,0.119109
27265,484069,8192,0.125188
27329,483053,8192,0.134253
27393,483287,8192,0.129011
27457,483401,8192,0.129010
27521,483406,8192,0.129638
27585,483247,8192,0.132817
27649,484464,8192,0.126670
27713,484722,8192,0.127572
27777,484003,8192,0.135289
27841,483421,8192,0.144605
27905,483237,8192,0.140072
27969,483761,8192,0.131467
28033,483584,8192,0.132968
28097,483741,8192,0.134228
28161,484006,8192,0.133253
28225,484499,8192,0.133803
28289,483262,8192,0.149566
28353,483122,8192,0.144370
28417,481710,8192,0.158308
28481,482294,8192,0.149837
28545,482965,8192,0.140876
28609,482418,8192,0.138201
28673,482903,8192,0.134681
28737,483177,8192,0.123657
28801,482962,8192,0.131040
28865,483244,8192,0.133748
28929,482899,8192,0.135546
28993,482789,8192,0.137070
29057,482473,8192,0.140867
29121,482659,8192,0.134208
29185,482515,8192,0.134177
29249,483028,8192,0.124389
29313,483566,8192,0.115063
29377,483270,8192,0.115801
29441,483571,8192,0.106344
29505,483769,8192,0.108668
29569,484189,8192,0.106643
29633,484162,8192,0.106455
29697,484239,8192,0.110557
29761,483579,8192,0.114349
29825,484129,8192,0.112446
29889,484616,8192,0.102643
29953,484810,8192,0.104796
30017,484915,8192,0.102129
30081,485970,8192,0.091941
30145,485437,8192,0.094559
30209,484685,8192,0.100911
30273,483750,8192,0.103772
30337,484161,8192,0.108417
30401,484289,8192,0.111150
30465,484227,8192,0.113026
30529,483809,8192,0.118490
30593,484714,8192,0.113521
30657,484818,8192,0.113538
30721,483841,8192,0.127783
30785,482515,8192,0.148033
30849,482512,8192,0.144143
30913,483277,8192,0.138026
30977,482840,8192,0.141243
31041,482350,8192,0.137544
31105,482475,8192,0.128709
31169,482339,8192,0.130806
31233,482768,8192,0.125487
31297,484141,8192,0.115457
31361,485533,8192,0.101259
31425,485523,8192,0.103828
31489,485351,8192,0.102138
31553,486023,8192,0.093238
31617,486126,8192,0.089755
31681,485424,8192,0.097242
31745,485703,8192,0.099280
31809,485720,8192,0.095517
31873,486192,8192,0.091564
31937,486244,8192,0.091429
32001,486950,8192,0.087484
32065,486723,8192,0.090525
32129,486858,8192,0.087658
32193,485833,8192,0.098425
32257,485341,8192,0.106934
32321,485569,8192,0.098153
32385,485826,8192,0.098415
32449,485720,8192,0.099498
32513,485615,8192,0.105739
32577,484733,8192,0.117778
32641,484981,8192,0.116308
32705,485420,8192,0.107822
32769,484610,8192,0.119416
32833,485298,8192,0.115425
32897,485280,8192,0.120198
32961,484981,8192,0.121359
33025,484624,8192,0.127591
33089,484728,8192,0.125186
33153,484239,8192,0.130112
33217,485167,8192,0.118637
33281,484795,8192,0.121459
33345,484903,8192,0.115859
33409,484819,8192,0.113702
33473,484880,8192,0.110476
33537,484605,8192,0.108781
33601,485155,8192,0.109578
33665,485557,8192,0.108237
33729,485430,8192,0.113193
33793,485143,8192,0.118860
33857,484423,8192,0.131705
33921,483718,8192,0.135519
33985,484126,8192,0.137127
34049,484028,8192,0.131693
34113,484484,8192,0.127185
34177,484893,8192,0.111631
34241,484556,8192,0.107300
34305,485104,8192,0.097428
34369,485442,8192,0.090958
34433,486121,8192,0.081289
34497,487398,8192,0.074315
34561,488097,8192,0.069981
34625,487980,8192,0.070968
34689,487687,8192,0.076087
34753,487115,8192,0.088517
34817,486915,8192,0.101185
34881,486951,8192,0.103092
34945,486330,8192,0.111451
35009,485534,8192,0.123883
35073,485131,8192,0.127093
35137,484720,8192,0.130901
35201,484579,8192,0.128332
35265,484764,8192,0.124756
35329,485530,8192,0.116434
35393,485713,8192,0.120918
35457,484598,8192,0.130910
35521,485105,8192,0.126688
35585,484830,8192,0.135522
35649,484477,8192,0.128181
35713,484004,8192,0.137738
35777,484884,8192,0.132732
35841,484902,8192,0.139897
35905,484666,8192,0.142072
35969,484246,8192,0.144742
36033,483771,8192,0.154107
36097,484211,8192,0.155217
36161,485042,8192,0.142304
36225,485438,8192,0.138592
36289,484888,8192,0.145531
36353,484945,8192,0.144472
36417,485034,8192,0.139324
36481,484411,8192,0.136512
36545,483989,8192,0.146378
36609,483420,8192,0.150501
36673,484005,8192,0.139693
36737,484065,8192,0.134920
36801,483291,8192,0.133025
36865,483781,8192,0.125539
36929,483951,8192,0.128174
36993,483752,8192,0.129286
37057,483672,8192,0.134443
37121,483745,8192,0.138481
37185,483897,8192,0.131000
37249,484711,8192,0.119040
37313,484096,8192,0.130745
37377,484102,8192,0.132427
37441,483937,8192,0.135042
37505,483903,8192,0.132525
37569,483964,8192,0.134185
37633,483927,8192,0.131458
37697,484429,8192,0.128540
37761,483839,8192,0.134675
37825,484072,8192,0.133868
37889,484292,8192,0.136142
37953,483801,8192,0.144548
38017,481777,8192,0.170273
38081,480590,8192,0.184446
38145,480957,8192,0.182654
38209,481316,8192,0.183180
38273,480817,8192,0.195713
38337,479803,8192,0.195234
38401,480078,8192,0.189282
38465,478930,8192,0.209223
38529,479750,8192,0.194605
38593,479760,8192,0.193835
38657,479256,8192,0.201759
38721,479517,8192,0.200822
38785,479665,8192,0.204769
38849,479907,8192,0.203994
38913,477956,8192,0.223833
38977,478045,8192,0.221352
39041,478515,8192,0.219199
39105,478985,8192,0.218784
39169,478527,8192,0.222289
39233,478430,8192,0.217726
39297,478549,8192,0.209085
39361,478713,8192,0.205499
39425,479159,8192,0.192000
39489,480264,8192,0.181025
39553,480912,8192,0.183348
39617,481180,8192,0.174900
39681,482130,8192,0.168787
39745,482706,8192,0.158457
39809,482496,8192,0.154816
39873,481481,8192,0.167816
39937,481624,8192,0.159126
40001,481313,8192,0.170823
40065,481513,8192,0.164569
40129,482648,8192,0.154022
40193,481529,8192,0.158137
40257,481768,8192,0.150579
40321,481184,8192,0.152555
40385,480583,8192,0.165124
40449,481540,8192,0.158014
40513,482227,8192,0.145521
40577,482724,8192,0.138259
40641,482983,8192,0.131630
40705,484098,8192,0.116514
40769,485225,8192,0.107591
40833,485423,8192,0.106194
40897,486135,8192,0.097421
40961,487688,8192,0.084366
41025,487226,8192,0.090177
41089,487456,8192,0.084724
41153,487812,8192,0.087075
41217,487685,8192,0.102191
41281,486663,8192,0.115280
41345,486197,8192,0.120788
41409,487316,8192,0.107329
41473,486902,8192,0.109892
41537,486049,8192,0.118062
41601,486310,8192,0.113154
41665,486425,8192,0.106599
41729,485623,8192,0.118863
41793,485292,8192,0.118673
41857,484075,8192,0.123781
41921,483500,8192,0.128930
41985,483588,8192,0.123077
42049,483755,8192,0.117071
42113,484342,8192,0.108816
42177,484451,8192,0.109843
42241,484492,8192,0.110478
42305,484647,8192,0.113840
42369,483894,8192,0.120603
42433,483948,8192,0.117390
42497,482999,8192,0.129178
42561,482777,8192,0.122284
42625,483270,8192,0.118343
42689,483234,8192,0.118104
42753,483264,8192,0.118364
42817,482210,8192,0.131450
42881,482990,8192,0.119064
42945,483407,8192,0.119460
43009,483626,8192,0.116345
43073,484388,8192,0.105088
43137,484376,8192,0.110910
43201,483912,8192,0.118359
43265,483755,8192,0.120230
43329,483265,8192,0.119621
43393,483327,8192,0.119014
43457,483730,8192,0.111117
43521,483115,8192,0.114729
43585,483093,8192,0.112168
43649,483640,8192,0.105903
43713,483611,8192,0.102945
43777,483740,8192,0.105237
43841,484432,8192,0.098350
43905,484966,8192,0.097353
43969,484932,8192,0.094428
44033,484865,8192,0.097559
44097,484515,8192,0.097681
44161,484259,8192,0.096801
44225,483931,8192,0.101444
44289,484447,8192,0.102233
44353,483603,8192,0.120199
44417,483503,8192,0.118989
44481,483646,8192,0.115267
44545,484785,8192,0.104970
44609,484938,8192,0.106286
44673,483812,8192,0.119011
44737,484390,8192,0.118494
44801,483224,8192,0.127177
44865,483807,8192,0.124362
44929,483994,8192,0.120979
44993,483728,8192,0.129252
45057,483423,8192,0.133028
45121,483931,8192,0.128573
45185,483868,8192,0.128572
45249,483197,8192,0.134784
45313,483316,8192,0.131987
45377,484258,8192,0.127078
45441,485301,8192,0.116211
45505,485774,8192,0.113472
45569,484764,8192,0.123193
45633,483749,8192,0.132560
45697,484319,8192,0.129955
45761,484575,8192,0.123077
45825,483449,8192,0.139758
45889,483567,8192,0.141106
45953,483295,8192,0.147111
46017,483259,8192,0.145691
46081,482063,8192,0.162723
46145,482309,8192,0.162279
46209,482797,8192,0.157068
46273,481991,8192,0.161819
46337,481453,8192,0.159308
46401,481426,8192,0.161998
46465,481898,8192,0.156277
46529,483263,8192,0.142860
46593,483195,8192,0.144403
46657,484116,8192,0.135126
46721,484146,8192,0.143666
46785,484609,8192,0.140742
46849,483938,8192,0.143342
46913,483836,8192,0.138645
46977,483991,8192,0.132823
47041,483623,8192,0.136155
47105,483037,8192,0.142048
47169,483687,8192,0.136827
47233,483474,8192,0.140188
47297,482837,8192,0.153654
47361,482054,8192,0.161180
47425,482154,8192,0.159948
47489,481429,8192,0.162125
47553,482296,8192,0.147088
47617,483508,8192,0.130072
47681,483801,8192,0.133129
47745,484373,8192,0.132506
47809,483866,8192,0.136122
47873,483918,8192,0.131685
47937,484663,8192,0.130278
48001,483989,8192,0.132827
48065,483961,8192,0.131313
48129,484800,8192,0.119783
48193,485638,8192,0.113309
48257,485841,8192,0.115035
48321,486504,8192,0.120404
48385,486991,8192,0.113620
48449,486564,8192,0.117806
48513,486605,8192,0.114060
48577,486088,8192,0.122894
48641,485844,8192,0.122642
48705,485013,8192,0.123704
48769,484390,8192,0.123858
48833,484368,8192,0.125488
48897,484440,8192,0.131762
48961,484436,8192,0.131686
49025,484487,8192,0.135145
49089,485062,8192,0.124753
49153,486124,8192,0.106200
49217,486276,8192,0.103732
49281,485512,8192,0.111107
49345,485958,8192,0.103684
49409,486526,8192,0.096575
49473,486237,8192,0.099449
49537,487239,8192,0.088733
49601,487516,8192,0.086094
49665,487317,8192,0.086823
49729,487390,8192,0.091219
49793,487493,8192,0.096830
49857,487942,8192,0.096384
49921,486788,8192,0.106177
49985,486867,8192,0.101313
50049,485925,8192,0.112549
50113,485703,8192,0.112779
50177,485269,8192,0.116528
50241,483942,8192,0.132871
50305,484758,8192,0.119039
50369,483687,8192,0.128746
50433,484172,8192,0.121406
50497,484903,8192,0.123483
50561,485969,8192,0.103983
50625,485431,8192,0.106475
50689,484940,8192,0.113917
50753,484803,8192,0.115903
50817,484108,8192,0.128713
50881,483654,8192,0.132910
50945,483772,8192,0.133178
51009,482372,8192,0.147323
51073,483133,8192,0.138391
51137,482251,8192,0.146117
51201,483056,8192,0.138952
51265,483449,8192,0.132198
51329,482456,8192,0.136817
51393,482588,8192,0.135989
51457,483613,8192,0.129426
51521,484029,8192,0.128593
51585,483604,8192,0.143388
51649,483178,8192,0.153877
51713,482873,8192,0.164685
51777,483455,8192,0.155414
51841,482071,8192,0.176881
51905,482878,8192,0.166650
51969,482649,8192,0.167316
52033,481988,8192,0.170522
52097,482426,8192,0.167854
52161,482491,8192,0.161613
52225,483168,8192,0.152513
52289,482942,8192,0.154158
52353,483096,8192,0.155057
52417,484076,8192,0.140346
52481,483926,8192,0.144077
52545,484020,8192,0.140388
52609,483711,8192,0.142373
52673,484412,8192,0.138536
52737,484459,8192,0.134059
52801,484200,8192,0.139460
52865,484804,8192,0.140159
52929,485507,8192,0.125257
52993,485451,8192,0.129196
53057,485804,8192,0.128575
53121,486857,8192,0.120566
53185,486038,8192,0.126099
53249,486123,8192,0.123034
53313,485986,8192,0.123841
53377,486573,8192,0.113253
53441,486265,8192,0.112698
53505,486897,8192,0.104647
53569,486835,8192,0.102061
53633,486616,8192,0.102974
53697,486146,8192,0.106438
53761,486664,8192,0.098683
53825,486072,8192,0.108897
53889,484820,8192,0.126132
53953,485300,8192,0.118945
54017,485955,8192,0.116913
54081,486008,8192,0.117143
54145,484961,8192,0.122507
54209,485755,8192,0.111669
54273,486143,8192,0.105892
54337,485328,8192,0.113718
54401,484626,8192,0.120246
54465,485019,8192,0.115021
54529,484561,8192,0.116006
54593,484989,8192,0.110308
54657,485378,8192,0.109844
54721,485940,8192,0.105611
54785,486094,8192,0.100207
54849,485407,8192,0.105383
54913,485167,8192,0.103950
54977,484790,8192,0.111728
55041,484074,8192,0.122031
55105,483138,8192,0.135981
55169,483164,8192,0.140459
55233,483184,8192,0.141698
55297,482648,8192,0.148027
55361,484055,8192,0.135530
55425,483792,8192,0.135687
55489,482787,8192,0.144633
55553,482899,8192,0.139007
55617,482853,8192,0.140839
55681,482561,8192,0.147493
55745,482909,8192,0.137898
55809,483610,8192,0.134810
55873,483022,8192,0.142672
55937,482670,8192,0.136905
56001,482351,8192,0.138605
56065,481537,8192,0.145711
56129,481589,8192,0.143469
56193,480492,8192,0.152662
56257,479782,8192,0.154166
56321,479878,8192,0.142183
56385,479615,8192,0.146011
56449,479965,8192,0.134477
56513,480974,8192,0.126153
56577,480842,8192,0.115824
56641,481189,8192,0.111659
56705,479759,8192,0.115325
56769,479637,8192,0.124241
56833,480385,8192,0.120063
56897,480303,8192,0.111522
56961,480251,8192,0.116965
57025,479540,8192,0.121673
57089,479000,8192,0.122669
57153,479071,8192,0.131783
57217,479092,8192,0.127777
57281,479045,8192,0.133129
57345,478820,8192,0.140568
57409,477973,8192,0.146315
57473,478151,8192,0.141692
57537,478453,8192,0.142288
57601,477952,8192,0.147574
57665,478094,8192,0.143183
57729,478735,8192,0.134287
57793,478952,8192,0.137052
57857,478410,8192,0.141575
57921,478297,8192,0.146938
57985,478744,8192,0.137922
58049,478887,8192,0.127888
58113,478868,8192,0.131065
58177,480314,8192,0.119995
58241,481104,8192,0.115726
58305,480552,8192,0.124822
58369,481247,8192,0.112179
58433,482037,8192,0.099381
58497,482256,8192,0.106326
58561,481958,8192,0.101162
58625,482066,8192,0.105331
58689,481582,8192,0.109310
58753,481057,8192,0.119458
58817,480763,8192,0.125425
58881,480906,8192,0.120852
58945,481702,8192,0.108999
59009,481816,8192,0.110941
59073,482650,8192,0.114943
59137,483185,8192,0.106341
59201,483295,8192,0.111243
59265,481648,8192,0.131653
59329,482798,8192,0.117774
59393,482161,8192,0.124983
59457,483070,8192,0.117783
59521,483984,8192,0.105799
59585,484430,8192,0.101407
59649,483841,8192,0.104109
59713,485191,8192,0.091174
59777,485165,8192,0.094348
59841,485638,8192,0.092058
59905,484817,8192,0.103029
59969,485330,8192,0.099574
60033,485658,8192,0.099163
60097,484981,8192,0.109607
60161,484438,8192,0.118566
60225,483716,8192,0.125696
60289,484277,8192,0.116625
60353,483686,8192,0.129168
60417,482339,8192,0.141071
60481,481737,8192,0.146187
60545,481114,8192,0.154922
60609,481280,8192,0.148031
60673,481213,8192,0.142268
60737,480860,8192,0.143137
60801,481291,8192,0.141758
60865,480600,8192,0.156770
60929,481421,8192,0.145770
60993,481931,8192,0.143999
61057,482428,8192,0.134718
61121,481422,8192,0.146331
61185,482034,8192,0.134907
61249,482116,8192,0.138229
61313,482975,8192,0.132366
61377,482504,8192,0.143531
61441,483381,8192,0.137992
61505,483520,8192,0.131505
61569,483661,8192,0.142461
61633,484105,8192,0.140595
61697,484266,8192,0.131177
61761,484694,8192,0.132076
61825,484095,8192,0.135626
61889,484432,8192,0.123154
61953,483897,8192,0.125702
62017,484242,8192,0.120749
62081,484630,8192,0.114170
62145,485098,8192,0.118672
62209,485029,8192,0.117566
62273,484889,8192,0.118245
62337,484952,8192,0.119949
62401,485348,8192,0.106834
62465,485509,8192,0.107418
62529,484983,8192,0.111813
62593,484670,8192,0.116123
62657,484443,8192,0.117480
62721,484253,8192,0.117535
62785,484220,8192,0.119845
62849,484362,8192,0.114618
62913,485032,8192,0.106640
62977,485204,8192,0.099721
63041,485624,8192,0.095305
63105,487090,8192,0.084812
63169,486865,8192,0.086973
63233,487441,8192,0.081212
63297,487987,8192,0.084749
63361,488316,8192,0.072820
63425,487838,8192,0.072820
63489,487137,8192,0.078084
63553,487016,8192,0.082054
63617,486135,8192,0.093341
63681,485627,8192,0.101546
63745,485808,8192,0.092410
63809,486092,8192,0.093390
63873,485875,8192,0.095226
63937,485742,8192,0.107565
64001,484742,8192,0.112233
64065,484213,8192,0.114726
64129,484223,8192,0.110218
64193,483882,8192,0.114405
64257,483793,8192,0.114639
64321,483125,8192,0.117599
64385,482843,8192,0.121182
64449,483240,8192,0.120934
64513,482956,8192,0.125628
64577,482865,8192,0.130641
64641,482269,8192,0.141704
64705,482092,8192,0.143090
64769,482204,8192,0.136792
64833,481611,8192,0.133086
64897,481946,8192,0.129068
64961,481763,8192,0.123736
65025,482525,8192,0.111288
65089,483322,8192,0.100870
65153,484163,8192,0.097212
65217,483812,8192,0.106036
65281,483794,8192,0.114068
65345,484309,8192,0.111379
65409,484304,8192,0.110681
65473,484070,8192,0.111527
65537,484275,8192,0.109278
65601,483402,8192,0.123370
65665,484035,8192,0.119148
65729,483947,8192,0.119795
65793,483709,8192,0.122310
65857,483152,8192,0.128907
65921,483597,8192,0.124922
65985,484644,8192,0.116889
66049,484858,8192,0.107184
66113,484483,8192,0.108258
66177,484293,8192,0.114844
66241,484278,8192,0.114138
66305,484559,8192,0.104466
66369,484970,8192,0.104212
66433,485608,8192,0.103193
66497,485073,8192,0.113779
66561,484628,8192,0.123543
66625,484340,8192,0.126946
66689,482862,8192,0.144789
66753,482898,8192,0.146170
66817,482177,8192,0.148190
66881,481424,8192,0.154185
66945,482148,8192,0.148008
67009,481255,8192,0.155186
67073,482000,8192,0.144748
67137,481726,8192,0.143841
67201,481654,8192,0.145638
67265,482805,8192,0.133624
67329,483072,8192,0.134104
67393,483365,8192,0.139014
67457,482619,8192,0.154090
67521,482965,8192,0.146084
67585,482122,8192,0.157896
67649,481618,8192,0.152758
67713,481385,8192,0.149005
67777,482488,8192,0.137984
67841,482978,8192,0.132083
67905,483092,8192,0.133164
67969,483128,8192,0.128907
68033,482884,8192,0.129635
68097,483161,8192,0.126083
68161,482831,8192,0.136994
68225,483954,8192,0.124473
68289,484210,8192,0.117449
68353,484738,8192,0.109411
68417,483131,8192,0.125595
68481,482321,8192,0.136698
68545,482665,8192,0.127785
68609,482812,8192,0.131285
68673,481689,8192,0.141088
68737,482393,8192,0.130475
68801,481782,8192,0.141654
68865,482598,8192,0.128536
68929,482033,8192,0.136281
68993,481106,8192,0.141974
69057,481673,8192,0.132250
69121,480467,8192,0.136577
69185,480521,8192,0.130499
69249,480585,8192,0.136229
69313,479792,8192,0.149841
69377,479548,8192,0.154637
69441,480582,8192,0.149578
69505,481189,8192,0.143817
69569,480745,8192,0.149235
69633,480088,8192,0.156291
69697,480267,8192,0.149356
69761,481338,8192,0.134656
69825,482145,8192,0.124218
69889,482891,8192,0.117680
69953,483236,8192,0.112835
70017,483885,8192,0.104101
70081,484080,8192,0.099679
70145,483867,8192,0.103866
70209,483359,8192,0.103713
70273,483275,8192,0.099479
70337,483152,8192,0.107761
70401,483848,8192,0.109976
70465,483138,8192,0.119323
70529,483275,8192,0.121219
70593,483430,8192,0.121710
70657,484345,8192,0.116298
70721,483328,8192,0.130347
70785,484194,8192,0.126755
70849,484091,8192,0.126246
70913,483960,8192,0.126561
70977,483948,8192,0.123780
71041,483703,8192,0.132364
71105,484066,8192,0.124728
71169,484214,8192,0.128680
71233,483922,8192,0.124401
71297,483640,8192,0.133007
71361,483861,8192,0.128932
71425,485062,8192,0.110398
71489,484425,8192,0.116579
71553,485604,8192,0.107848
71617,485536,8192,0.108011
71681,484904,8192,0.115770
71745,483902,8192,0.123241
71809,484868,8192,0.111651
71873,484691,8192,0.119849
71937,484500,8192,0.123220
72001,485332,8192,0.113567
72065,485139,8192,0.114292
72129,485428,8192,0.115457
72193,484640,8192,0.127758
72257,484167,8192,0.132330
72321,484119,8192,0.130125
72385,485072,8192,0.120769
72449,483436,8192,0.135836
72513,482548,8192,0.154386
72577,482264,8192,0.154470
72641,482220,8192,0.143511
72705,483182,8192,0.130877
72769,482721,8192,0.129093
72833,482966,8192,0.126797
72897,482693,8192,0.134487
72961,482668,8192,0.134998
73025,483003,8192,0.129489
73089,483699,8192,0.121153
73153,483445,8192,0.132535
73217,483211,8192,0.137551
73281,482066,8192,0.149351
73345,482751,8192,0.141322
73409,483602,8192,0.127668
73473,483541,8192,0.125166
73537,483198,8192,0.128018
73601,483662,8192,0.122491
73665,483885,8192,0.119579
73729,484942,8192,0.109532
73793,484281,8192,0.117313
73857,484361,8192,0.112930
73921,484356,8192,0.110995
73985,484150,8192,0.113263
74049,484229,8192,0.112757
74113,483706,8192,0.120580
74177,483308,8192,0.121369
74241,483871,8192,0.115194
74305,484205,8192,0.113666
74369,483307,8192,0.122537
74433,483372,8192,0.125370
74497,483517,8192,0.132802
74561,483062,8192,0.137114
74625,482928,8192,0.135316
74689,482393,8192,0.139615
74753,483669,8192,0.124308
74817,483409,8192,0.123005
74881,484510,8192,0.113979
74945,484999,8192,0.110866
75009,484915,8192,0.106943
75073,484039,8192,0.117349
75137,483244,8192,0.119255
75201,484178,8192,0.108085
75265,483942,8192,0.108449
75329,484797,8192,0.098028
75393,484307,8192,0.098830
75457,484758,8192,0.097566
75521,485672,8192,0.089700
75585,485713,8192,0.082440
75649,485583,8192,0.078211
75713,485059,8192,0.084083
75777,484769,8192,0.084848
75841,484744,8192,0.084313
75905,484008,8192,0.090297
75969,484002,8192,0.088132
76033,483142,8192,0.092536
76097,483827,8192,0.083088
76161,484449,8192,0.079893
76225,483868,8192,0.086386
76289,484188,8192,0.087882
76353,484215,8192,0.089054
76417,484035,8192,0.092935
76481,483890,8192,0.094742
76545,483395,8192,0.101192
76609,482342,8192,0.114138
76673,481957,8192,0.116409
76737,482521,8192,0.111718
76801,482819,8192,0.110152
76865,483603,8192,0.102500
76929,484487,8192,0.095522
76993,484673,8192,0.102074
77057,484540,8192,0.106474
77121,483207,8192,0.126247
77185,483228,8192,0.122408
77249,483743,8192,0.118822
77313,483661,8192,0.119392
77377,483348,8192,0.123949
77441,483676,8192,0.117091
77505,484415,8192,0.107242
77569,484228,8192,0.113342
77633,483812,8192,0.119724
77697,484241,8192,0.118289
77761,484418,8192,0.124391
77825,483805,8192,0.133882
77889,483865,8192,0.138111
77953,483410,8192,0.142316
78017,483079,8192,0.143018
78081,483322,8192,0.143743
78145,482729,8192,0.145475
78209,482401,8192,0.145379
78273,482676,8192,0.150666
78337,482912,8192,0.143531
78401,482684,8192,0.145082
78465,482429,8192,0.153097
78529,481969,8192,0.149433
78593,481725,8192,0.139542
78657,481726,8192,0.140315
78721,481367,8192,0.136306
78785,481333,8192,0.135894
78849,481232,8192,0.131404
78913,481585,8192,0.134954
78977,481380,8192,0.138071
79041,481483,8192,0.132816
79105,481742,8192,0.132574
79169,482215,8192,0.134284
79233,481991,8192,0.133523
79297,481909,8192,0.137072
79361,482371,8192,0.130369
79425,482493,8192,0.135906
79489,481953,8192,0.140381
79553,482198,8192,0.139703
79617,481829,8192,0.149492
79681,482530,8192,0.141593
79745,483098,8192,0.130527
79809,484470,8192,0.120846
79873,484947,8192,0.117227
79937,484921,8192,0.115969
80001,485760,8192,0.101560
80065,484844,8192,0.107560
80129,484737,8192,0.111654
80193,485519,8192,0.108343
80257,484892,8192,0.120094
80321,484453,8192,0.126660
80385,484863,8192,0.122871
80449,485459,8192,0.116863
80513,485701,8192,0.112472
80577,485504,8192,0.117913
80641,485125,8192,0.124369
80705,485315,8192,0.119724
80769,485419,8192,0.118385
80833,485098,8192,0.120469
80897,484463,8192,0.129358
80961,485543,8192,0.121255
81025,484902,8192,0.126320
81089,484948,8192,0.126247
81153,485382,8192,0.122802
81217,485637,8192,0.123262
81281,485400,8192,0.131341
81345,484850,8192,0.139821
81409,485154,8192,0.135764
81473,484573,8192,0.141402
81537,484433,8192,0.148220
81601,483354,8192,0.165152
81665,483801,8192,0.160349
81729,483456,8192,0.159194
81793,483810,8192,0.155482
81857,484143,8192,0.147374
81921,483462,8192,0.146800
81985,484101,8192,0.133252
82049,483919,8192,0.138113
82113,484103,8192,0.134892
82177,484554,8192,0.121911
82241,485061,8192,0.116994
82305,484642,8192,0.108367
82369,484156,8192,0.103610
82433,483399,8192,0.107654
82497,483121,8192,0.110119
82561,482587,8192,0.118809
82625,483371,8192,0.111402
82689,482766,8192,0.122964
82753,482731,8192,0.119438
82817,481894,8192,0.129357
82881,482737,8192,0.114853
82945,481925,8192,0.120668
83009,482499,8192,0.117233
83073,483150,8192,0.112879
83137,483702,8192,0.115126
83201,484614,8192,0.109470
83265,484340,8192,0.116407
83329,484728,8192,0.102931
83393,484975,8192,0.103034
83457,484272,8192,0.116620
83521,484841,8192,0.116087
83585,484677,8192,0.115797
83649,483850,8192,0.123899
83713,483881,8192,0.118558
83777,483585,8192,0.119995
83841,483461,8192,0.121371
83905,483636,8192,0.120858
83969,483897,8192,0.117120
84033,484196,8192,0.118401
84097,483785,8192,0.119045
84161,484772,8192,0.110524
84225,483878,8192,0.117057
84289,484589,8192,0.114748
84353,483967,8192,0.129422
84417,483991,8192,0.130810
84481,484176,8192,0.134696
84545,484488,8192,0.124542
84609,484814,8192,0.119353
84673,484869,8192,0.122532
84737,485212,8192,0.121777
84801,485185,8192,0.121417
84865,484754,8192,0.125202
84929,484677,8192,0.122947
84993,484581,8192,0.126080
85057,484795,8192,0.119412
85121,484617,8192,0.123653
85185,483786,8192,0.137897
85249,483883,8192,0.134605
85313,484059,8192,0.126931
85377,484737,8192,0.122637
85441,484807,8192,0.119252
85505,484789,8192,0.118680
85569,484150,8192,0.124970
85633,483667,8192,0.130960
85697,482980,8192,0.139079
85761,482837,8192,0.141209
85825,482737,8192,0.141924
85889,482360,8192,0.151912
85953,482178,8192,0.153179
86017,482065,8192,0.147914
86081,482077,8192,0.142708
86145,481655,8192,0.149400
86209,481634,8192,0.149185
86273,481212,8192,0.146706
86337,481707,8192,0.139051
86401,481754,8192,0.130003
86465,482149,8192,0.121487
86529,482099,8192,0.127219
86593,482890,8192,0.117807
86657,483993,8192,0.110304
86721,483824,8192,0.112127
86785,483986,8192,0.104231
86849,484206,8192,0.104262
86913,483317,8192,0.106619
86977,484151,8192,0.094544
87041,484199,8192,0.093909
87105,484086,8192,0.095238
87169,484292,8192,0.086918
87233,483995,8192,0.091354
87297,483051,8192,0.101996
87361,481976,8192,0.111820
87425,481391,8192,0.108797
87489,481114,8192,0.108886
87553,480540,8192,0.122686
87617,479886,8192,0.119959
87681,480031,8192,0.113577
87745,480134,8192,0.105820
87809,479684,8192,0.114817
87873,480825,8192,0.101236
87937,480614,8192,0.104343
88001,480938,8192,0.106187
88065,481127,8192,0.107554
88129,481116,8192,0.109723
88193,480886,8192,0.110578
88257,480941,8192,0.109832
88321,480133,8192,0.112163
88385,480466,8192,0.101690
88449,480578,8192,0.103100
88513,481583,8192,0.097291
88577,480444,8192,0.119108
88641,479541,8192,0.139251
88705,479722,8192,0.143907
88769,480365,8192,0.136695
88833,480429,8192,0.151682
88897,481213,8192,0.148455
88961,480980,8192,0.152085
89025,482136,8192,0.139335
89089,482703,8192,0.133379
89153,482674,8192,0.134115
89217,482681,8192,0.137612
89281,482353,8192,0.133898
89345,481320,8192,0.150407
89409,481880,8192,0.139712
89473,481557,8192,0.139523
89537,481532,8192,0.135954
89601,482301,8192,0.125868
89665,482535,8192,0.131093
89729,482630,8192,0.128011
89793,482733,8192,0.137271
89857,482538,8192,0.142177
89921,483065,8192,0.132355
89985,482588,8192,0.137329
90049,482485,8192,0.138777
90113,482356,8192,0.140136
90177,483296,8192,0.131214
90241,482471,8192,0.140478
90305,483193,8192,0.141944
90369,483682,8192,0.140091
90433,483966,8192,0.139343
90497,484406,8192,0.132723
90561,483868,8192,0.140327
90625,483420,8192,0.138832
90689,483891,8192,0.127084
90753,483593,8192,0.130955
90817,483435,8192,0.128549
90881,483703,8192,0.122435
90945,484152,8192,0.117947
91009,484078,8192,0.119264
91073,483982,8192,0.123771
91137,484288,8192,0.112846
91201,483853,8192,0.117004
91265,483712,8192,0.121635
91329,483560,8192,0.120230
91393,484119,8192,0.115870
91457,483570,8192,0.120298
91521,482997,8192,0.133427
91585,482768,8192,0.134009
91649,482807,8192,0.135668
91713,483742,8192,0.129718
91777,484164,8192,0.127231
91841,484553,8192,0.121438
91905,484632,8192,0.121090
91969,484797,8192,0.124688
92033,484974,8192,0.129813
92097,484838,8192,0.135049
92161,484335,8192,0.145629
92225,485700,8192,0.127794
92289,485816,8192,0.130745
92353,486357,8192,0.121128
92417,485886,8192,0.124379
92481,486464,8192,0.111866
92545,485899,8192,0.110887
92609,487011,8192,0.098420
92673,487327,8192,0.092365
92737,487247,8192,0.089634
92801,487175,8192,0.095426
92865,486514,8192,0.101133
92929,486186,8192,0.100566
92993,486548,8192,0.095972
93057,486955,8192,0.092411
93121,487042,8192,0.090497
93185,486428,8192,0.098636
93249,486820,8192,0.093914
93313,486273,8192,0.094795
93377,486625,8192,0.094946
93441,486358,8192,0.092532
93505,486186,8192,0.086037
93569,485160,8192,0.089658
93633,485001,8192,0.093570
93697,485017,8192,0.098473
93761,485699,8192,0.096224
93825,486354,8192,0.086454
93889,486721,8192,0.084696
93953,486352,8192,0.087781
94017,485732,8192,0.095584
94081,485286,8192,0.098620
94145,485142,8192,0.110758
94209,485036,8192,0.114067
94273,485455,8192,0.111324
94337,485478,8192,0.107939
94401,484760,8192,0.115495
94465,483337,8192,0.122909
94529,482622,8192,0.134431
94593,482685,8192,0.131770
94657,482477,8192,0.132431
94721,483627,8192,0.123453
94785,482699,8192,0.137041
94849,482806,8192,0.135750
94913,482082,8192,0.132605
94977,481155,8192,0.140730
95041,481753,8192,0.133081
95105,481590,8192,0.134070
95169,482268,8192,0.124088
95233,482375,8192,0.123139
95297,482713,8192,0.108240
95361,483401,8192,0.098222
95425,482965,8192,0.106993
95489,483042,8192,0.107626
95553,483342,8192,0.109954
95617,483628,8192,0.099017
95681,482826,8192,0.108416
95745,482021,8192,0.111134
95809,481857,8192,0.109149
95873,482198,8192,0.113570
95937,481810,8192,0.117971
96001,481936,8192,0.121295
96065,482378,8192,0.109643
96129,482522,8192,0.106736
96193,483260,8192,0.107891
96257,483940,8192,0.103332
96321,484285,8192,0.101975
96385,484859,8192,0.101756
96449,483939,8192,0.114655
96513,484522,8192,0.116810
96577,484915,8192,0.113641
96641,484147,8192,0.124772
96705,484128,8192,0.119930
96769,483939,8192,0.124079
96833,483627,8192,0.127026
96897,483856,8192,0.129520
96961,484683,8192,0.120347
97025,483830,8192,0.131624
97089,482563,8192,0.146512
97153,481872,8192,0.155002
97217,482269,8192,0.150499
97281,482578,8192,0.141239
97345,480388,8192,0.165192
97409,480186,8192,0.161181
97473,479477,8192,0.166228
97537,479253,8192,0.157931
97601,478969,8192,0.160020
97665,477456,8192,0.176592
97729,478313,8192,0.168339
97793,478451,8192,0.167815
97857,478640,8192,0.170543
97921,478726,8192,0.171217
97985,479708,8192,0.153122
98049,479488,8192,0.160909
98113,478868,8192,0.167862
98177,479268,8192,0.160649
98241,479913,8192,0.151107
98305,479872,8192,0.147635
98369,479115,8192,0.158801
98433,479458,8192,0.155686
98497,480046,8192,0.147797
98561,480427,8192,0.140695
98625,480443,8192,0.143229
98689,479898,8192,0.151669
98753,480494,8192,0.151562
98817,481148,8192,0.144413
98881,481537,8192,0.139736
98945,481310,8192,0.148147
99009,482360,8192,0.139010
99073,482053,8192,0.147792
99137,481433,8192,0.153157
99201,481397,8192,0.156144
99265,480935,8192,0.167500
99329,480974,8192,0.169025
99393,480278,8192,0.175319
99457,481308,8192,0.168298
99521,480225,8192,0.185645
99585,479919,8192,0.196687
99649,480028,8192,0.195278
99713,479462,8192,0.197013
99777,479985,8192,0.185434
99841,479613,8192,0.190418
99905,479851,8192,0.186038
99969,480234,8192,0.172350
100033,480296,8192,0.173421
100097,479661,8192,0.180831
100161,481189,8192,0.169114
100225,481869,8192,0.164729
100289,480707,8192,0.171655
100353,481806,8192,0.157450
100417,482172,8192,0.153280
100481,482311,8192,0.146017
100545,482387,8192,0.144383
100609,481834,8192,0.148255
100673,482000,8192,0.160188
100737,482117,8192,0.157823
100801,481387,8192,0.167418
100865,482089,8192,0.159261
100929,482613,8192,0.150424
100993,483191,8192,0.144983
101057,483220,8192,0.148187
101121,482309,8192,0.160077
101185,482140,8192,0.162549
101249,480918,8192,0.175317
101313,480902,8192,0.166898
101377,481623,8192,0.152553
101441,482234,8192,0.146135
101505,482482,8192,0.139093
101569,482515,8192,0.141254
101633,481878,8192,0.151078
101697,482217,8192,0.144164
101761,483079,8192,0.136475
101825,481463,8192,0.156653
101889,480758,8192,0.170797
101953,480706,8192,0.173720
102017,480558,8192,0.181896
102081,479532,8192,0.202592
102145,479363,8192,0.205148
102209,478520,8192,0.207121
102273,478563,8192,0.204276
102337,479061,8192,0.191915
102401,478189,8192,0.194162
102465,479129,8192,0.180583
102529,479265,8192,0.173058
102593,480582,8192,0.155649
102657,480753,8192,0.153085
102721,481754,8192,0.145148
102785,481803,8192,0.145136
102849,482203,8192,0.138167
102913,481628,8192,0.138920
102977,481561,8192,0.135574
103041,482133,8192,0.124329
103105,482938,8192,0.116480
103169,483185,8192,0.107423
103233,483831,8192,0.110092
103297,484404,8192,0.099280
103361,483894,8192,0.103412
103425,483484,8192,0.111075
103489,483809,8192,0.109532
103553,483322,8192,0.114648
103617,484388,8192,0.104470
103681,484980,8192,0.100866
103745,484251,8192,0.112577
103809,484326,8192,0.116626
103873,484020,8192,0.126563
103937,484724,8192,0.124466
104001,484269,8192,0.133836
104065,484117,8192,0.138351
104129,483290,8192,0.150711
104193,483640,8192,0.146241
104257,483000,8192,0.148422
104321,483138,8192,0.142165
104385,483137,8192,0.132981
104449,484010,8192,0.112913
104513,483496,8192,0.117724
104577,484212,8192,0.109976
104641,483468,8192,0.114960
104705,482566,8192,0.126255
104769,483058,8192,0.131802
104833,482069,8192,0.148274
104897,481648,8192,0.157236
104961,481188,8192,0.159514
105025,481173,8192,0.163419
105089,481670,8192,0.151465
105153,481788,8192,0.156137
105217,481948,8192,0.152907
105281,482203,8192,0.156165
105345,482434,8192,0.154495
105409,481869,8192,0.164559
105473,482418,8192,0.163789
105537,482522,8192,0.161884
105601,482016,8192,0.166932
105665,482366,8192,0.161035
105729,482693,8192,0.151454
105793,483038,8192,0.143661
105857,483431,8192,0.142044
105921,483581,8192,0.139891
105985,483316,8192,0.137575
106049,483032,8192,0.136352
106113,483143,8192,0.132859
106177,483122,8192,0.137608
106241,483976,8192,0.126779
106305,483617,8192,0.125010
106369,483098,8192,0.130277
106433,481728,8192,0.143119
106497,482245,8192,0.126355
106561,482551,8192,0.119161
106625,482507,8192,0.116532
106689,481843,8192,0.132546
106753,481616,8192,0.135986
106817,481074,8192,0.147814
106881,480422,8192,0.152151
106945,481892,8192,0.144128
107009,482768,8192,0.131532
107073,483379,8192,0.126440
107137,482667,8192,0.125793
107201,481920,8192,0.131465
107265,481349,8192,0.132772
107329,480868,8192,0.135025
107393,480123,8192,0.135247
107457,480156,8192,0.132770
107521,479892,8192,0.141253
107585,480060,8192,0.138790
107649,480562,8192,0.133935
107713,479937,8192,0.142934
107777,479684,8192,0.146214
107841,480770,8192,0.138936
107905,481885,8192,0.126305
107969,481272,8192,0.128594
108033,482295,8192,0.113725
108097,482534,8192,0.120705
108161,482112,8192,0.126132
108225,482239,8192,0.119816
108289,482576,8192,0.117654
108353,480507,8192,0.138423
108417,480206,8192,0.133518
108481,481226,8192,0.119737
108545,481656,8192,0.116778
108609,481465,8192,0.117434
108673,481984,8192,0.113545
108737,482599,8192,0.111968
108801,481964,8192,0.117644
108865,482171,8192,0.117330
108929,481550,8192,0.119846
108993,482697,8192,0.109074
109057,482552,8192,0.116298
109121,482345,8192,0.118811
109185,481073,8192,0.132998
109249,480678,8192,0.132772
109313,480180,8192,0.135852
109377,480726,8192,0.125907
109441,481697,8192,0.114734
109505,481826,8192,0.109184
109569,481981,8192,0.108454
109633,482286,8192,0.101543
109697,482400,8192,0.100794
109761,482602,8192,0.099973
109825,483168,8192,0.091376
109889,483418,8192,0.089274
109953,483140,8192,0.089581
110017,482798,8192,0.091418
110081,482954,8192,0.096338
110145,482490,8192,0.102561
110209,483723,8192,0.086516
110273,483013,8192,0.098466
110337,483047,8192,0.091343
110401,482771,8192,0.096935
110465,483206,8192,0.091499
110529,483512,8192,0.082045
110593,483365,8192,0.094143
110657,483074,8192,0.095604
110721,484117,8192,0.093380
110785,483346,8192,0.103172
110849,484423,8192,0.090397
110913,484083,8192,0.102468
110977,484101,8192,0.104441
111041,483695,8192,0.114360
111105,483333,8192,0.120613
111169,482901,8192,0.124817
111233,483282,8192,0.126321
111297,483426,8192,0.126530
111361,483647,8192,0.123819
111425,482633,8192,0.133905
111489,481988,8192,0.142030
111553,481650,8192,0.145374
111617,482519,8192,0.132517
111681,482747,8192,0.125345
111745,482598,8192,0.125881
111809,482651,8192,0.126966
111873,482927,8192,0.123632
111937,482889,8192,0.127300
112001,482879,8192,0.122579
112065,483084,8192,0.124371
112129,483187,8192,0.115435
112193,482840,8192,0.122473
112257,482642,8192,0.124555
112321,482712,8192,0.127649
112385,482171,8192,0.133176
112449,481992,8192,0.131141
112513,482044,8192,0.129746
112577,482785,8192,0.117376
112641,483318,8192,0.108219
112705,483792,8192,0.097970
112769,483669,8192,0.103558
112833,483346,8192,0.111297
112897,483388,8192,0.111038
112961,483876,8192,0.112373
113025,483390,8192,0.122037
113089,482962,8192,0.126666
113153,481858,8192,0.134510
113217,482598,8192,0.134178
113281,482452,8192,0.134452
113345,482267,8192,0.130890
113409,482973,8192,0.124231
113473,482011,8192,0.143500
113537,483018,8192,0.133654
113601,483682,8192,0.129899
113665,484084,8192,0.131856
113729,484264,8192,0.133184
113793,483314,8192,0.152980
113857,483145,8192,0.152252
113921,483160,8192,0.150106
113985,483657,8192,0.152333
114049,483058,8192,0.162917
114113,482728,8192,0.168017
114177,481599,8192,0.182216
114241,480863,8192,0.183164
114305,480602,8192,0.180827
114369,480896,8192,0.171555
114433,480955,8192,0.170799
114497,480063,8192,0.179771
114561,480080,8192,0.182741
114625,479576,8192,0.191071
114689,479552,8192,0.193389
114753,479885,8192,0.186122
114817,479877,8192,0.185146
114881,479578,8192,0.191140
114945,480520,8192,0.173455
115009,480797,8192,0.171690
115073,481895,8192,0.169494
115137,482303,8192,0.165806
115201,481686,8192,0.179620
115265,482005,8192,0.171429
115329,482436,8192,0.164009
115393,482625,8192,0.161199
115457,483621,8192,0.147201
115521,483566,8192,0.147320
115585,483853,8192,0.141752
115649,483508,8192,0.144420
115713,483821,8192,0.140256
115777,484099,8192,0.133347
115841,483486,8192,0.133926
115905,484099,8192,0.125031
115969,483749,8192,0.133861
116033,484623,8192,0.127541
116097,484297,8192,0.127362
116161,484036,8192,0.127030
116225,484020,8192,0.127231
116289,484350,8192,0.128446
116353,484715,8192,0.127610
116417,484376,8192,0.134214
116481,483080,8192,0.150555
116545,482723,8192,0.154136
116609,482273,8192,0.159464
116673,481901,8192,0.163505
116737,481632,8192,0.171484
116801,480653,8192,0.179174
116865,480703,8192,0.176607
116929,481456,8192,0.169388
116993,480844,8192,0.175068
117057,480355,8192,0.179514
117121,480233,8192,0.185778
117185,480743,8192,0.182387
117249,481439,8192,0.178143
117313,480730,8192,0.189202
117377,481238,8192,0.188285
117441,481280,8192,0.185515
117505,480697,8192,0.185530
117569,479980,8192,0.195312
117633,480270,8192,0.194193
117697,481218,8192,0.183479
117761,482260,8192,0.172470
117825,483252,8192,0.159862
117889,482813,8192,0.161631
117953,483219,8192,0.156368
118017,482474,8192,0.160669
118081,483494,8192,0.148399
118145,482993,8192,0.151844
118209,483199,8192,0.147144
118273,482397,8192,0.154106
118337,482537,8192,0.152142
118401,482534,8192,0.157156
118465,482869,8192,0.152375
118529,483586,8192,0.138665
118593,483809,8192,0.143156
118657,483784,8192,0.146965
118721,483773,8192,0.148657
118785,483783,8192,0.151358
118849,483795,8192,0.152397
118913,484071,8192,0.147458
118977,484639,8192,0.134087
119041,484461,8192,0.132675
119105,483694,8192,0.138046
119169,484424,8192,0.129912
119233,484744,8192,0.125790
119297,484347,8192,0.134483
119361,484161,8192,0.134535
119425,484644,8192,0.120302
119489,483465,8192,0.134270
119553,483983,8192,0.127334
119617,483736,8192,0.127867
119681,483463,8192,0.136898
119745,483668,8192,0.134948
119809,484094,8192,0.132823
119873,484854,8192,0.137763
119937,484583,8192,0.137276
120001,483823,8192,0.144799
120065,482859,8192,0.148324
120129,482608,8192,0.146114
120193,481985,8192,0.152219
120257,482752,8192,0.138067
120321,481654,8192,0.152732
120385,480713,8192,0.163268
120449,481484,8192,0.151189
120513,481656,8192,0.143655
120577,481961,8192,0.140357
120641,482637,8192,0.132093
120705,481673,8192,0.142297
120769,481019,8192,0.149224
120833,481175,8192,0.143453
120897,481598,8192,0.134324
120961,480968,8192,0.146772
121025,480963,8192,0.142771
121089,481215,8192,0.141367
121153,480718,8192,0.140713
121217,480395,8192,0.140771
121281,479876,8192,0.143986
121345,480711,8192,0.142507
121409,479943,8192,0.147102
121473,480837,8192,0.145812
121537,480461,8192,0.150581
121601,480885,8192,0.152947
121665,479383,8192,0.177060
121729,478326,8192,0.192167
121793,479032,8192,0.186672
121857,479072,8192,0.184395
121921,478834,8192,0.187069
121985,478039,8192,0.193902
122049,478357,8192,0.186089
122113,478466,8192,0.180038
122177,478876,8192,0.176244
122241,478489,8192,0.178299
122305,478185,8192,0.185906
122369,478263,8192,0.181662
122433,478207,8192,0.173772
122497,477489,8192,0.175257
122561,476385,8192,0.185223
122625,476599,8192,0.188114
122689,475384,8192,0.211074
122753,476839,8192,0.190518
122817,477159,8192,0.186087
122881,478028,8192,0.174991
122945,479167,8192,0.165433
123009,479161,8192,0.160498
123073,479185,8192,0.157077
123137,479543,8192,0.148682
123201,479066,8192,0.150703
123265,479527,8192,0.147875
123329,479110,8192,0.161183
123393,479108,8192,0.157047
123457,480401,8192,0.149384
123521,480625,8192,0.147996
123585,481655,8192,0.134623
123649,481799,8192,0.137055
123713,482538,8192,0.128813
123777,482941,8192,0.125965
123841,483771,8192,0.112458
123905,483708,8192,0.118837
123969,483312,8192,0.126018
124033,482512,8192,0.133596
124097,482839,8192,0.122459
124161,482987,8192,0.122369
124225,482988,8192,0.122920
124289,482319,8192,0.133379
124353,480621,8192,0.153319
124417,480767,8192,0.161021
124481,480062,8192,0.171002
124545,479382,8192,0.166984
124609,478850,8192,0.173355
124673,479012,8192,0.163413
124737,479221,8192,0.159618
124801,479943,8192,0.143996
124865,479278,8192,0.141643
124929,479215,8192,0.147391
124993,478989,8192,0.155843
125057,479247,8192,0.151592
125121,479470,8192,0.151846
125185,480343,8192,0.143322
125249,479789,8192,0.151846
125313,478584,8192,0.170385
125377,478645,8192,0.170501
125441,477804,8192,0.175039
125505,476929,8192,0.178526
125569,476113,8192,0.181513
125633,476776,8192,0.167425
125697,477486,8192,0.158078
125761,478026,8192,0.153584
125825,478678,8192,0.157876
125889,478735,8192,0.150599
125953,478212,8192,0.156105
126017,479408,8192,0.140943
126081,479585,8192,0.146856
126145,479629,8192,0.146838
126209,479856,8192,0.147048
126273,480959,8192,0.132267
126337,481044,8192,0.132958
126401,480792,8192,0.139905
126465,480643,8192,0.143350
126529,480554,8192,0.142483
126593,479724,8192,0.154556
126657,479491,8192,0.157321
126721,480584,8192,0.148012
126785,480814,8192,0.154523
126849,480995,8192,0.149321
126913,482510,8192,0.132179
126977,483009,8192,0.129721
127041,482671,8192,0.131894
127105,483779,8192,0.122259
127169,483868,8192,0.126970
127233,484048,8192,0.123321
127297,483651,8192,0.131203
127361,483893,8192,0.128876
127425,483761,8192,0.131117
127489,481483,8192,0.162591
127553,480035,8192,0.179361
127617,478746,8192,0.195855
127681,479280,8192,0.191482
127745,479905,8192,0.183053
127809,479991,8192,0.176152
127873,480584,8192,0.168852
127937,480976,8192,0.164151
128001,480440,8192,0.171659
128065,481514,8192,0.159065
128129,482020,8192,0.152344
128193,481833,8192,0.152681
128257,481591,8192,0.156771
128321,481939,8192,0.154156
128385,481303,8192,0.161482
128449,481330,8192,0.159588
128513,481235,8192,0.160813
128577,481208,8192,0.163586
128641,481523,8192,0.158351
128705,481198,8192,0.165584
128769,482087,8192,0.146227
128833,482755,8192,0.146553
128897,483676,8192,0.135543
128961,483327,8192,0.143192
129025,483364,8192,0.141671
129089,483103,8192,0.147452
129153,484515,8192,0.139749
129217,484188,8192,0.148380
129281,484604,8192,0.151100
129345,485344,8192,0.140938
129409,484981,8192,0.152497
129473,484402,8192,0.155425
129537,483899,8192,0.163951
129601,482642,8192,0.176682
129665,482565,8192,0.178635
129729,482858,8192,0.171972
129793,481741,8192,0.182251
129857,448077,8192,0.580696
129921,240160,8192,2.242960
129985,140199,8192,2.552290
130049,129167,8192,2.718699
130113,129204,8192,2.727841
130177,127322,8192,2.755932
130241,133605,8192,2.689082
130305,136129,8192,2.583125
130369,142575,8192,2.484149
130433,154466,8192,2.390417
130497,144047,8192,2.573772
130561,129886,8192,2.739197
130625,131661,8192,2.758622
130689,132187,8192,2.794552
130753,132398,8192,2.879483
130817,127684,8192,2.937436
130881,135443,8192,2.864238
130945,140213,8192,2.859329
131009,133559,8192,2.933294
131073,133183,8192,2.847594
131137,141305,8192,2.693917
131201,140909,8192,2.685403
131265,137948,8192,2.721296
131329,133669,8192,2.798567
131393,121238,8192,3.026175
131457,123125,8192,3.084782
131521,130316,8192,3.018951
131585,141612,8192,2.863719
131649,148519,8192,2.761075
131713,145456,8192,2.795275
131777,149016,8192,2.753782
131841,151156,8192,2.786323
131905,140192,8192,2.943289
131969,123255,8192,3.134372
132033,123800,8192,3.129045
132097,120088,8192,3.220101
132161,125485,8192,3.182455
132225,128875,8192,3.171394
132289,125198,8192,3.304107
132353,133874,8192,3.267549
132417,135065,8192,3.283414
132481,124905,8192,3.479933
132545,124180,8192,3.595051
132609,135926,8192,3.470201
132673,140467,8192,3.378008
132737,136073,8192,3.398349
132801,132711,8192,3.416580
132865,123385,8192,3.516596
132929,131898,8192,3.441004
132993,137520,8192,3.283251
133057,135709,8192,3.190667
133121,129776,8192,3.268837
133185,126373,8192,3.346914
133249,129664,8192,3.354253
133313,142148,8192,3.265082
133377,130447,8192,3.508512
133441,130897,8192,3.512872
133505,134943,8192,3.436799
133569,135216,8192,3.424929
133633,141037,8192,3.341542
133697,136959,8192,3.403363
133761,157067,8192,3.178543
133825,171033,8192,3.017674
133889,150668,8192,3.355886
133953,135168,8192,3.521449
134017,132415,8192,3.570062
134081,130241,8192,3.598304
134145,146235,8192,3.386361
134209,152786,8192,3.316579
134273,149911,8192,3.398300
134337,136971,8192,3.600895
134401,125913,8192,3.744713
134465,131622,8192,3.689147
134529,139175,8192,3.595720
134593,139373,8192,3.622473
134657,131811,8192,3.753294
134721,126345,8192,3.779591
134785,140131,8192,3.611836
134849,148486,8192,3.563812
134913,149598,8192,3.593786
134977,154242,8192,3.554024
135041,155260,8192,3.569274
135105,171323,8192,3.357423
135169,194810,8192,3.054942
135233,219305,8192,2.776638
135297,237210,8192,2.568027
135361,194083,8192,3.005296
135425,165077,8192,3.226762
135489,159471,8192,3.254000
135553,167456,8192,3.169161
135617,140902,8192,3.469287
135681,120345,8192,3.684350
135745,124838,8192,3.604526
135809,118952,8192,3.724220
135873,126833,8192,3.645677
135937,118599,8192,3.790750
136001,118999,8192,3.778298
136065,123943,8192,3.708240
136129,122743,8192,3.745856
136193,125566,8192,3.711711
136257,128691,8192,3.625596
136321,130146,8192,3.593164
136385,128698,8192,3.672276
136449,125433,8192,3.722951
136513,132988,8192,3.645876
136577,123297,8192,3.761985
136641,129209,8192,3.525381
136705,129462,8192,3.473470
136769,134658,8192,3.444604
136833,137645,8192,3.522011
136897,149045,8192,3.433148
136961,155556,8192,3.396938
137025,154324,8192,3.443718
137089,136069,8192,3.579420
137153,132542,8192,3.660437
137217,129946,8192,3.757597
137281,129435,8192,3.753285
137345,141671,8192,3.603141
137409,140830,8192,3.632245
137473,141356,8192,3.607657
137537,147886,8192,3.461034
137601,139307,8192,3.586405
137665,119878,8192,3.912655
137729,121957,8192,3.899778
137793,116504,8192,3.939976
137857,118302,8192,3.930039
137921,134778,8192,3.745576
137985,148290,8192,3.570402
138049,155030,8192,3.501695
138113,152950,8192,3.512730
138177,138766,8192,3.741893
138241,130627,8192,3.873684
138305,136515,8192,3.787884
138369,131079,8192,3.843025
138433,121228,8192,3.958836
138497,134295,8192,3.814243
138561,146643,8192,3.680836
138625,141096,8192,3.748025
138689,148821,8192,3.679947
138753,161679,8192,3.509139
138817,154460,8192,3.515656
138881,148605,8192,3.595155
138945,143526,8192,3.648421
139009,148982,8192,3.562877
139073,144619,8192,3.527741
139137,142890,8192,3.491591
139201,123806,8192,3.760174
139265,134261,8192,3.672343
139329,130726,8192,3.721977
139393,137215,8192,3.706937
139457,144211,8192,3.644110
139521,150129,8192,3.598946
139585,145020,8192,3.692221
139649,153308,8192,3.601070
139713,158671,8192,3.534914
139777,179566,8192,3.221267
139841,188651,8192,3.078466
139905,150902,8192,3.521833
139969,117145,8192,3.927639
140033,119455,8192,3.860936
140097,116258,8192,3.956115
140161,124370,8192,3.858320
140225,135496,8192,3.725061
140289,155687,8192,3.587178
140353,185667,8192,3.406594
140417,158590,8192,3.732906
140481,132211,8192,4.014069
140545,118552,8192,4.187506
140609,134730,8192,4.025273
140673,137771,8192,4.029136
140737,137279,8192,4.010197
140801,124518,8192,4.103881
140865,124993,8192,4.081244
140929,114470,8192,4.195433
140993,118260,8192,4.082209
141057,114291,8192,4.159441
141121,125285,8192,4.038381
141185,137864,8192,3.933249
141249,127008,8192,4.061048
141313,130421,8192,4.013975
141377,127354,8192,4.049372
141441,135830,8192,3.925516
141505,130840,8192,4.027349
141569,128730,8192,4.030106
141633,115388,8192,4.144811
141697,116803,8192,4.155990
141761,125200,8192,4.099910
141825,119303,8192,4.263040
141889,117486,8192,4.280481
141953,115740,8192,4.270803
142017,114926,8192,4.225552
142081,133453,8192,3.982144
142145,141697,8192,3.873787
142209,146823,8192,3.864525
142273,130645,8192,4.067604
142337,107999,8192,4.312816
142401,108499,8192,4.365566
142465,105095,8192,4.430733
142529,117348,8192,4.262932
142593,125278,8192,4.186503
142657,119880,8192,4.307339
142721,124180,8192,4.234757
142785,113260,8192,4.389233
142849,108032,8192,4.508183
142913,105476,8192,4.584693
142977,105342,8192,4.618447
143041,104901,8192,4.659264
143105,108307,8192,4.579440
143169,107693,8192,4.685711
143233,115578,8192,4.594956
143297,117121,8192,4.566335
143361,125991,8192,4.469287
143425,128697,8192,4.442842
143489,121571,8192,4.562999
143553,121126,8192,4.525836
143617,128947,8192,4.442656
143681,127819,8192,4.436489
143745,136258,8192,4.332324
143809,151434,8192,4.089357
143873,149100,8192,4.059591
143937,142490,8192,4.142410
144001,122758,8192,4.311129
144065,119544,8192,4.211437
144129,117594,8192,4.170448
144193,120142,8192,4.081091
144257,123791,8192,3.985713
144321,130942,8192,3.889800
144385,147673,8192,3.661732
144449,133972,8192,3.847537
144513,133709,8192,3.850051
144577,122187,8192,4.001516
144641,111092,8192,4.128193
144705,117275,8192,4.011839
144769,120674,8192,4.004314
144833,118705,8192,4.064746
144897,121492,8192,4.102971
144961,120305,8192,4.143097
145025,120162,8192,4.149085
145089,116376,8192,4.231203
145153,118921,8192,4.254366
145217,129260,8192,4.121779
145281,150594,8192,3.832302
145345,165954,8192,3.652070
145409,176609,8192,3.539641
145473,144872,8192,3.919151
145537,113161,8192,4.122715
145601,118056,8192,3.992218
145665,129830,8192,3.807526
145729,134564,8192,3.747217
145793,142285,8192,3.662121
145857,152956,8192,3.522051
145921,148250,8192,3.621380
145985,132584,8192,3.829606
146049,140148,8192,3.723789
146113,149640,8192,3.540435
146177,154946,8192,3.426303
146241,156672,8192,3.217841
146305,144798,8192,3.235174
146369,135325,8192,3.295564
146433,121727,8192,3.447530
146497,117061,8192,3.442067
146561,121691,8192,3.409333
146625,126723,8192,3.347517
146689,126721,8192,3.387100
146753,127552,8192,3.350461
146817,127679,8192,3.435429
146881,121563,8192,3.548434
146945,126251,8192,3.475522
147009,123198,8192,3.517414
147073,128130,8192,3.443767
147137,138831,8192,3.321147
147201,143830,8192,3.272006
147265,155609,8192,3.154770
147329,160121,8192,3.135478
147393,157913,8192,3.180668
147457,148139,8192,3.308999
147521,149602,8192,3.277889
147585,170223,8192,3.009178
147649,202735,8192,2.628326
147713,237172,8192,2.312197
147777,269018,8192,2.060412
147841,294387,8192,1.837841
147905,315766,8192,1.621197
147969,331919,8192,1.444367
148033,345443,8192,1.282920
148097,357108,8192,1.146090
148161,102353,8192,3.949351
148225,115960,8192,3.674407
148289,127206,8192,3.493680
148353,130326,8192,3.427293
148417,123759,8192,3.569334
148481,120194,8192,3.553973
148545,122432,8192,3.578096
148609,130783,8192,3.445074
148673,124290,8192,3.545367
148737,122187,8192,3.603998
148801,125692,8192,3.573634
148865,128985,8192,3.529115
148929,135797,8192,3.467105
148993,138513,8192,3.491656
149057,136721,8192,3.577876
149121,141424,8192,3.516836
149185,142133,8192,3.554404
149249,140661,8192,3.645490
149313,133383,8192,3.794866
149377,144412,8192,3.650988
149441,152522,8192,3.525243
149505,153259,8192,3.503217
149569,152239,8192,3.490847
149633,137878,8192,3.612067
149697,139178,8192,3.562406
149761,145032,8192,3.553591
149825,160535,8192,3.400056
149889,172025,8192,3.306219
149953,178854,8192,3.272703
150017,159027,8192,3.487835
150081,165118,8192,3.358104
150145,156866,8192,3.502464
150209,150703,8192,3.566635
150273,153944,8192,3.528282
150337,137847,8192,3.752661
150401,139454,8192,3.685077
150465,154513,8192,3.456632
150529,149578,8192,3.466428
150593,137743,8192,3.531255
150657,145079,8192,3.426920
150721,143646,8192,3.468724
150785,142683,8192,3.512660
150849,153164,8192,3.439553
150913,172497,8192,3.237250
150977,202562,8192,2.897298
151041,230954,8192,2.582312
151105,258569,8192,2.279532
151169,281425,8192,2.037381
151233,301182,8192,1.818625
151297,318443,8192,1.630760
151361,333090,8192,1.475750
151425,347272,8192,1.324582
151489,359754,8192,1.188783
151553,371529,8192,1.061713
151617,381921,8192,0.951327
151681,390649,8192,0.869852
151745,399518,8192,0.775918
151809,410941,8192,0.632267
151873,418788,8192,0.543486
151937,424769,8192,0.472857
152001,430753,8192,0.404975
152065,436428,8192,0.340802
152129,441533,8192,0.278767
152193,445740,8192,0.227714
152257,449640,8192,0.183142
152321,453890,8192,0.136903
152385,457166,8192,0.100172
152449,460667,8192,0.064822
152513,463618,8192,0.035161
152577,465568,8192,0.022032
152641,467312,8192,0.013714
152705,468689,8192,0.004255
152769,469964,8192,0.001079
152833,471037,8192,0.001261
152897,471994,8192,0.002372
152961,472977,8192,0.004822
153025,473999,8192,0.002335
153089,474879,8192,0.001239
153153,476585,8192,-0.007217
153217,477930,8192,-0.007472
153281,478700,8192,-0.002422
153345,479468,8192,-0.002871
153409,480020,8192,0.003200
153473,480594,8192,0.006691
153537,481179,8192,0.006347
153601,476017,8192,0.093064
153665,84520,8192,4.311462
153729,85663,8192,4.249218
153793,88815,8192,4.243212
153857,86563,8192,4.270344
153921,98129,8192,4.051384
153985,99430,8192,4.056300
154049,100935,8192,4.073181
154113,102852,8192,4.081391
154177,94439,8192,4.220846
154241,97717,8192,4.185297
154305,105843,8192,4.115846
154369,114702,8192,4.015322
154433,112787,8192,4.063541
154497,115700,8192,4.119367
154561,116881,8192,4.126663
154625,126540,8192,4.006484
154689,138223,8192,3.804665
154753,137470,8192,3.809434
154817,147009,8192,3.691099
154881,132268,8192,3.897379
154945,140143,8192,3.800459
155009,136730,8192,3.843999
155073,134618,8192,3.856843
155137,145342,8192,3.673522
155201,139141,8192,3.868855
155265,136453,8192,3.941235
155329,133434,8192,3.982484
155393,130836,8192,4.021268
155457,144730,8192,3.831970
155521,145615,8192,3.757159
155585,153049,8192,3.712979
155649,150571,8192,3.668074
155713,155307,8192,3.497598
155777,144655,8192,3.564323
155841,155309,8192,3.382970
155905,151157,8192,3.493177
155969,152360,8192,3.517514
156033,148036,8192,3.619411
156097,148219,8192,3.648985
156161,147317,8192,3.707916
156225,151327,8192,3.626403
156289,148351,8192,3.723247
156353,165749,8192,3.452985
156417,171004,8192,3.349299
156481,180562,8192,3.211361
156545,173885,8192,3.288616
156609,171209,8192,3.340737
156673,161267,8192,3.487617
156737,158329,8192,3.556383
156801,174323,8192,3.326204
156865,181115,8192,3.203202
156929,200175,8192,2.868515
156993,211332,8192,2.684051
157057,208420,8192,2.667402
157121,194579,8192,2.732181
157185,223221,8192,2.300774
157249,207199,8192,2.567475
157313,201168,8192,2.636265
157377,200312,8192,2.650657
157441,202732,8192,2.652704
157505,206085,8192,2.655245
157569,193179,8192,2.913124
157633,170936,8192,3.234019
157697,145756,8192,3.600615
157761,138188,8192,3.714782
157825,145030,8192,3.643641
157889,138845,8192,3.736173
157953,128766,8192,3.855284
158017,133538,8192,3.873424
158081,148089,8192,3.705776
158145,160280,8192,3.574660
158209,154013,8192,3.705393
158273,168384,8192,3.471813
158337,193458,8192,3.175570
158401,201704,8192,3.134876
158465,168595,8192,3.523532
158529,155727,8192,3.719339
158593,149441,8192,3.860409
158657,156048,8192,3.751451
158721,169542,8192,3.591866
158785,167807,8192,3.536190
158849,170129,8192,3.402707
158913,173768,8192,3.274088
158977,190443,8192,3.040408
159041,215247,8192,2.718592
159105,232707,8192,2.514182
159169,228881,8192,2.562539
159233,187418,8192,3.022509
159297,155392,8192,3.346508
159361,124893,8192,3.688660
159425,115608,8192,3.808475
159489,116803,8192,3.788059
159553,119549,8192,3.781515
159617,131334,8192,3.633418
159681,147103,8192,3.450361
159745,153115,8192,3.413742
159809,158625,8192,3.350530
159873,153491,8192,3.442939
159937,137874,8192,3.643098
160001,122303,8192,3.872470
160065,117265,8192,3.945968
160129,121653,8192,3.909090
160193,128440,8192,3.815019
160257,149356,8192,3.640392
160321,134472,8192,3.793189
160385,107507,8192,4.052805
160449,109289,8192,4.024963
160513,112801,8192,4.005600
160577,114030,8192,4.043774
160641,115441,8192,4.071392
160705,112930,8192,4.131522
160769,113597,8192,4.165946
160833,118016,8192,4.155270
160897,118558,8192,4.139981
160961,123787,8192,4.114328
161025,135754,8192,3.947746
161089,150371,8192,3.746146
161153,140745,8192,3.846902
161217,144558,8192,3.768306
161281,156042,8192,3.559068
161345,150314,8192,3.588590
161409,133869,8192,3.788605
161473,139981,8192,3.715045
161537,148179,8192,3.636211
161601,148172,8192,3.651798
161665,148540,8192,3.619451
161729,155671,8192,3.566574
161793,186967,8192,3.224411
161857,204444,8192,3.043157
161921,207490,8192,3.016605
161985,148942,8192,3.495157
162049,122012,8192,3.706456
162113,125798,8192,3.683596
162177,128624,8192,3.604774
162241,133340,8192,3.555092
162305,131471,8192,3.576380
162369,134625,8192,3.566372
162433,134328,8192,3.558094
162497,124974,8192,3.651606
162561,121009,8192,3.696839
162625,117722,8192,3.773313
162689,114419,8192,3.839903
162753,122293,8192,3.724668
162817,139228,8192,3.539128
162881,149884,8192,3.437877
162945,150431,8192,3.414952
163009,167070,8192,3.280149
163073,166947,8192,3.306705
163137,183500,8192,3.134381
163201,172123,8192,3.376799
163265,133678,8192,3.793219
163329,139919,8192,3.756728
163393,144164,8192,3.748690
163457,126260,8192,4.045574
163521,121382,8192,4.141748
163585,111956,8192,4.285114
163649,106558,8192,4.397635
163713,111974,8192,4.358210
163777,112444,8192,4.406121
163841,108631,8192,4.509111
163905,113730,8192,4.465873
163969,113657,8192,4.503218
164033,108326,8192,4.567368
164097,106349,8192,4.647881
164161,104947,8192,4.668202
164225,106132,8192,4.685042
164289,103536,8192,4.797936
164353,102676,8192,4.841435
164417,94182,8192,4.983404
164481,90287,8192,5.070499
164545,89193,8192,5.086283
164609,92471,8192,5.076554
164673,91873,8192,5.109410
164737,82219,8192,5.275781
164801,76829,8192,5.350482
164865,74799,8192,5.368792
164929,74292,8192,5.403656
164993,67329,8192,5.514773
165057,71035,8192,5.486179
165121,71259,8192,5.487267
165185,70495,8192,5.538698
165249,70943,8192,5.595065
165313,65500,8192,5.680671
165377,64963,8192,5.697934
165441,72059,8192,5.596039
165505,72406,8192,5.635319
165569,71084,8192,5.655150
165633,70995,8192,5.624408
165697,74140,8192,5.577633
165761,80037,8192,5.501629
165825,85801,8192,5.425430
165889,86612,8192,5.432921
165953,84276,8192,5.463910
166017,83981,8192,5.462027
166081,80216,8192,5.530873
166145,92865,8192,5.375815
166209,98801,8192,5.276468
166273,98736,8192,5.258710
166337,95486,8192,5.310040
166401,83983,8192,5.481169
166465,80899,8192,5.562728
166529,73821,8192,5.678841
166593,80423,8192,5.582747
166657,82461,8192,5.554071
166721,79811,8192,5.610336
166785,73964,8192,5.722429
166849,79770,8192,5.643305
166913,88422,8192,5.534936
166977,84771,8192,5.590320
167041,92267,8192,5.433856
167105,92753,8192,5.397217
167169,94480,8192,5.317123
167233,91386,8192,5.395328
167297,89948,8192,5.427959
167361,85609,8192,5.567682
167425,96665,8192,5.416750
167489,105967,8192,5.288787
167553,102040,8192,5.363462
167617,100213,8192,5.417691
167681,98347,8192,5.448596
167745,93711,8192,5.517100
167809,98299,8192,5.411247
167873,100825,8192,5.378338
167937,100217,8192,5.414631
168001,101023,8192,5.427991
168065,102458,8192,5.405143
168129,97828,8192,5.489688
168193,100472,8192,5.461163
168257,101410,8192,5.450575
168321,100866,8192,5.466179
168385,104939,8192,5.398577
168449,102450,8192,5.436217
168513,97707,8192,5.480949
168577,95641,8192,5.484052
168641,103058,8192,5.337247
168705,98205,8192,5.401420
168769,93914,8192,5.452372
168833,97535,8192,5.278413
168897,91509,8192,5.417419
168961,78281,8192,5.628441
169025,66929,8192,5.824868
169089,63011,8192,5.830582
169153,63426,8192,5.802432
169217,71055,8192,5.755135
169281,66175,8192,5.917119
169345,65393,8192,5.943878
169409,65843,8192,5.990213
169473,64886,8192,5.967409
169537,68061,8192,5.905529
169601,68890,8192,5.899014
169665,68241,8192,5.907343
169729,66380,8192,5.918454
169793,69583,8192,5.886100
169857,67752,8192,5.925166
169921,66648,8192,5.981380
169985,65455,8192,6.010792
170049,65206,8192,6.024103
170113,67241,8192,6.003013
170177,70808,8192,5.968947
170241,70267,8192,6.004039
170305,65630,8192,6.027969
170369,67641,8192,6.006247
170433,69355,8192,5.905730
170497,75363,8192,5.808151
170561,75152,8192,5.855730
170625,70382,8192,5.890651
170689,72246,8192,5.867817
170753,76161,8192,5.796211
170817,77796,8192,5.774834
170881,78937,8192,5.741922
170945,79953,8192,5.794399
171009,79492,8192,5.806616
171073,73987,8192,5.889440
171137,70835,8192,5.930648
171201,77576,8192,5.816470
171265,79893,8192,5.789348
171329,82268,8192,5.707349
171393,86358,8192,5.634782
171457,83398,8192,5.708089
171521,79844,8192,5.751140
171585,84677,8192,5.653824
171649,80029,8192,5.733818
171713,81675,8192,5.736438
171777,82682,8192,5.730763
171841,82573,8192,5.763593
171905,84758,8192,5.709244
171969,84668,8192,5.688225
172033,85140,8192,5.663104
172097,92032,8192,5.556287
172161,95045,8192,5.482010
172225,96574,8192,5.482095
172289,101064,8192,5.373684
172353,96847,8192,5.398674
172417,91213,8192,5.481819
172481,89430,8192,5.480796
172545,97111,8192,5.367096
172609,117547,8192,5.034675
172673,111600,8192,5.132761
172737,105425,8192,5.173596
172801,108636,8192,5.083901
172865,109867,8192,5.051296
172929,116805,8192,4.889134
172993,113362,8192,4.880435
173057,112450,8192,4.776200
173121,127827,8192,4.641313
173185,126011,8192,4.675424
173249,134272,8192,4.555974
173313,122316,8192,4.885729
173377,133050,8192,4.750819
173441,127370,8192,4.847408
173505,128713,8192,4.876612
173569,133877,8192,4.692418
173633,130229,8192,4.654712
173697,126482,8192,4.508605
173761,120317,8192,4.340061
173825,134750,8192,4.029082
173889,136398,8192,3.819173
173953,135617,8192,3.714342
174017,142098,8192,3.614495
174081,133755,8192,3.756119
174145,137544,8192,3.668703
174209,156715,8192,3.490829
174273,163993,8192,3.459104
174337,145976,8192,3.676110
174401,144281,8192,3.698831
174465,159809,8192,3.509139
174529,175591,8192,3.325754
174593,170525,8192,3.411900
174657,154558,8192,3.606755
174721,138302,8192,3.816448
174785,148551,8192,3.673040
174849,142226,8192,3.748416
174913,126791,8192,3.957835
174977,133798,8192,3.849446
175041,154159,8192,3.610200
175105,164480,8192,3.467149
175169,154137,8192,3.551471
175233,150268,8192,3.565722
175297,146603,8192,3.568984
175361,145592,8192,3.565756
175425,149568,8192,3.458578
175489,154054,8192,3.466022
175553,132036,8192,3.720063
175617,122718,8192,3.786977
175681,130310,8192,3.634838
175745,135470,8192,3.573470
175809,151691,8192,3.479623
175873,156356,8192,3.433058
175937,156987,8192,3.404281
176001,149075,8192,3.487664
176065,153781,8192,3.386275
176129,167440,8192,3.180110
176193,184064,8192,3.000201
176257,198917,8192,2.855540
176321,227608,8192,2.546515
176385,254112,8192,2.271218
176449,261683,8192,2.219784
176513,237284,8192,2.495543
176577,218731,8192,2.680592
176641,194815,8192,2.918662
176705,186590,8192,2.979783
176769,184784,8192,2.977880
176833,197379,8192,2.818123
176897,202135,8192,2.774523
176961,197362,8192,2.824636
177025,185810,8192,2.965085
177089,182365,8192,3.081596
177153,184400,8192,3.119875
177217,194605,8192,3.053261
177281,203276,8192,2.961621
177345,163786,8192,3.358179
177409,156249,8192,3.377818
177473,166892,8192,3.236059
177537,182082,8192,3.074586
177601,174587,8192,3.171567
177665,164766,8192,3.263612
177729,145296,8192,3.452732
177793,146243,8192,3.419209
177857,163188,8192,3.248137
177921,184041,8192,3.064520
177985,190322,8192,3.058689
178049,184021,8192,3.127263
178113,168277,8192,3.281860
178177,161826,8192,3.320237
178241,136125,8192,3.623770
178305,121982,8192,3.755946
178369,132244,8192,3.641454
178433,148538,8192,3.506397
178497,153028,8192,3.469092
178561,159189,8192,3.359143
178625,162164,8192,3.343040
178689,152356,8192,3.510775
178753,140352,8192,3.596474
178817,158413,8192,3.345852
178881,180062,8192,3.106570
178945,210823,8192,2.768336
179009,238885,8192,2.472086
179073,263795,8192,2.225100
179137,287758,8192,1.962391
179201,308693,8192,1.731014
179265,326565,8192,1.533764
179329,344248,8192,1.338264
179393,359610,8192,1.166897
179457,374069,8192,0.998555
179521,387407,8192,0.839890
179585,401883,8192,0.658907
179649,412148,8192,0.541874
179713,422345,8192,0.428622
179777,429057,8192,0.361137
179841,435568,8192,0.295967
179905,440811,8192,0.239137
179969,445653,8192,0.193498
180033,450392,8192,0.146158
180097,455182,8192,0.096217
180161,458668,8192,0.064518
180225,461760,8192,0.038839
180289,464286,8192,0.024094
180353,466385,8192,0.012795
180417,468038,8192,0.002352
180481,469402,8192,-0.006407
180545,470292,8192,0.001530
180609,471937,8192,-0.001274
180673,473286,8192,-0.003876
180737,473597,8192,0.003183
180801,474536,8192,0.003176
180865,475116,8192,0.003720
180929,475642,8192,0.010341
180993,476464,8192,0.009889
181057,477362,8192,0.010682
181121,478027,8192,0.016927
181185,478895,8192,0.015612
181249,479602,8192,0.018486
181313,479601,8192,0.018264
181377,480479,8192,0.020849
181441,481316,8192,0.023129
181505,481553,8192,0.027902
181569,482458,8192,0.022564
181633,482956,8192,0.024349
181697,483414,8192,0.024709
181761,484229,8192,0.031214
181825,484595,8192,0.037592
181889,485745,8192,0.033726
181953,485734,8192,0.040528
182017,486407,8192,0.040592
182081,486533,8192,0.050908
182145,487105,8192,0.057392
182209,486962,8192,0.076320
182273,486524,8192,0.091114
182337,486753,8192,0.099407
182401,486655,8192,0.108315
182465,486648,8192,0.114888
182529,487541,8192,0.109196
182593,487084,8192,0.117986
182657,486704,8192,0.127206
182721,486427,8192,0.133657
182785,486234,8192,0.137016
182849,486629,8192,0.128353
182913,486493,8192,0.127434
182977,485889,8192,0.135345
183041,486646,8192,0.126941
183105,486806,8192,0.131417
183169,486819,8192,0.131621
183233,486705,8192,0.134243
183297,486496,8192,0.134737
183361,487011,8192,0.123864
183425,486552,8192,0.132502
183489,486657,8192,0.135124
183553,486900,8192,0.135869
183617,486731,8192,0.137885
183681,478416,8192,0.263815
183745,166039,8192,3.408669
183809,136109,8192,3.493041
183873,131838,8192,3.350821
183937,131407,8192,3.272244
184001,127109,8192,3.233756
184065,132468,8192,3.122300
184129,132639,8192,3.107866
184193,131470,8192,3.160735
184257,139422,8192,3.115477
184321,137725,8192,3.184887
184385,138374,8192,3.190261
184449,142646,8192,3.142726
184513,142995,8192,3.148145
184577,150522,8192,3.012210
184641,147422,8192,3.125866
184705,147363,8192,3.126227
184769,148073,8192,3.128058
184833,154499,8192,3.013112
184897,158106,8192,2.981617
184961,155186,8192,3.097284
185025,156749,8192,3.062891
185089,165766,8192,2.942746
185153,162535,8192,2.978906
185217,182087,8192,2.619025
185281,189485,8192,2.491728
185345,196727,8192,2.380819
185409,228047,8192,1.947635
185473,257743,8192,1.578985
185537,264606,8192,1.506186
185601,252235,8192,1.640195
185665,233030,8192,1.862421
185729,225637,8192,1.950572
185793,210775,8192,2.115304
185857,195486,8192,2.337665
185921,187891,8192,2.441640
185985,183948,8192,2.535544
186049,181328,8192,2.578871
186113,179754,8192,2.656921
186177,174842,8192,2.750752
186241,158335,8192,2.968384
186305,172791,8192,2.737558
186369,173633,8192,2.735993
186433,168442,8192,2.818297
186497,173361,8192,2.757815
186561,185173,8192,2.600065
186625,184353,8192,2.622573
186689,194876,8192,2.473802
186753,209568,8192,2.296560
186817,224480,8192,2.101604
186881,248272,8192,1.807636
186945,274061,8192,1.489164
187009,294816,8192,1.247040
187073,313234,8192,1.039641
187137,329160,8192,0.866423
187201,343381,8192,0.715183
187265,355983,8192,0.588139
187329,367045,8192,0.481261
187393,377486,8192,0.382722
187457,387686,8192,0.282725
187521,395652,8192,0.215927
187585,402380,8192,0.165863
187649,408971,8192,0.112205
187713,414425,8192,0.064111
187777,420350,8192,0.019054
187841,424273,8192,-0.006619
187905,428054,8192,-0.030113
187969,431022,8192,-0.050275
188033,433434,8192,-0.059498
188097,436011,8192,-0.059077
188161,437072,8192,-0.057674
188225,439043,8192,-0.056384
188289,440305,8192,-0.057583
188353,441627,8192,-0.056450
188417,443604,8192,-0.055286
188481,445829,8192,-0.057828
188545,446751,8192,-0.055910
188609,447792,8192,-0.046650
188673,449462,8192,-0.041763
188737,449625,8192,-0.036375
188801,451706,8192,-0.031632
188865,452188,8192,-0.021930
188929,453961,8192,-0.026552
188993,456252,8192,-0.014570
189057,459002,8192,-0.011799
189121,460248,8192,0.009573
189185,461513,8192,0.023415
189249,462650,8192,0.036032
189313,465111,8192,0.034986
189377,465793,8192,0.052353
189441,466354,8192,0.063869
189505,467280,8192,0.067564
189569,468960,8192,0.067755
189633,469928,8192,0.066826
189697,470466,8192,0.075890
189761,471528,8192,0.076514
189825,472512,8192,0.074791
189889,472956,8192,0.077886
189953,473605,8192,0.085581
190017,473922,8192,0.088815
190081,474310,8192,0.090030
190145,474444,8192,0.094201
190209,475416,8192,0.092213
190273,475575,8192,0.096930
190337,475225,8192,0.105864
190401,474545,8192,0.117560
190465,475067,8192,0.111010
190529,475645,8192,0.110184
190593,476625,8192,0.100133
190657,477076,8192,0.100344
190721,477898,8192,0.093919
190785,479126,8192,0.089608
190849,480091,8192,0.084023
190913,480799,8192,0.082613
190977,481183,8192,0.080328
191041,481610,8192,0.082618
191105,482121,8192,0.083823
191169,482078,8192,0.085701
191233,481684,8192,0.098377
191297,480616,8192,0.113317
191361,481314,8192,0.110651
191425,482151,8192,0.106195
191489,483709,8192,0.088984
191553,483872,8192,0.086934
191617,484398,8192,0.082566
191681,484934,8192,0.083512
191745,486358,8192,0.072196
191809,486722,8192,0.074829
191873,487380,8192,0.075513
191937,486541,8192,0.090582
192001,486649,8192,0.091467
192065,487416,8192,0.086988
192129,487848,8192,0.080267
192193,489016,8192,0.072731
192257,489373,8192,0.071026
192321,489845,8192,0.069146
192385,489985,8192,0.064582
192449,490032,8192,0.065830
192513,489899,8192,0.069097
192577,490191,8192,0.070099
192641,490375,8192,0.067921
192705,490859,8192,0.062390
192769,491603,8192,0.057007
192833,491286,8192,0.064951
192897,492200,8192,0.054021
192961,492782,8192,0.046292
193025,493168,8192,0.042908
193089,494373,8192,0.030911
193153,495090,8192,0.025212
193217,495470,8192,0.025323
193281,495790,8192,0.025703
193345,496676,8192,0.020132
193409,496308,8192,0.027358
193473,496755,8192,0.026923
193537,497335,8192,0.022338
193601,497228,8192,0.027612
193665,497584,8192,0.028122
193729,497405,8192,0.034833
193793,497126,8192,0.037929
193857,496628,8192,0.045014
193921,496734,8192,0.045503
193985,496800,8192,0.043317
194049,497388,8192,0.039007
194113,497225,8192,0.043696
194177,496810,8192,0.050782
194241,496705,8192,0.048785
194305,496598,8192,0.049855
194369,496299,8192,0.054859
194433,495945,8192,0.062508
194497,495916,8192,0.066018
194561,495879,8192,0.068576
194625,496232,8192,0.063469
194689,495519,8192,0.070669
194753,495563,8192,0.070837
194817,496121,8192,0.063533
194881,496261,8192,0.062342
194945,496711,8192,0.055857
195009,496807,8192,0.056864
195073,497057,8192,0.054543
195137,497066,8192,0.056815
195201,497037,8192,0.055492
195265,497489,8192,0.050168
195329,497389,8192,0.052697
195393,497314,8192,0.056703
195457,496352,8192,0.074226
195521,496719,8192,0.072372
195585,496179,8192,0.077785
195649,496137,8192,0.080449
195713,496557,8192,0.076732
195777,496587,8192,0.073247
195841,496870,8192,0.066982
195905,497115,8192,0.065310
195969,497277,8192,0.064793
196033,497020,8192,0.068136
196097,496212,8192,0.076592
196161,496256,8192,0.080230
196225,496287,8192,0.079377
196289,495799,8192,0.080169
196353,495998,8192,0.075818
196417,497077,8192,0.063860
196481,497364,8192,0.057275
196545,497027,8192,0.063183
196609,496171,8192,0.072987
196673,496216,8192,0.070475
196737,495352,8192,0.078181
196801,494709,8192,0.085048
196865,494734,8192,0.089098
196929,495097,8192,0.083335
196993,495837,8192,0.074733
197057,496556,8192,0.067678
197121,496862,8192,0.067411
197185,497245,8192,0.063278
197249,496688,8192,0.072940
197313,496622,8192,0.074629
197377,496583,8192,0.073428
197441,496686,8192,0.070536
197505,496658,8192,0.072617
197569,496516,8192,0.073000
197633,495916,8192,0.079379
197697,495291,8192,0.083651
197761,495234,8192,0.087469
197825,496209,8192,0.075736
197889,496387,8192,0.072173
197953,495753,8192,0.078274
198017,495262,8192,0.079255
198081,495655,8192,0.069594
198145,494705,8192,0.078886
198209,495041,8192,0.074938
198273,495268,8192,0.072617
198337,495409,8192,0.071821
198401,494821,8192,0.081978
198465,495266,8192,0.080013
198529,494488,8192,0.089660
198593,493659,8192,0.096064
198657,493256,8192,0.099594
198721,493903,8192,0.093343
198785,493805,8192,0.090020
198849,493023,8192,0.100422
198913,493102,8192,0.097104
198977,492873,8192,0.103379
199041,493557,8192,0.097714
199105,493913,8192,0.091694
199169,494237,8192,0.078277
199233,494213,8192,0.082321
199297,494561,8192,0.084008
199361,495810,8192,0.071419
199425,496049,8192,0.070877
199489,495796,8192,0.077399
199553,495051,8192,0.082018
199617,494987,8192,0.081955
199681,495024,8192,0.078441
199745,494855,8192,0.084090
199809,494814,8192,0.091323
199873,495486,8192,0.087966
199937,495535,8192,0.088222
200001,495929,8192,0.080362
200065,496007,8192,0.075066
200129,495056,8192,0.083023
200193,493887,8192,0.093185
200257,493719,8192,0.096137
200321,492666,8192,0.104421
200385,493358,8192,0.093557
200449,494131,8192,0.075173
200513,493878,8192,0.077147
200577,493396,8192,0.074547
200641,493295,8192,0.076506
200705,493613,8192,0.069820
200769,494221,8192,0.065910
200833,493661,8192,0.074153
200897,493954,8192,0.073763
200961,493282,8192,0.077245
201025,492731,8192,0.080635
201089,491998,8192,0.080813
201153,492058,8192,0.075159
201217,491684,8192,0.071951
201281,491950,8192,0.068218
201345,492290,8192,0.064017
201409,492506,8192,0.056980
201473,492784,8192,0.052974
201537,492398,8192,0.061174
201601,493081,8192,0.053481
201665,492852,8192,0.048641
201729,493155,8192,0.052460
201793,492905,8192,0.057758
201857,492208,8192,0.059907
201921,492336,8192,0.053262
201985,492225,8192,0.057422
202049,491439,8192,0.075971
202113,490682,8192,0.087940
202177,490436,8192,0.088457
202241,490396,8192,0.087977
202305,490996,8192,0.081899
202369,490615,8192,0.085030
202433,490362,8192,0.092420
202497,490410,8192,0.087256
202561,490312,8192,0.090091
202625,490111,8192,0.091029
202689,490374,8192,0.086533
202753,490038,8192,0.085818
202817,490191,8192,0.082042
202881,490065,8192,0.076865
202945,490323,8192,0.073522
203009,490389,8192,0.076946
203073,490737,8192,0.072924
203137,491125,8192,0.066243
203201,490691,8192,0.070252
203265,490482,8192,0.078371
203329,490297,8192,0.085351
203393,490151,8192,0.086521
203457,490048,8192,0.090691
203521,489414,8192,0.099147
203585,489342,8192,0.097017
203649,489134,8192,0.102525
203713,489887,8192,0.097989
203777,489545,8192,0.106995
203841,489728,8192,0.097368
203905,489147,8192,0.101134
203969,489897,8192,0.093708
204033,489677,8192,0.099357
204097,490313,8192,0.095334
204161,489666,8192,0.100731
204225,489676,8192,0.096458
204289,490540,8192,0.084799
204353,490087,8192,0.082353
204417,489544,8192,0.088490
204481,489296,8192,0.090889
204545,489298,8192,0.087255
204609,488636,8192,0.094308
204673,488052,8192,0.098745
204737,487951,8192,0.096284
204801,488478,8192,0.089962
204865,488074,8192,0.093155
204929,487428,8192,0.099412
204993,487816,8192,0.093060
205057,488115,8192,0.088177
205121,487781,8192,0.092336
205185,487304,8192,0.101296
205249,486010,8192,0.114890
205313,486055,8192,0.111148
205377,486310,8192,0.111469
205441,487439,8192,0.094522
205505,486934,8192,0.103724
205569,486930,8192,0.098304
205633,486920,8192,0.100445
205697,487031,8192,0.099143
205761,486330,8192,0.100107
205825,487226,8192,0.091724
205889,486996,8192,0.087907
205953,486626,8192,0.093772
206017,487004,8192,0.089127
206081,486924,8192,0.090671
206145,487189,8192,0.093257
206209,487594,8192,0.093255
206273,488402,8192,0.087429
206337,487715,8192,0.097362
206401,487744,8192,0.091258
206465,487066,8192,0.097687
206529,486507,8192,0.098023
206593,486346,8192,0.100509
206657,485797,8192,0.116709
206721,486278,8192,0.106395
206785,485699,8192,0.107366
206849,485551,8192,0.105644
206913,485250,8192,0.103888
206977,485231,8192,0.106060
207041,485283,8192,0.109958
207105,485838,8192,0.100275
207169,485815,8192,0.109950
207233,485929,8192,0.110665
207297,485662,8192,0.114564
207361,486072,8192,0.113729
207425,486189,8192,0.108968
207489,486219,8192,0.108045
207553,485975,8192,0.110248
207617,485784,8192,0.116878
207681,485290,8192,0.120702
207745,485533,8192,0.114668
207809,484962,8192,0.121681
207873,485317,8192,0.110330
207937,485083,8192,0.117642
208001,485359,8192,0.112867
208065,485559,8192,0.110561
208129,485828,8192,0.106866
208193,486666,8192,0.100826
208257,486007,8192,0.111210
208321,486370,8192,0.103833
208385,485843,8192,0.105202
208449,485599,8192,0.107202
208513,484457,8192,0.113676
208577,485300,8192,0.103322
208641,484232,8192,0.110810
208705,484839,8192,0.099392
208769,484919,8192,0.110463
208833,485370,8192,0.111136
208897,484980,8192,0.115540
208961,485350,8192,0.114503
209025,485326,8192,0.109687
209089,484537,8192,0.117000
209153,484733,8192,0.121704
209217,483898,8192,0.132994
209281,483631,8192,0.136861
209345,482688,8192,0.145245
209409,483140,8192,0.142810
209473,483298,8192,0.141736
209537,483561,8192,0.142898
209601,484450,8192,0.131800
209665,483566,8192,0.151627
209729,483792,8192,0.145105
209793,484947,8192,0.130582
209857,483885,8192,0.147032
209921,482870,8192,0.161730
209985,482807,8192,0.155823
210049,483121,8192,0.162303
210113,482681,8192,0.171566
210177,482215,8192,0.177198
210241,482271,8192,0.175857
210305,482443,8192,0.176390
210369,482058,8192,0.173263
210433,481974,8192,0.182360
210497,482291,8192,0.182294
210561,482695,8192,0.172849
210625,483804,8192,0.164968
210689,483612,8192,0.167648
210753,484524,8192,0.156714
210817,484490,8192,0.157087
210881,484745,8192,0.158202
210945,485903,8192,0.143934
211009,485996,8192,0.145621
211073,485717,8192,0.149066
211137,485562,8192,0.149769
211201,484899,8192,0.157528
211265,485644,8192,0.146118
211329,484964,8192,0.156099
211393,485254,8192,0.149020
211457,485296,8192,0.152494
211521,485416,8192,0.148388
211585,484553,8192,0.155642
211649,484346,8192,0.161412
211713,485006,8192,0.153923
211777,484278,8192,0.156716
211841,483637,8192,0.157842
211905,483326,8192,0.149032
211969,483070,8192,0.153651
212033,482949,8192,0.157752
212097,483097,8192,0.151201
212161,482695,8192,0.151074
212225,482634,8192,0.156204
212289,483847,8192,0.145888
212353,483703,8192,0.150491
212417,483227,8192,0.154234
212481,484215,8192,0.150910
212545,485024,8192,0.139432
212609,485357,8192,0.135728
212673,485139,8192,0.134271
212737,485410,8192,0.131865
212801,486372,8192,0.128536
212865,486252,8192,0.130224
212929,485272,8192,0.139148
212993,484830,8192,0.141460
213057,484817,8192,0.138381
213121,484132,8192,0.150175
213185,485181,8192,0.135466
213249,486034,8192,0.127699
213313,485721,8192,0.137896
213377,485579,8192,0.133228
213441,486350,8192,0.128712
213505,486256,8192,0.125169
213569,485901,8192,0.126589
213633,485729,8192,0.126938
213697,485678,8192,0.122154
213761,485507,8192,0.128585
213825,485585,8192,0.129008
213889,484836,8192,0.130251
213953,485636,8192,0.116558
214017,485442,8192,0.121731
214081,485661,8192,0.123569
214145,485997,8192,0.120815
214209,485966,8192,0.120055
214273,485454,8192,0.124721
214337,484710,8192,0.127521
214401,485327,8192,0.118710
214465,485198,8192,0.118944
214529,484410,8192,0.133008
214593,484563,8192,0.138949
214657,484182,8192,0.143638
214721,482853,8192,0.163856
214785,483638,8192,0.148915
214849,484107,8192,0.144242
214913,483643,8192,0.154161
214977,483923,8192,0.152935
215041,483444,8192,0.156330
215105,483162,8192,0.159366
215169,482767,8192,0.165983
215233,482886,8192,0.162893
215297,483383,8192,0.152685
215361,482500,8192,0.165723
215425,482314,8192,0.164279
215489,482569,8192,0.165302
215553,483221,8192,0.156778
215617,482822,8192,0.159068
215681,482510,8192,0.157138
215745,482897,8192,0.152068
215809,482549,8192,0.152095
215873,482136,8192,0.154242
215937,481738,8192,0.164890
216001,481793,8192,0.156531
216065,481754,8192,0.151340
216129,481524,8192,0.150208
216193,481263,8192,0.158652
216257,482356,8192,0.137033
216321,481297,8192,0.138310
216385,481887,8192,0.129558
216449,481714,8192,0.133005
216513,482465,8192,0.122517
216577,482669,8192,0.127971
216641,482348,8192,0.131211
216705,482183,8192,0.136743
216769,482477,8192,0.133481
216833,482270,8192,0.134829
216897,482455,8192,0.135051
216961,482070,8192,0.132306
217025,481906,8192,0.131991
217089,482382,8192,0.126205
217153,483323,8192,0.118785
217217,483092,8192,0.120911
217281,483016,8192,0.117394
217345,483057,8192,0.119263
217409,482570,8192,0.130148
217473,483329,8192,0.123521
217537,483537,8192,0.121878
217601,483812,8192,0.114143
217665,484636,8192,0.111750
217729,484130,8192,0.121054
217793,485049,8192,0.108799
217857,484959,8192,0.109038
217921,485974,8192,0.099378
217985,485883,8192,0.104096
218049,486424,8192,0.101835
218113,486305,8192,0.098642
218177,485136,8192,0.114121
218241,484069,8192,0.130337
218305,484542,8192,0.122740
218369,484150,8192,0.127475
218433,483796,8192,0.129350
218497,484555,8192,0.117707
218561,483632,8192,0.131637
218625,483446,8192,0.127881
218689,483036,8192,0.130362
218753,483367,8192,0.129169
218817,483260,8192,0.124190
218881,482944,8192,0.119746
218945,482732,8192,0.121691
219009,482323,8192,0.125252
219073,482366,8192,0.123199
219137,482777,8192,0.117040
219201,482960,8192,0.124633
219265,482396,8192,0.133413
219329,481442,8192,0.146582
219393,481352,8192,0.144776
219457,481146,8192,0.144786
219521,482318,8192,0.134591
219585,482751,8192,0.129821
219649,483800,8192,0.118368
219713,483686,8192,0.115555
219777,484149,8192,0.109823
219841,485049,8192,0.098766
219905,484787,8192,0.108233
219969,484003,8192,0.112955
220033,483597,8192,0.120316
220097,483653,8192,0.131094
220161,483452,8192,0.127519
220225,484251,8192,0.120982
220289,484465,8192,0.127152
220353,484777,8192,0.124582
220417,484698,8192,0.125018
220481,484865,8192,0.115450
220545,483503,8192,0.136227
220609,482421,8192,0.147608
220673,481912,8192,0.147240
220737,481670,8192,0.145337
220801,482535,8192,0.138082
220865,481731,8192,0.147210
220929,482241,8192,0.147982
220993,481457,8192,0.156860
221057,481418,8192,0.154785
221121,481026,8192,0.157617
221185,480602,8192,0.165225
221249,480958,8192,0.159100
221313,481702,8192,0.147501
221377,481517,8192,0.151691
221441,481134,8192,0.159785
221505,481631,8192,0.158887
221569,481286,8192,0.167085
221633,481552,8192,0.160445
221697,481073,8192,0.162047
221761,480887,8192,0.162617
221825,481675,8192,0.154237
221889,481806,8192,0.146910
221953,481827,8192,0.143226
222017,482050,8192,0.143633
222081,482745,8192,0.142038
222145,483365,8192,0.133073
222209,483454,8192,0.130942
222273,483292,8192,0.128205
222337,484360,8192,0.109289
222401,484136,8192,0.110212
222465,483947,8192,0.112269
222529,485230,8192,0.099969
222593,484798,8192,0.100703
222657,485190,8192,0.094427
222721,484714,8192,0.102128
222785,483870,8192,0.111066
222849,484035,8192,0.102798
222913,483919,8192,0.093381
222977,484318,8192,0.089870
223041,484425,8192,0.084425
223105,484846,8192,0.085801
223169,485028,8192,0.084212
223233,485381,8192,0.079523
223297,485293,8192,0.077652
223361,484733,8192,0.076865
223425,484628,8192,0.084875
223489,483854,8192,0.093748
223553,483639,8192,0.088797
223617,483961,8192,0.083656
223681,484892,8192,0.072506
223745,484302,8192,0.085681
223809,483639,8192,0.094488
223873,484244,8192,0.099089
223937,484549,8192,0.096958
224001,483688,8192,0.108883
224065,484552,8192,0.091955
224129,484180,8192,0.097452
224193,483603,8192,0.094238
224257,483686,8192,0.091649
224321,483641,8192,0.086890
224385,483113,8192,0.093133
224449,482042,8192,0.100493
224513,481841,8192,0.110702
224577,482421,8192,0.099326
224641,482947,8192,0.097606
224705,482953,8192,0.102677
224769,483083,8192,0.096804
224833,482578,8192,0.104607
224897,482438,8192,0.107990
224961,482137,8192,0.104467
225025,482258,8192,0.098055
225089,482797,8192,0.094998
225153,483232,8192,0.090406
225217,483388,8192,0.089392
225281,482585,8192,0.097302
225345,482006,8192,0.108109
225409,482271,8192,0.101705
225473,480730,8192,0.111475
225537,479966,8192,0.122507
225601,479269,8192,0.133282
225665,479483,8192,0.135209
225729,480651,8192,0.123785
225793,480561,8192,0.126729
225857,480799,8192,0.123727
225921,480815,8192,0.131061
225985,481454,8192,0.122687
226049,480679,8192,0.132309
226113,480925,8192,0.132968
226177,481094,8192,0.130472
226241,481321,8192,0.130374
226305,482051,8192,0.125351
226369,481469,8192,0.123483
226433,480553,8192,0.127563
226497,480634,8192,0.119754
226561,480523,8192,0.117400
226625,480673,8192,0.109186
226689,480460,8192,0.108453
226753,480791,8192,0.109848
226817,480716,8192,0.111780
226881,480132,8192,0.122312
226945,480997,8192,0.114986
227009,481581,8192,0.116500
227073,482353,8192,0.108789
227137,481857,8192,0.115726
227201,481290,8192,0.116406
227265,481981,8192,0.103854
227329,481923,8192,0.109454
227393,482058,8192,0.107320
227457,482098,8192,0.107490
227521,482723,8192,0.098453
227585,482977,8192,0.098666
227649,482036,8192,0.108161
227713,482746,8192,0.100783
227777,481944,8192,0.106895
227841,481812,8192,0.108042
227905,481907,8192,0.111754
227969,481271,8192,0.115331
228033,481169,8192,0.115007
228097,480233,8192,0.134118
228161,480545,8192,0.130888
228225,479887,8192,0.136034
228289,479584,8192,0.138561
228353,479196,8192,0.144473
228417,478371,8192,0.156739
228481,479559,8192,0.152911
228545,479559,8192,0.150363
228609,478732,8192,0.162124
228673,479822,8192,0.155867
228737,479722,8192,0.162035
228801,479382,8192,0.163599
228865,479762,8192,0.155472
228929,480288,8192,0.143827
228993,480428,8192,0.148884
229057,481279,8192,0.141579
229121,480696,8192,0.145368
229185,481681,8192,0.134472
229249,482029,8192,0.130193
229313,482390,8192,0.129817
229377,483449,8192,0.116811
229441,483462,8192,0.121892
229505,483331,8192,0.121676
229569,483168,8192,0.123739
229633,483850,8192,0.122594
229697,484278,8192,0.123083
229761,484996,8192,0.117376
229825,485143,8192,0.120415
229889,485101,8192,0.122562
229953,485341,8192,0.115590
230017,485061,8192,0.116829
230081,484853,8192,0.121282
230145,485117,8192,0.124479
230209,484909,8192,0.128879
230273,484446,8192,0.134980
230337,485034,8192,0.133959
230401,484345,8192,0.140626
230465,483995,8192,0.144442
230529,483541,8192,0.148291
230593,484080,8192,0.142302
230657,484284,8192,0.136785
230721,483422,8192,0.142463
230785,482947,8192,0.150291
230849,482676,8192,0.149733
230913,482463,8192,0.152866
230977,483340,8192,0.140406
231041,483610,8192,0.134722
231105,484231,8192,0.127127
231169,483962,8192,0.128780
231233,483221,8192,0.135926
231297,482307,8192,0.142491
231361,482993,8192,0.134010
231425,483147,8192,0.140557
231489,483714,8192,0.129876
231553,483195,8192,0.133877
231617,483018,8192,0.136782
231681,482236,8192,0.140955
231745,482388,8192,0.136405
231809,483344,8192,0.127817
231873,482635,8192,0.143896
231937,482475,8192,0.139807
232001,482125,8192,0.149138
232065,482215,8192,0.137603
232129,481193,8192,0.153358
232193,482214,8192,0.145334
232257,482466,8192,0.139155
232321,482003,8192,0.143273
232385,482208,8192,0.141567
232449,481614,8192,0.149677
232513,481428,8192,0.146523
232577,481760,8192,0.147686
232641,481480,8192,0.148171
232705,481124,8192,0.152191
232769,481878,8192,0.146049
232833,481398,8192,0.150249
232897,480829,8192,0.161485
232961,480625,8192,0.159094
233025,481564,8192,0.148282
233089,480279,8192,0.170162
233153,481017,8192,0.156386
233217,481238,8192,0.162274
233281,481904,8192,0.157493
233345,481901,8192,0.152119
233409,481869,8192,0.153505
233473,481308,8192,0.159248
233537,481022,8192,0.168585
233601,481026,8192,0.169295
233665,481615,8192,0.162231
233729,481734,8192,0.157405
233793,482144,8192,0.154326
233857,483632,8192,0.139516
233921,483313,8192,0.140334
233985,483843,8192,0.137416
234049,482770,8192,0.152582
234113,482033,8192,0.157231
234177,482407,8192,0.155832
234241,483242,8192,0.146292
234305,482732,8192,0.162840
234369,482139,8192,0.159219
234433,481596,8192,0.164733
234497,480983,8192,0.172961
234561,480768,8192,0.175449
234625,480439,8192,0.183358
234689,479502,8192,0.187678
234753,479507,8192,0.181949
234817,480117,8192,0.172054
234881,480571,8192,0.168133
234945,481089,8192,0.151533
235009,481030,8192,0.153407
235073,480843,8192,0.149723
235137,481284,8192,0.138824
235201,481201,8192,0.136428
235265,481213,8192,0.135250
235329,481160,8192,0.133189
235393,481890,8192,0.127205
235457,481214,8192,0.135876
235521,481162,8192,0.136531
235585,481538,8192,0.136059
235649,481826,8192,0.128216
235713,483011,8192,0.112192
235777,483685,8192,0.106632
235841,483116,8192,0.113806
235905,482386,8192,0.122034
235969,482367,8192,0.116242
236033,482633,8192,0.113624
236097,482837,8192,0.112702
236161,482977,8192,0.111718
236225,481904,8192,0.128462
236289,481279,8192,0.145487
236353,481249,8192,0.158694
236417,480439,8192,0.171726
236481,480159,8192,0.174733
236545,478740,8192,0.192802
236609,477327,8192,0.216647
236673,476195,8192,0.228242
236737,476714,8192,0.223807
236801,476967,8192,0.224471
236865,477345,8192,0.220772
236929,477567,8192,0.211889
236993,478876,8192,0.196225
237057,478238,8192,0.198150
237121,478158,8192,0.202997
237185,479692,8192,0.184422
237249,478990,8192,0.192550
237313,479652,8192,0.187523
237377,480290,8192,0.184819
237441,480511,8192,0.178043
237505,479970,8192,0.179233
237569,479334,8192,0.189251
237633,479514,8192,0.187578
237697,479253,8192,0.187203
237761,479834,8192,0.184281
237825,480437,8192,0.181081
237889,479919,8192,0.184546
237953,480776,8192,0.175373
238017,481206,8192,0.170274
238081,481167,8192,0.176921
238145,480631,8192,0.180504
238209,480554,8192,0.177820
238273,480698,8192,0.176393
238337,480824,8192,0.175010
238401,480634,8192,0.178286
238465,481357,8192,0.171536
238529,481275,8192,0.174918
238593,480445,8192,0.183534
238657,481064,8192,0.171584
238721,481272,8192,0.175818
238785,480556,8192,0.186479
238849,479841,8192,0.199443
238913,480517,8192,0.194701
238977,482209,8192,0.177492
239041,481862,8192,0.183199
239105,482104,8192,0.183563
239169,482155,8192,0.188237
239233,481472,8192,0.198557
239297,482491,8192,0.189965
239361,483025,8192,0.187583
239425,484667,8192,0.174745
239489,483555,8192,0.176629
239553,482822,8192,0.185204
239617,482899,8192,0.181338
239681,482639,8192,0.185666
239745,481775,8192,0.197360
239809,482080,8192,0.185006
239873,481276,8192,0.194665
239937,480540,8192,0.203596
240001,481193,8192,0.197310
240065,480535,8192,0.201330
240129,481514,8192,0.186105
240193,481259,8192,0.179774
240257,480807,8192,0.183888
240321,480904,8192,0.175161
240385,480919,8192,0.172677
240449,480764,8192,0.173852
240513,480277,8192,0.182198
240577,481039,8192,0.168370
240641,481018,8192,0.170108
240705,481154,8192,0.167279
240769,481135,8192,0.167315
240833,481542,8192,0.159315
240897,481728,8192,0.154491
240961,481627,8192,0.155446
241025,481280,8192,0.155123
241089,481582,8192,0.155611
241153,481495,8192,0.156419
241217,481395,8192,0.151189
241281,480475,8192,0.153096
241345,480896,8192,0.142970
241409,480916,8192,0.137715
241473,480572,8192,0.135956
241537,480740,8192,0.138357
241601,479761,8192,0.144428
241665,480006,8192,0.137653
241729,480128,8192,0.137119
241793,480589,8192,0.129654
241857,480529,8192,0.129304
241921,480856,8192,0.131049
241985,480382,8192,0.129895
242049,480362,8192,0.127121
242113,479979,8192,0.122378
242177,479974,8192,0.120615
242241,479415,8192,0.125889
242305,478177,8192,0.146707
242369,478074,8192,0.144990
242433,478301,8192,0.144778
242497,477780,8192,0.155184
242561,478826,8192,0.148124
242625,478339,8192,0.148771
242689,478647,8192,0.151394
242753,479320,8192,0.141961
242817,479176,8192,0.143549
242881,478886,8192,0.151551
242945,478952,8192,0.153595
243009,479336,8192,0.154312
243073,479970,8192,0.152674
243137,480263,8192,0.155997
243201,480710,8192,0.144740
243265,480277,8192,0.150603
243329,480573,8192,0.145827
243393,480408,8192,0.145181
243457,479617,8192,0.154979
243521,478994,8192,0.163393
243585,479004,8192,0.164546
243649,479589,8192,0.156613
243713,480379,8192,0.151107
243777,480453,8192,0.151138
243841,479788,8192,0.159756
243905,480317,8192,0.143363
243969,480711,8192,0.144131
244033,480897,8192,0.146298
244097,480598,8192,0.157559
244161,480568,8192,0.157581
244225,480354,8192,0.152486
244289,479955,8192,0.160991
244353,481370,8192,0.143136
244417,480862,8192,0.151278
244481,480120,8192,0.155364
244545,479957,8192,0.152007
244609,479772,8192,0.153488
244673,480662,8192,0.149462
244737,479673,8192,0.157514
244801,480137,8192,0.147643
244865,480280,8192,0.143433
244929,480132,8192,0.153996
244993,481365,8192,0.139492
245057,480976,8192,0.145651
245121,480620,8192,0.150995
245185,481599,8192,0.133956
245249,480669,8192,0.147206
245313,480210,8192,0.150643
245377,479495,8192,0.158398
245441,480177,8192,0.152374
245505,480026,8192,0.152287
245569,480393,8192,0.143759
245633,481244,8192,0.129335
245697,481776,8192,0.127560
245761,481718,8192,0.126293
245825,482091,8192,0.122994
245889,482689,8192,0.113246
245953,483082,8192,0.110955
246017,482730,8192,0.115091
246081,481956,8192,0.135474
246145,482860,8192,0.134028
246209,482812,8192,0.137573
246273,482897,8192,0.139115
246337,482880,8192,0.138197
246401,481698,8192,0.148105
246465,481397,8192,0.153384
246529,481931,8192,0.143717
246593,481202,8192,0.145087
246657,481631,8192,0.136196
246721,481935,8192,0.134918
246785,482831,8192,0.123094
246849,483265,8192,0.124277
246913,483358,8192,0.118331
246977,483535,8192,0.116096
247041,483385,8192,0.116973
247105,483539,8192,0.107379
247169,483225,8192,0.108259
247233,483897,8192,0.100503
247297,482899,8192,0.106897
247361,482506,8192,0.103230
247425,481650,8192,0.109056
247489,482196,8192,0.099678
247553,483001,8192,0.097110
247617,483182,8192,0.099079
247681,483617,8192,0.096912
247745,483203,8192,0.099778
247809,483828,8192,0.095038
247873,483700,8192,0.099912
247937,483474,8192,0.101723
248001,483428,8192,0.102923
248065,483902,8192,0.100583
248129,484741,8192,0.092844
248193,485147,8192,0.091415
248257,484913,8192,0.098456
248321,485305,8192,0.100722
248385,484776,8192,0.111113
248449,484595,8192,0.108568
248513,484484,8192,0.114806
248577,484648,8192,0.117677
248641,483544,8192,0.128882
248705,483359,8192,0.137640
248769,482454,8192,0.151452
248833,482327,8192,0.152760
248897,482890,8192,0.150469
248961,482305,8192,0.153196
249025,483012,8192,0.144921
249089,482749,8192,0.149144
249153,482718,8192,0.153303
249217,483694,8192,0.144780
249281,484191,8192,0.140382
249345,484800,8192,0.137868
249409,484695,8192,0.138503
249473,484229,8192,0.145296
249537,484761,8192,0.141312
249601,484821,8192,0.144595
249665,484864,8192,0.140531
249729,484601,8192,0.139840
249793,484121,8192,0.152018
249857,483941,8192,0.150751
249921,484021,8192,0.146482
249985,484363,8192,0.141204
250049,483892,8192,0.140322
250113,483650,8192,0.136312
250177,483773,8192,0.129229
250241,484116,8192,0.133651
250305,484308,8192,0.135241
250369,485396,8192,0.122209
250433,485942,8192,0.121016
250497,485438,8192,0.127959
250561,485806,8192,0.124622
250625,485544,8192,0.123464
250689,485751,8192,0.114682
250753,485648,8192,0.114285
250817,485583,8192,0.112814
250881,486188,8192,0.103489
250945,486686,8192,0.095540
251009,486617,8192,0.094828
251073,486788,8192,0.094206
251137,486992,8192,0.090708
251201,486847,8192,0.090324
251265,486913,8192,0.094405
251329,486733,8192,0.099625
251393,485835,8192,0.115472
251457,485559,8192,0.115651
251521,485128,8192,0.121216
251585,484771,8192,0.129554
251649,484615,8192,0.126568
251713,483941,8192,0.123981
251777,483094,8192,0.133187
251841,483143,8192,0.139959
251905,483973,8192,0.132024
251969,484208,8192,0.134901
252033,483196,8192,0.136318
252097,482458,8192,0.138160
252161,481730,8192,0.141596
252225,481870,8192,0.134261
252289,481844,8192,0.130779
252353,481588,8192,0.134700
252417,481345,8192,0.135892
252481,482456,8192,0.128557
252545,482245,8192,0.125119
252609,482725,8192,0.120925
252673,483714,8192,0.113589
252737,483665,8192,0.112499
252801,483542,8192,0.111169
252865,483454,8192,0.120606
252929,482729,8192,0.121181
252993,482412,8192,0.125300
253057,481987,8192,0.126263
253121,482671,8192,0.116841
253185,483147,8192,0.113275
253249,483316,8192,0.111522
253313,483820,8192,0.104195
253377,483319,8192,0.108895
253441,482650,8192,0.107909
253505,482911,8192,0.106095
253569,482731,8192,0.106725
253633,482976,8192,0.102285
253697,482590,8192,0.108306
253761,482789,8192,0.108113
253825,482879,8192,0.103422
253889,483906,8192,0.091620
253953,482991,8192,0.100124
254017,483468,8192,0.092424
254081,483455,8192,0.095844
254145,483565,8192,0.104112
254209,483777,8192,0.105806
254273,483678,8192,0.104281
254337,483676,8192,0.102228
254401,484544,8192,0.095990
254465,484255,8192,0.099030
254529,483798,8192,0.109422
254593,483917,8192,0.111125
254657,483526,8192,0.124442
254721,483054,8192,0.123283
254785,482282,8192,0.131296
254849,483268,8192,0.121029
254913,483912,8192,0.116976
254977,484402,8192,0.105957
255041,484389,8192,0.105954
255105,484054,8192,0.117171
255169,484757,8192,0.122151
255233,484916,8192,0.124235
255297,485031,8192,0.128215
255361,483647,8192,0.146339
255425,484424,8192,0.134401
255489,484074,8192,0.137218
255553,484329,8192,0.133867
255617,484082,8192,0.137505
255681,483870,8192,0.136075
255745,483263,8192,0.139008
255809,482535,8192,0.146047
255873,482612,8192,0.139400
255937,483114,8192,0.133735
256001,482125,8192,0.146147
256065,481348,8192,0.149538
256129,481903,8192,0.141909
256193,480846,8192,0.147335
256257,480502,8192,0.143842
256321,481319,8192,0.135350
256385,481126,8192,0.136200
256449,480611,8192,0.137942
256513,480497,8192,0.138056
256577,479646,8192,0.130346
256641,480688,8192,0.122608
256705,480995,8192,0.122482
256769,481197,8192,0.112933
256833,481125,8192,0.117123
256897,481213,8192,0.113720
256961,481097,8192,0.121307
257025,482397,8192,0.104603
257089,481155,8192,0.117367
257153,481478,8192,0.120560
257217,480933,8192,0.133556
257281,480332,8192,0.136906
257345,480994,8192,0.128661
257409,481605,8192,0.120634
257473,482248,8192,0.107737
257537,482458,8192,0.109269
257601,482840,8192,0.103295
257665,482730,8192,0.108148
257729,483687,8192,0.101363
257793,483652,8192,0.097333
257857,484656,8192,0.092558
257921,485234,8192,0.083813
257985,484125,8192,0.091846
258049,483261,8192,0.101466
258113,483623,8192,0.098812
258177,483310,8192,0.097654
258241,483286,8192,0.097750
258305,482902,8192,0.110843
258369,482729,8192,0.109001
258433,482718,8192,0.112535
258497,482944,8192,0.109930
258561,483347,8192,0.106307
258625,482697,8192,0.117310
258689,483754,8192,0.111559
258753,483258,8192,0.113572
258817,482653,8192,0.116667
258881,482398,8192,0.118815
258945,481760,8192,0.118617
259009,482288,8192,0.112537
259073,482889,8192,0.104510
259137,482526,8192,0.107929
259201,481947,8192,0.112926
259265,482876,8192,0.104744
259329,483140,8192,0.111359
259393,482405,8192,0.112311
259457,482079,8192,0.117706
259521,481971,8192,0.113014
259585,482296,8192,0.106739
259649,482327,8192,0.101434
259713,482698,8192,0.102836
259777,482702,8192,0.101614
259841,482745,8192,0.100433
259905,482118,8192,0.106139
259969,481295,8192,0.116822
260033,481208,8192,0.112446
260097,481238,8192,0.114030
260161,480534,8192,0.117469
260225,481415,8192,0.111128
260289,481822,8192,0.103430
260353,481525,8192,0.101429
260417,481266,8192,0.106280
260481,480764,8192,0.105985
260545,481475,8192,0.108883
260609,481491,8192,0.108158
260673,481379,8192,0.111804
260737,482279,8192,0.105044
260801,481484,8192,0.112800
260865,481864,8192,0.104685
260929,482365,8192,0.106871
260993,483155,8192,0.101950
261057,482682,8192,0.110617
261121,482975,8192,0.109672
261185,482567,8192,0.112760
261249,483307,8192,0.106535
261313,481846,8192,0.117216
261377,483015,8192,0.106620
261441,482055,8192,0.114582
261505,480135,8192,0.139077
261569,479796,8192,0.149779
261633,480189,8192,0.150561
261697,480299,8192,0.153347
261761,480028,8192,0.151915
261825,479704,8192,0.157953
261889,480623,8192,0.144177
261953,480933,8192,0.144307
262017,480738,8192,0.139446
262081,481559,8192,0.134696
262145,482175,8192,0.132519
262209,481492,8192,0.149230
262273,481394,8192,0.151931
262337,481626,8192,0.157398
262401,481860,8192,0.159358
262465,482181,8192,0.154376
262529,481105,8192,0.158406
262593,480890,8192,0.159848
262657,481959,8192,0.143574
262721,480503,8192,0.164363
262785,480681,8192,0.169160
262849,480765,8192,0.163738
262913,481518,8192,0.153988
262977,481473,8192,0.159554
263041,481495,8192,0.163480
263105,481971,8192,0.159425
263169,482225,8192,0.154385
263233,482922,8192,0.155609
263297,483021,8192,0.156362
263361,482701,8192,0.156287
263425,482994,8192,0.155670
263489,483717,8192,0.151727
263553,482443,8192,0.165705
263617,481706,8192,0.165514
263681,481013,8192,0.174436
263745,482248,8192,0.154152
263809,482757,8192,0.145857
263873,482356,8192,0.153627
263937,482764,8192,0.151883
264001,482641,8192,0.151641
264065,482089,8192,0.157732
264129,482110,8192,0.163646
264193,481992,8192,0.163795
264257,481842,8192,0.172841
264321,481604,8192,0.180412
264385,482324,8192,0.168962
264449,482462,8192,0.163973
264513,482420,8192,0.166534
264577,482247,8192,0.170076
264641,483191,8192,0.156245
264705,483130,8192,0.149730
264769,483971,8192,0.140991
264833,485439,8192,0.132123
264897,485671,8192,0.125869
264961,486105,8192,0.120585
265025,485355,8192,0.126701
265089,486413,8192,0.113253
265153,486621,8192,0.111947
265217,487110,8192,0.109784
265281,486361,8192,0.113605
265345,486651,8192,0.108758
265409,486573,8192,0.113375
265473,486236,8192,0.115000
265537,487104,8192,0.106060
265601,486119,8192,0.111603
265665,486246,8192,0.112114
265729,486573,8192,0.106849
265793,486186,8192,0.110494
265857,486586,8192,0.102506
265921,486834,8192,0.100600
265985,486060,8192,0.111441
266049,486716,8192,0.104074
266113,487413,8192,0.102655
266177,487201,8192,0.106602
266241,487240,8192,0.112407
266305,486578,8192,0.118756
266369,486998,8192,0.112795
266433,486400,8192,0.117475
266497,486335,8192,0.115828
266561,485467,8192,0.128133
266625,485530,8192,0.129678
266689,485483,8192,0.117897
266753,485666,8192,0.118506
266817,486011,8192,0.109835
266881,485781,8192,0.116370
266945,485712,8192,0.115437
267009,485666,8192,0.118580
267073,484995,8192,0.123237
267137,483851,8192,0.134209
267201,484261,8192,0.125461
267265,483857,8192,0.123353
267329,483853,8192,0.118843
267393,484212,8192,0.109838
267457,483929,8192,0.107884
267521,484598,8192,0.099397
267585,484509,8192,0.100214
267649,484248,8192,0.107336
267713,485568,8192,0.088274
267777,485979,8192,0.086263
267841,484885,8192,0.097333
267905,484309,8192,0.106051
267969,484301,8192,0.107542
268033,484326,8192,0.105035
268097,485343,8192,0.099703
268161,485866,8192,0.095692
268225,485977,8192,0.097955
268289,485781,8192,0.098303
268353,484988,8192,0.102142
268417,485521,8192,0.087693
268481,485172,8192,0.096802
268545,485709,8192,0.093124
268609,485544,8192,0.103249
268673,485930,8192,0.099114
268737,485116,8192,0.116275
268801,485013,8192,0.114427
268865,483925,8192,0.124449
268929,483345,8192,0.125927
268993,483568,8192,0.131111
269057,483302,8192,0.140191
269121,483170,8192,0.144611
269185,483028,8192,0.142631
269249,482512,8192,0.147571
269313,482956,8192,0.140383
269377,482663,8192,0.135990
269441,482642,8192,0.135682
269505,482013,8192,0.143002
269569,481639,8192,0.155512
269633,480971,8192,0.157516
269697,481036,8192,0.149459
269761,479555,8192,0.164583
269825,480061,8192,0.160329
269889,480474,8192,0.156059
269953,480856,8192,0.143877
270017,481775,8192,0.129370
270081,482036,8192,0.122477
270145,482371,8192,0.110343
270209,482820,8192,0.110052
270273,481961,8192,0.123047
270337,482660,8192,0.115790
270401,483132,8192,0.109173
270465,483018,8192,0.113142
270529,483031,8192,0.111535
270593,482278,8192,0.120237
270657,482166,8192,0.124291
270721,482089,8192,0.119417
270785,482206,8192,0.120187
270849,483432,8192,0.109113
270913,483706,8192,0.105044
270977,483887,8192,0.097534
271041,483270,8192,0.103320
271105,483319,8192,0.106714
271169,484620,8192,0.094058
271233,485067,8192,0.090132
271297,485184,8192,0.092715
271361,485296,8192,0.097517
271425,485638,8192,0.094856
271489,485354,8192,0.096327
271553,485838,8192,0.090852
271617,485634,8192,0.099943
271681,484520,8192,0.109334
271745,484347,8192,0.106606
271809,483962,8192,0.113644
271873,483575,8192,0.125149
271937,484489,8192,0.114759
272001,484947,8192,0.108092
272065,485429,8192,0.105611
272129,485296,8192,0.114706
272193,485397,8192,0.117436
272257,485471,8192,0.116822
272321,485282,8192,0.111323
272385,485195,8192,0.109158
272449,485070,8192,0.110295
272513,485541,8192,0.114539
272577,485766,8192,0.122456
272641,485310,8192,0.124837
272705,486602,8192,0.107694
272769,485947,8192,0.113373
272833,485567,8192,0.117290
272897,485016,8192,0.119476
272961,485098,8192,0.116089
273025,485458,8192,0.110367
273089,485108,8192,0.105561
273153,484436,8192,0.112117
273217,484859,8192,0.110320
273281,484436,8192,0.112020
273345,484923,8192,0.106967
273409,484128,8192,0.118115
273473,484383,8192,0.117427
273537,484011,8192,0.122627
273601,483967,8192,0.120576
273665,482734,8192,0.126126
273729,482210,8192,0.128821
273793,482313,8192,0.131478
273857,483097,8192,0.123657
273921,483036,8192,0.125522
273985,483557,8192,0.120072
274049,482233,8192,0.131810
274113,483017,8192,0.133604
274177,482926,8192,0.132872
274241,483338,8192,0.123627
274305,483493,8192,0.129517
274369,483704,8192,0.138420
274433,482041,8192,0.157647
274497,482682,8192,0.145627
274561,481656,8192,0.160648
274625,481862,8192,0.158627
274689,481593,8192,0.164657
274753,480977,8192,0.177870
274817,481080,8192,0.178864
274881,481320,8192,0.180549
274945,481731,8192,0.177660
275009,481988,8192,0.179571
275073,482742,8192,0.167365
275137,482835,8192,0.172935
275201,482423,8192,0.174996
275265,481973,8192,0.183419
275329,481542,8192,0.184308
275393,482452,8192,0.170126
275457,483059,8192,0.168408
275521,482130,8192,0.182350
275585,480824,8192,0.190038
275649,481160,8192,0.187310
275713,481623,8192,0.182837
275777,482895,8192,0.166890
275841,482529,8192,0.170052
275905,482894,8192,0.165642
275969,482492,8192,0.170809
276033,482895,8192,0.163973
276097,483240,8192,0.162881
276161,483002,8192,0.166611
276225,483673,8192,0.154873
276289,483918,8192,0.155938
276353,483991,8192,0.151036
276417,484482,8192,0.143500
276481,484442,8192,0.140145
276545,483981,8192,0.145462
276609,484100,8192,0.146089
276673,484958,8192,0.135120
276737,485256,8192,0.129582
276801,484597,8192,0.134378
276865,483757,8192,0.146239
276929,484465,8192,0.144568
276993,483513,8192,0.149673
277057,481921,8192,0.159973
277121,481844,8192,0.164962
277185,482571,8192,0.150418
277249,482616,8192,0.148614
277313,482471,8192,0.149917
277377,482678,8192,0.150455
277441,482749,8192,0.148634
277505,481571,8192,0.156838
277569,481346,8192,0.167943
277633,482519,8192,0.151248
277697,483413,8192,0.137766
277761,483364,8192,0.140487
277825,482856,8192,0.144811
277889,483157,8192,0.136460
277953,482590,8192,0.145135
278017,481649,8192,0.152187
278081,482233,8192,0.137607
278145,482213,8192,0.139910
278209,483723,8192,0.122044
278273,483159,8192,0.123689
278337,482421,8192,0.133807
278401,483250,8192,0.119819
278465,483385,8192,0.109525
278529,483526,8192,0.101515
278593,483440,8192,0.105731
278657,484005,8192,0.108416
278721,484123,8192,0.108484
278785,484181,8192,0.110457
278849,484503,8192,0.114087
278913,485030,8192,0.107424
278977,485662,8192,0.098743
279041,485140,8192,0.107436
279105,484454,8192,0.111805
279169,484371,8192,0.107294
279233,484619,8192,0.108571
279297,484404,8192,0.110308
279361,484244,8192,0.114009
279425,484064,8192,0.120280
279489,483211,8192,0.129346
279553,483373,8192,0.126782
279617,482764,8192,0.135299
279681,482468,8192,0.138941
279745,481583,8192,0.146232
279809,481567,8192,0.137976
279873,480487,8192,0.143374
279937,480941,8192,0.142899
280001,481262,8192,0.140524
280065,481216,8192,0.133576
280129,480866,8192,0.136920
280193,481253,8192,0.127432
280257,482071,8192,0.125306
280321,483491,8192,0.105380
280385,482771,8192,0.108419
280449,482391,8192,0.115098
280513,482500,8192,0.114415
280577,483137,8192,0.104892
280641,483450,8192,0.104058
280705,483015,8192,0.100269
280769,482373,8192,0.101074
280833,481537,8192,0.108438
280897,481847,8192,0.110148
280961,481463,8192,0.124897
281025,480980,8192,0.129202
281089,481116,8192,0.119607
281153,480403,8192,0.128545
281217,480970,8192,0.123479
281281,481520,8192,0.121485
281345,482129,8192,0.115137
281409,481590,8192,0.117952
281473,480836,8192,0.124211
281537,481324,8192,0.121027
281601,480476,8192,0.121980
281665,480518,8192,0.123040
281729,480215,8192,0.121238
281793,480304,8192,0.115284
281857,479174,8192,0.134180
281921,479481,8192,0.129051
281985,479339,8192,0.122970
282049,479382,8192,0.129340
282113,479515,8192,0.126374
282177,480046,8192,0.120282
282241,479460,8192,0.127627
282305,479021,8192,0.129754
282369,478906,8192,0.140681
282433,477596,8192,0.155999
282497,478191,8192,0.147392
282561,478467,8192,0.144823
282625,478865,8192,0.144354
282689,479263,8192,0.137315
282753,479710,8192,0.129395
282817,480425,8192,0.120875
282881,480629,8192,0.118727
282945,480798,8192,0.119393
283009,480137,8192,0.132197
283073,480454,8192,0.118499
283137,480657,8192,0.118288
283201,480537,8192,0.124400
283265,480042,8192,0.135946
283329,479817,8192,0.130552
283393,479884,8192,0.123201
283457,479854,8192,0.115833
283521,479345,8192,0.117559
283585,478797,8192,0.123359
283649,478959,8192,0.125970
283713,479171,8192,0.125232
283777,479033,8192,0.129619
283841,478918,8192,0.129289
283905,479081,8192,0.123866
283969,479122,8192,0.129537
284033,478548,8192,0.132599
284097,478388,8192,0.134636
284161,478913,8192,0.123587
284225,479795,8192,0.116385
284289,480967,8192,0.108609
284353,482339,8192,0.096349
284417,482226,8192,0.101275
284481,482985,8192,0.088582
284545,483289,8192,0.082623
284609,483331,8192,0.086037
284673,482694,8192,0.102847
284737,482719,8192,0.097947
284801,483213,8192,0.095756
284865,483226,8192,0.092514
284929,482251,8192,0.102360
284993,481906,8192,0.107845
285057,481949,8192,0.114133
285121,481492,8192,0.121311
285185,480846,8192,0.123429
285249,481660,8192,0.123988
285313,481480,8192,0.129943
285377,481059,8192,0.135523
285441,481228,8192,0.134497
285505,481409,8192,0.133956
285569,480932,8192,0.140196
285633,480479,8192,0.146274
285697,481072,8192,0.138053
285761,480297,8192,0.142308
285825,480763,8192,0.138498
285889,480280,8192,0.140231
285953,480119,8192,0.149931
286017,478805,8192,0.165701
286081,478459,8192,0.158016
286145,478671,8192,0.159232
286209,478354,8192,0.161368
286273,478781,8192,0.157479
286337,478085,8192,0.161531
286401,478713,8192,0.152764
286465,479184,8192,0.153306
286529,480104,8192,0.136972
286593,481089,8192,0.130417
286657,480158,8192,0.150298
286721,480156,8192,0.139896
286785,480961,8192,0.123077
286849,481635,8192,0.121424
286913,481764,8192,0.119396
286977,482226,8192,0.107070
287041,483400,8192,0.088429
287105,483390,8192,0.092239
287169,484567,8192,0.081205
287233,483769,8192,0.088528
287297,483496,8192,0.088383
287361,483889,8192,0.090464
287425,484508,8192,0.086524
287489,485056,8192,0.088684
287553,484562,8192,0.096766
287617,484437,8192,0.094149
287681,483197,8192,0.115790
287745,483517,8192,0.118163
287809,483927,8192,0.109670
287873,484643,8192,0.099884
287937,484185,8192,0.104803
288001,483554,8192,0.108254
288065,483464,8192,0.113214
288129,484256,8192,0.105293
288193,484659,8192,0.094016
288257,483831,8192,0.095933
288321,483688,8192,0.099029
288385,484303,8192,0.100424
288449,485203,8192,0.089664
288513,484861,8192,0.100121
288577,484617,8192,0.093487
288641,485155,8192,0.082316
288705,484399,8192,0.090281
288769,483831,8192,0.086443
288833,483771,8192,0.087492
288897,484505,8192,0.081700
288961,484390,8192,0.087262
289025,484331,8192,0.090757
289089,484855,8192,0.096783
289153,484380,8192,0.097346
289217,484200,8192,0.100599
289281,484456,8192,0.096800
289345,483637,8192,0.105844
289409,483960,8192,0.102811
289473,483946,8192,0.108557
289537,484568,8192,0.099611
289601,484215,8192,0.100730
289665,484458,8192,0.093626
289729,483713,8192,0.106197
289793,484564,8192,0.099061
289857,483252,8192,0.108384
289921,483601,8192,0.105443
289985,484258,8192,0.104215
290049,485270,8192,0.094190
290113,485889,8192,0.094739
290177,486274,8192,0.093945
290241,486510,8192,0.089292
290305,486508,8192,0.091978
290369,486615,8192,0.097052
290433,486851,8192,0.099334
290497,486630,8192,0.103978
290561,486355,8192,0.112232
290625,486665,8192,0.108107
290689,486707,8192,0.106971
290753,486502,8192,0.107605
290817,486695,8192,0.104706
290881,486421,8192,0.105779
290945,486898,8192,0.095967
291009,486485,8192,0.097337
291073,486362,8192,0.099160
291137,486398,8192,0.097620
291201,486478,8192,0.091429
291265,485469,8192,0.095749
291329,485798,8192,0.093275
291393,486706,8192,0.085394
291457,486361,8192,0.087511
291521,486205,8192,0.089592
291585,486590,8192,0.086227
291649,485854,8192,0.093204
291713,486142,8192,0.089394
291777,486599,8192,0.090275
291841,485933,8192,0.097194
291905,485599,8192,0.100576
291969,485702,8192,0.101132
292033,486614,8192,0.087158
292097,485766,8192,0.101086
292161,485937,8192,0.099299
292225,485499,8192,0.103960
292289,485197,8192,0.112567
292353,485541,8192,0.114459
292417,485298,8192,0.119021
292481,485489,8192,0.115108
292545,484541,8192,0.124368
292609,484914,8192,0.116157
292673,484922,8192,0.118741
292737,485484,8192,0.117280
292801,485440,8192,0.121235
292865,485927,8192,0.121493
292929,485441,8192,0.125025
292993,485189,8192,0.126177
293057,486024,8192,0.118966
293121,485173,8192,0.128538
293185,485614,8192,0.126292
293249,483878,8192,0.153111
293313,483865,8192,0.152316
293377,484890,8192,0.146487
293441,485933,8192,0.131204
293505,485634,8192,0.127637
293569,485720,8192,0.131849
293633,484750,8192,0.142508
293697,484871,8192,0.141887
293761,484572,8192,0.141852
293825,484415,8192,0.138395
293889,484730,8192,0.126205
293953,485227,8192,0.113421
294017,484787,8192,0.111328
294081,484005,8192,0.109415
294145,484251,8192,0.109849
294209,484611,8192,0.098543
294273,485221,8192,0.089981
294337,484764,8192,0.090211
294401,485235,8192,0.087460
294465,485253,8192,0.096301
294529,484998,8192,0.099874
294593,484022,8192,0.109204
294657,482488,8192,0.123016
294721,481494,8192,0.134916
294785,481787,8192,0.132467
294849,481769,8192,0.122668
294913,481576,8192,0.127793
294977,482470,8192,0.119885
295041,482439,8192,0.117794
295105,483225,8192,0.108903
295169,484218,8192,0.104685
295233,482662,8192,0.120893
295297,482082,8192,0.120039
295361,482447,8192,0.112764
295425,481951,8192,0.117149
295489,482631,8192,0.111296
295553,481747,8192,0.119315
295617,482516,8192,0.103547
295681,482819,8192,0.097061
295745,482714,8192,0.091848
295809,482499,8192,0.100885
295873,482078,8192,0.102819
295937,481733,8192,0.107456
296001,481488,8192,0.108896
296065,481499,8192,0.101353
296129,480982,8192,0.113050
296193,480574,8192,0.116230
296257,480875,8192,0.111968
296321,481589,8192,0.104029
296385,482561,8192,0.099833
296449,482921,8192,0.102527
296513,482927,8192,0.105586
296577,482784,8192,0.108652
296641,482490,8192,0.106749
296705,482637,8192,0.109120
296769,481393,8192,0.127435
296833,480744,8192,0.134371
296897,481789,8192,0.128385
296961,482008,8192,0.123921
297025,482158,8192,0.127497
297089,483036,8192,0.119818
297153,483208,8192,0.122449
297217,483366,8192,0.126153
297281,483176,8192,0.123394
297345,484332,8192,0.106965
297409,485093,8192,0.096007
297473,485232,8192,0.097944
297537,485876,8192,0.089725
297601,486645,8192,0.085899
297665,486453,8192,0.093550
297729,485976,8192,0.101346
297793,486414,8192,0.098572
297857,486899,8192,0.102372
297921,486016,8192,0.115501
297985,486183,8192,0.113527
298049,485733,8192,0.114877
298113,487212,8192,0.106227
298177,487422,8192,0.103650
298241,487626,8192,0.104008
298305,485845,8192,0.128841
298369,485800,8192,0.134717
298433,485207,8192,0.144401
298497,484487,8192,0.148156
298561,484503,8192,0.147701
298625,484712,8192,0.147707
298689,484891,8192,0.143852
298753,482559,8192,0.168078
298817,482193,8192,0.169839
298881,482507,8192,0.167119
298945,481275,8192,0.179598
299009,480080,8192,0.200076
299073,481318,8192,0.187704
299137,481403,8192,0.186558
299201,481692,8192,0.187411
299265,482391,8192,0.178745
299329,482918,8192,0.172896
299393,482891,8192,0.169645
299457,483239,8192,0.167706
299521,483022,8192,0.174471
299585,483284,8192,0.176313
299649,482293,8192,0.182681
299713,482839,8192,0.175025
299777,483805,8192,0.164751
299841,484033,8192,0.164860
299905,484372,8192,0.163498
299969,483575,8192,0.168385
300033,483701,8192,0.167452
300097,482926,8192,0.167016
300161,482973,8192,0.159750
300225,483485,8192,0.154366
300289,484818,8192,0.133525
300353,485298,8192,0.126851
300417,485325,8192,0.122515
300481,485106,8192,0.115299
300545,484157,8192,0.121097
300609,484196,8192,0.122772
300673,485075,8192,0.120158
300737,485198,8192,0.120262
300801,485309,8192,0.119925
300865,484979,8192,0.126869
300929,484646,8192,0.127929
300993,484933,8192,0.123005
301057,484214,8192,0.130896
301121,484756,8192,0.122840
301185,485989,8192,0.112859
301249,485185,8192,0.115093
301313,485545,8192,0.112072
301377,485905,8192,0.105073
301441,486470,8192,0.096747
301505,487072,8192,0.100266
301569,487029,8192,0.095439
301633,486562,8192,0.114122
301697,486666,8192,0.114297
301761,487307,8192,0.106306
301825,486699,8192,0.114466
301889,486041,8192,0.117270
301953,485032,8192,0.129989
302017,486243,8192,0.115476
302081,486446,8192,0.118326
302145,486977,8192,0.113909
302209,486983,8192,0.112322
302273,487450,8192,0.111434
302337,487272,8192,0.111380
302401,487705,8192,0.108004
302465,486843,8192,0.116679
302529,486205,8192,0.119086
302593,486203,8192,0.117920
302657,486111,8192,0.114882
302721,486058,8192,0.121858
302785,485654,8192,0.123454
302849,485261,8192,0.122361
302913,485944,8192,0.123006
302977,486290,8192,0.117504
303041,486599,8192,0.115969
303105,485676,8192,0.129618
303169,484749,8192,0.146001
303233,485409,8192,0.143617
303297,485236,8192,0.142578
303361,485423,8192,0.148592
303425,485767,8192,0.143034
303489,485328,8192,0.149120
303553,486423,8192,0.138153
303617,487416,8192,0.125378
303681,488446,8192,0.111582
303745,488074,8192,0.114912
303809,488354,8192,0.111415
303873,487225,8192,0.121947
303937,486226,8192,0.137819
304001,485874,8192,0.143408
304065,485697,8192,0.149337
304129,484732,8192,0.162794
304193,485339,8192,0.153628
304257,486095,8192,0.149745
304321,485563,8192,0.156459
304385,486177,8192,0.144519
304449,485787,8192,0.148275
304513,486925,8192,0.134836
304577,486807,8192,0.134311
304641,485904,8192,0.143990
304705,484493,8192,0.153988
304769,484538,8192,0.141474
304833,485391,8192,0.129576
304897,486085,8192,0.120698
304961,485974,8192,0.121874
305025,485893,8192,0.120382
305089,485331,8192,0.123948
305153,485602,8192,0.114554
305217,485356,8192,0.111450
305281,485674,8192,0.109857
305345,485682,8192,0.114021
305409,485645,8192,0.110083
305473,485998,8192,0.100553
305537,485710,8192,0.113376
305601,485154,8192,0.123187
305665,485978,8192,0.112426
305729,486455,8192,0.109208
305793,486022,8192,0.114033
305857,485383,8192,0.117815
305921,485140,8192,0.118539
305985,485125,8192,0.114039
306049,484886,8192,0.110832
306113,484837,8192,0.111013
306177,485262,8192,0.105799
306241,484422,8192,0.120947
306305,484665,8192,0.115719
306369,484979,8192,0.122008
306433,484715,8192,0.119625
306497,485027,8192,0.121658
306561,485021,8192,0.121750
306625,485361,8192,0.118370
306689,485796,8192,0.112115
306753,485944,8192,0.109682
306817,486340,8192,0.103776
306881,486501,8192,0.102432
306945,486225,8192,0.105578
307009,486081,8192,0.100445
307073,486046,8192,0.103630
307137,486747,8192,0.103273
307201,487106,8192,0.098441
307265,486994,8192,0.100117
307329,487392,8192,0.095867
307393,487986,8192,0.094771
307457,488509,8192,0.092722
307521,488304,8192,0.103496
307585,487793,8192,0.108391
307649,488057,8192,0.113496
307713,488284,8192,0.107305
307777,488770,8192,0.100296
307841,489206,8192,0.096740
307905,489294,8192,0.093287
307969,489058,8192,0.094958
308033,489394,8192,0.093145
308097,489230,8192,0.094403
308161,489165,8192,0.094749
308225,488411,8192,0.101366
308289,488243,8192,0.107003
308353,488293,8192,0.112605
308417,488600,8192,0.108954
308481,488973,8192,0.103929
308545,488782,8192,0.100456
308609,487545,8192,0.110769
308673,487981,8192,0.110370
308737,486844,8192,0.116737
308801,487853,8192,0.105344
308865,487575,8192,0.109878
308929,486533,8192,0.118183
308993,486514,8192,0.118281
309057,486888,8192,0.113218
309121,486492,8192,0.113797
309185,486719,8192,0.108844
309249,486352,8192,0.110642
309313,486245,8192,0.107612
309377,485407,8192,0.111279
309441,485081,8192,0.115475
309505,485176,8192,0.117144
309569,485799,8192,0.105511
309633,484793,8192,0.118187
309697,485164,8192,0.113291
309761,485810,8192,0.105594
309825,485395,8192,0.109493
309889,485207,8192,0.113360
309953,484730,8192,0.120407
310017,484339,8192,0.121310
310081,484822,8192,0.121538
310145,485187,8192,0.117310
310209,485448,8192,0.121578
310273,485448,8192,0.118931
310337,485368,8192,0.119599
310401,484667,8192,0.135881
310465,485864,8192,0.115475
310529,485537,8192,0.120912
310593,485612,8192,0.117498
310657,485755,8192,0.115911
310721,485020,8192,0.120115
310785,485821,8192,0.113869
310849,484899,8192,0.126952
310913,484935,8192,0.129528
310977,485106,8192,0.127175
311041,484027,8192,0.143587
311105,483733,8192,0.144902
311169,483688,8192,0.143895
311233,483441,8192,0.142412
311297,483481,8192,0.142590
311361,483679,8192,0.137903
311425,482928,8192,0.148287
311489,483001,8192,0.143716
311553,482872,8192,0.141157
311617,483786,8192,0.123889
311681,484112,8192,0.118637
311745,485140,8192,0.110960
311809,485276,8192,0.108796
311873,485171,8192,0.108830
311937,485251,8192,0.113830
312001,485419,8192,0.111559
312065,485211,8192,0.113260
312129,485643,8192,0.108611
312193,486124,8192,0.104007
312257,486671,8192,0.101903
312321,486810,8192,0.096782
312385,485977,8192,0.105361
312449,486025,8192,0.102428
312513,486417,8192,0.105165
312577,486308,8192,0.106333
312641,486248,8192,0.112240
312705,485566,8192,0.115616
312769,485237,8192,0.119882
312833,483975,8192,0.135492
312897,484826,8192,0.117985
312961,485058,8192,0.119699
313025,484771,8192,0.123138
313089,484052,8192,0.129562
313153,483632,8192,0.130086
313217,483674,8192,0.136467
313281,484099,8192,0.129643
313345,484477,8192,0.126327
313409,484463,8192,0.130542
313473,482804,8192,0.143489
313537,482814,8192,0.138822
313601,483424,8192,0.124404
313665,483227,8192,0.130271
313729,483021,8192,0.126484
313793,482966,8192,0.128045
313857,482332,8192,0.129578
313921,482023,8192,0.134372
313985,482118,8192,0.127567
314049,482958,8192,0.116456
314113,482211,8192,0.123363
314177,482181,8192,0.121739
314241,482725,8192,0.118280
314305,482700,8192,0.118671
314369,482663,8192,0.121145
314433,482647,8192,0.118487
314497,482834,8192,0.119267
314561,482967,8192,0.114344
314625,483975,8192,0.107491
314689,484668,8192,0.099326
314753,484986,8192,0.095864
314817,485220,8192,0.093057
314881,485391,8192,0.092689
314945,484576,8192,0.100684
315009,484281,8192,0.107164
315073,484400,8192,0.113227
315137,483849,8192,0.118896
315201,483823,8192,0.118988
315265,483066,8192,0.136692
315329,482785,8192,0.128965
315393,483223,8192,0.121137
315457,482918,8192,0.131017
315521,483534,8192,0.121941
315585,483110,8192,0.127328
315649,482331,8192,0.139330
315713,482307,8192,0.142027
315777,481953,8192,0.147985
315841,482688,8192,0.140550
315905,482319,8192,0.155530
315969,482000,8192,0.158713
316033,482590,8192,0.153690
316097,481710,8192,0.162629
316161,481445,8192,0.167013
316225,481257,8192,0.176738
316289,480727,8192,0.182532
316353,480952,8192,0.185644
316417,480073,8192,0.201591
316481,479923,8192,0.209657
316545,480835,8192,0.201672
316609,480290,8192,0.209573
316673,480124,8192,0.209153
316737,480830,8192,0.193126
316801,480636,8192,0.193444
316865,479942,8192,0.198215
316929,481233,8192,0.183617
316993,482182,8192,0.169093
317057,481726,8192,0.166804
317121,481520,8192,0.167005
317185,481610,8192,0.170811
317249,481681,8192,0.175648
317313,481683,8192,0.181392
317377,481754,8192,0.172973
317441,482297,8192,0.161931
317505,481545,8192,0.171178
317569,482253,8192,0.159668
317633,483033,8192,0.150168
317697,483348,8192,0.148822
317761,483252,8192,0.149350
317825,483372,8192,0.150635
317889,483563,8192,0.145124
317953,482849,8192,0.154125
318017,482880,8192,0.148672
318081,482511,8192,0.152113
318145,482127,8192,0.151753
318209,481800,8192,0.157157
318273,481875,8192,0.153094
318337,482339,8192,0.145302
318401,482418,8192,0.148135
318465,482487,8192,0.145417
318529,482649,8192,0.145441
318593,481937,8192,0.157519
318657,482394,8192,0.151036
318721,483222,8192,0.139542
318785,483320,8192,0.140764
318849,483291,8192,0.139625
318913,483730,8192,0.127593
318977,484729,8192,0.123087
319041,484044,8192,0.134433
319105,484231,8192,0.131639
319169,483720,8192,0.139611
319233,483953,8192,0.133679
319297,483799,8192,0.138178
319361,484034,8192,0.133405
319425,482604,8192,0.149490
319489,482022,8192,0.151047
319553,482346,8192,0.147932
319617,483370,8192,0.130912
319681,483180,8192,0.130338
319745,483095,8192,0.129646
319809,482921,8192,0.129385
319873,483511,8192,0.133435
319937,482684,8192,0.139897
320001,482607,8192,0.135652
320065,482423,8192,0.132990
320129,481954,8192,0.130209
320193,482278,8192,0.124577
320257,481414,8192,0.133113
320321,481563,8192,0.136704
320385,482280,8192,0.130157
320449,482942,8192,0.118885
320513,482662,8192,0.120510
320577,482953,8192,0.112679
320641,481865,8192,0.122849
320705,482248,8192,0.118260
320769,482034,8192,0.120351
320833,481303,8192,0.129295
320897,481269,8192,0.127795
320961,480357,8192,0.137364
321025,480924,8192,0.124622
321089,480779,8192,0.131187
321153,481588,8192,0.121755
321217,482348,8192,0.114212
321281,481276,8192,0.119957
321345,481562,8192,0.111922
321409,481930,8192,0.111582
321473,482025,8192,0.102036
321537,482241,8192,0.099487
321601,482902,8192,0.091537
321665,482584,8192,0.091203
321729,482502,8192,0.098895
321793,483103,8192,0.090763
321857,482369,8192,0.100118
321921,482907,8192,0.102925
321985,483152,8192,0.098110
322049,483311,8192,0.094683
322113,484122,8192,0.088472
322177,484663,8192,0.085759
322241,483939,8192,0.095282
322305,483621,8192,0.095978
322369,483971,8192,0.102263
322433,484731,8192,0.099626
322497,483432,8192,0.110913
322561,482658,8192,0.120260
322625,483157,8192,0.119555
322689,483405,8192,0.117898
322753,483206,8192,0.117067
322817,482396,8192,0.132905
322881,482974,8192,0.121025
322945,484126,8192,0.108780
323009,483951,8192,0.107903
323073,483895,8192,0.111140
323137,483513,8192,0.119623
323201,483457,8192,0.128051
323265,483114,8192,0.131281
323329,483684,8192,0.134730
323393,483094,8192,0.140955
323457,482818,8192,0.136938
323521,482741,8192,0.135250
323585,483361,8192,0.129632
323649,483625,8192,0.122857
323713,484751,8192,0.110145
323777,485110,8192,0.109090
323841,484924,8192,0.113706
323905,483286,8192,0.121863
323969,483119,8192,0.119159
324033,483178,8192,0.122383
324097,483565,8192,0.118260
324161,484305,8192,0.114277
324225,484061,8192,0.116757
324289,484002,8192,0.118886
324353,484026,8192,0.116217
324417,484826,8192,0.110544
324481,485825,8192,0.098383
324545,485816,8192,0.097271
324609,485998,8192,0.100348
324673,486160,8192,0.092725
324737,485236,8192,0.103909
324801,484867,8192,0.105892
324865,484193,8192,0.110606
324929,483656,8192,0.111192
324993,482414,8192,0.129657
325057,482419,8192,0.132699
325121,482084,8192,0.132263
325185,482659,8192,0.126790
325249,482182,8192,0.135265
325313,481734,8192,0.143145
325377,482091,8192,0.137846
325441,481551,8192,0.143066
325505,481634,8192,0.143023
325569,481949,8192,0.138274
325633,481601,8192,0.140421
325697,481589,8192,0.145376
325761,481373,8192,0.149933
325825,481295,8192,0.150957
325889,481865,8192,0.146570
325953,481070,8192,0.154248
326017,481663,8192,0.151227
326081,481641,8192,0.147876
326145,481115,8192,0.152715
326209,481524,8192,0.144392
326273,481260,8192,0.146245
326337,481456,8192,0.146208
326401,481208,8192,0.150917
326465,481111,8192,0.156089
326529,480935,8192,0.153401
326593,481015,8192,0.150089
326657,480474,8192,0.155502
326721,480428,8192,0.166725
326785,480931,8192,0.159572
326849,481372,8192,0.165666
326913,481412,8192,0.166054
326977,481307,8192,0.165302
327041,480406,8192,0.171427
327105,480425,8192,0.173838
327169,481005,8192,0.161955
327233,480748,8192,0.161822
327297,480161,8192,0.165623
327361,478740,8192,0.176843
327425,478998,8192,0.176143
327489,478937,8192,0.174485
327553,479231,8192,0.180240
327617,477979,8192,0.191526
327681,478444,8192,0.180334
327745,479643,8192,0.162460
327809,479411,8192,0.155962
327873,480053,8192,0.153813
327937,480007,8192,0.148578
328001,479279,8192,0.160321
328065,478846,8192,0.156207
328129,479255,8192,0.150080
328193,478790,8192,0.157442
328257,479348,8192,0.154220
328321,478889,8192,0.157780
328385,478016,8192,0.166608
328449,477128,8192,0.177814
328513,477425,8192,0.171532
328577,477740,8192,0.163984
328641,477597,8192,0.165175
328705,477709,8192,0.159215
328769,478449,8192,0.146304
328833,478888,8192,0.138222
328897,477983,8192,0.147145
328961,479274,8192,0.139144
329025,478713,8192,0.146229
329089,478534,8192,0.142866
329153,478604,8192,0.140469
329217,477923,8192,0.131762
329281,479121,8192,0.126239
329345,478553,8192,0.133173
329409,479167,8192,0.126111
329473,479151,8192,0.129057
329537,480410,8192,0.117465
329601,479951,8192,0.116207
329665,480523,8192,0.108176
329729,481204,8192,0.103245
329793,481616,8192,0.094400
329857,481111,8192,0.098141
329921,481173,8192,0.099216
329985,479975,8192,0.107380
330049,480289,8192,0.107239
330113,480544,8192,0.102619
330177,480781,8192,0.104655
330241,480701,8192,0.102301
330305,481448,8192,0.097755
330369,481836,8192,0.098127
330433,482016,8192,0.102380
330497,481590,8192,0.107338
330561,481898,8192,0.102844
330625,481739,8192,0.113020
330689,481697,8192,0.121417
330753,481862,8192,0.120830
330817,482936,8192,0.101258
330881,482257,8192,0.110333
330945,481122,8192,0.122998
331009,480997,8192,0.123215
331073,482060,8192,0.112507
331137,481893,8192,0.123864
331201,481740,8192,0.123790
331265,481893,8192,0.119522
331329,481576,8192,0.130946
331393,481516,8192,0.129931
331457,481504,8192,0.133360
331521,481596,8192,0.126373
331585,481471,8192,0.125989
331649,481492,8192,0.118438
331713,481528,8192,0.121414
331777,481223,8192,0.130913
331841,482012,8192,0.123862
331905,482204,8192,0.125867
331969,482389,8192,0.126718
332033,482552,8192,0.121302
332097,483071,8192,0.120220
332161,482362,8192,0.124456
332225,482325,8192,0.119186
332289,482099,8192,0.119783
332353,482038,8192,0.123026
332417,482435,8192,0.122801
332481,481724,8192,0.130472
332545,482843,8192,0.124023
332609,483565,8192,0.120683
332673,483301,8192,0.126596
332737,484574,8192,0.114135
332801,483980,8192,0.125224
332865,484461,8192,0.125341
332929,484180,8192,0.133005
332993,483974,8192,0.139819
333057,484534,8192,0.135484
333121,485274,8192,0.123277
333185,485055,8192,0.134053
333249,484837,8192,0.134593
333313,484612,8192,0.137427
333377,483654,8192,0.143373
333441,483900,8192,0.132027
333505,483159,8192,0.138553
333569,483160,8192,0.130800
333633,482830,8192,0.132923
333697,483131,8192,0.123470
333761,482802,8192,0.112086
333825,483196,8192,0.110829
333889,484237,8192,0.097628
333953,484246,8192,0.100227
334017,482564,8192,0.118705
334081,482019,8192,0.124672
334145,481579,8192,0.121798
334209,481023,8192,0.122434
334273,481346,8192,0.117467
334337,481960,8192,0.109494
334401,481926,8192,0.108925
334465,481276,8192,0.109892
334529,481245,8192,0.111428
334593,481690,8192,0.117702
334657,481212,8192,0.124233
334721,481316,8192,0.125697
334785,481824,8192,0.122025
334849,481771,8192,0.127686
334913,482415,8192,0.117119
334977,482153,8192,0.119672
335041,481328,8192,0.126194
335105,481775,8192,0.123177
335169,482071,8192,0.120216
335233,482057,8192,0.125904
335297,482012,8192,0.127823
335361,482238,8192,0.127911
335425,483291,8192,0.119505
335489,484171,8192,0.105346
335553,483833,8192,0.117498
335617,482808,8192,0.129011
335681,483302,8192,0.123657
335745,484366,8192,0.111934
335809,484231,8192,0.114661
335873,484276,8192,0.115701
335937,484776,8192,0.114419
336001,485261,8192,0.102631
336065,483902,8192,0.121067
336129,483745,8192,0.121954
336193,483645,8192,0.118992
336257,482588,8192,0.132540
336321,481293,8192,0.152044
336385,480535,8192,0.160505
336449,481364,8192,0.143056
336513,480498,8192,0.149199
336577,480972,8192,0.147428
336641,481876,8192,0.139450
336705,481746,8192,0.147879
336769,481523,8192,0.151920
336833,480139,8192,0.168878
336897,479199,8192,0.183269
336961,478693,8192,0.189857
337025,478609,8192,0.198139
337089,477506,8192,0.201625
337153,478210,8192,0.184770
337217,477670,8192,0.196403
337281,477740,8192,0.196555
337345,478963,8192,0.178615
337409,478769,8192,0.181874
337473,478832,8192,0.175334
337537,478403,8192,0.171637
337601,477695,8192,0.175121
337665,478003,8192,0.173782
337729,478090,8192,0.177046
337793,479169,8192,0.163796
337857,479502,8192,0.161171
337921,479112,8192,0.170968
337985,479626,8192,0.163712
338049,480113,8192,0.155836
338113,480147,8192,0.157782
338177,480631,8192,0.157366
338241,480732,8192,0.163768
338305,480278,8192,0.173171
338369,479677,8192,0.179825
338433,478530,8192,0.197471
338497,477820,8192,0.207912
338561,478339,8192,0.196153
338625,477343,8192,0.209492
338689,477493,8192,0.206516
338753,476512,8192,0.219053
338817,475481,8192,0.230805
338881,475519,8192,0.233731
338945,475815,8192,0.232574
339009,476613,8192,0.224265
339073,476775,8192,0.218282
339137,476360,8192,0.219644
339201,477595,8192,0.201966
339265,476981,8192,0.198979
339329,477163,8192,0.192140
339393,477104,8192,0.185532
339457,477686,8192,0.172377
339521,478464,8192,0.162941
339585,479402,8192,0.159536
339649,478643,8192,0.164522
339713,478934,8192,0.159851
339777,479611,8192,0.155012
339841,479734,8192,0.166215
339905,478622,8192,0.177429
339969,478241,8192,0.175517
340033,479179,8192,0.161687
340097,479726,8192,0.149103
340161,479969,8192,0.151222
340225,480342,8192,0.147970
340289,480855,8192,0.142538
340353,481140,8192,0.138070
340417,481608,8192,0.136898
340481,481095,8192,0.141229
340545,480502,8192,0.153262
340609,480728,8192,0.148372
340673,481529,8192,0.141851
340737,481261,8192,0.146981
340801,481663,8192,0.138291
340865,481805,8192,0.144121
340929,482368,8192,0.141677
340993,482908,8192,0.133436
341057,483452,8192,0.127180
341121,483650,8192,0.116804
341185,483309,8192,0.123693
341249,482962,8192,0.132248
341313,481636,8192,0.147593
341377,482460,8192,0.138350
341441,482992,8192,0.131570
341505,483198,8192,0.130013
341569,483951,8192,0.123174
341633,483800,8192,0.129716
341697,483633,8192,0.135276
341761,485100,8192,0.121848
341825,484819,8192,0.127136
341889,484294,8192,0.140169
341953,483389,8192,0.153476
342017,483285,8192,0.155478
342081,483156,8192,0.152345
342145,482967,8192,0.152682
342209,482750,8192,0.148807
342273,482784,8192,0.146569
342337,481875,8192,0.159477
342401,481768,8192,0.164108
342465,481371,8192,0.167172
342529,480490,8192,0.178377
342593,480748,8192,0.174327
342657,481393,8192,0.163070
342721,481331,8192,0.160790
342785,481632,8192,0.154148
342849,482528,8192,0.139722
342913,482609,8192,0.139600
342977,482606,8192,0.137913
343041,483326,8192,0.128324
343105,483737,8192,0.122775
343169,483108,8192,0.136883
343233,483235,8192,0.132833
343297,482513,8192,0.143177
343361,481899,8192,0.151085
343425,481735,8192,0.150225
343489,481520,8192,0.150882
343553,482893,8192,0.131843
343617,482661,8192,0.134652
343681,482503,8192,0.135398
343745,481654,8192,0.135244
343809,481641,8192,0.124942
343873,481436,8192,0.129453
343937,481998,8192,0.125579
344001,481313,8192,0.124489
344065,481197,8192,0.128104
344129,482128,8192,0.124364
344193,482895,8192,0.115629
344257,483377,8192,0.106864
344321,481491,8192,0.123099
344385,481805,8192,0.117898
344449,482620,8192,0.104512
344513,482446,8192,0.104399
344577,482520,8192,0.090314
344641,481655,8192,0.099448
344705,481775,8192,0.102782
344769,481408,8192,0.109744
344833,482007,8192,0.101340
344897,482354,8192,0.092730
344961,482238,8192,0.092160
345025,483365,8192,0.086567
345089,482773,8192,0.097752
345153,482775,8192,0.099658
345217,482676,8192,0.099474
345281,482093,8192,0.110189
345345,482511,8192,0.106045
345409,483357,8192,0.100958
345473,483190,8192,0.101568
345537,483155,8192,0.104238
345601,483910,8192,0.100697
345665,484555,8192,0.100896
345729,483697,8192,0.109806
345793,483506,8192,0.118755
345857,483553,8192,0.114201
345921,483090,8192,0.121538
345985,483558,8192,0.115092
346049,483290,8192,0.114496
346113,483263,8192,0.122799
346177,483362,8192,0.114532
346241,484032,8192,0.114502
346305,484362,8192,0.111544
346369,484752,8192,0.106945
346433,484468,8192,0.109148
346497,484465,8192,0.104885
346561,485393,8192,0.098432
346625,485909,8192,0.093877
346689,484958,8192,0.109663
346753,484471,8192,0.121597
346817,484892,8192,0.118069
346881,484135,8192,0.121078
346945,483957,8192,0.121914
347009,483260,8192,0.137405
347073,482574,8192,0.146809
347137,482161,8192,0.153523
347201,482793,8192,0.147105
347265,482285,8192,0.155127
347329,482018,8192,0.153382
347393,481914,8192,0.153442
347457,482972,8192,0.141428
347521,483420,8192,0.135185
347585,484158,8192,0.126584
347649,484004,8192,0.130602
347713,483822,8192,0.127168
347777,484435,8192,0.126033
347841,483666,8192,0.135738
347905,483194,8192,0.141895
347969,484036,8192,0.136280
348033,484173,8192,0.131862
348097,484236,8192,0.127043
348161,483867,8192,0.135553
348225,483785,8192,0.134501
348289,483392,8192,0.143445
348353,483657,8192,0.143454
348417,483511,8192,0.145337
348481,484219,8192,0.136304
348545,484442,8192,0.130192
348609,484705,8192,0.116760
348673,484506,8192,0.117417
348737,484548,8192,0.113521
348801,485490,8192,0.098688
348865,484192,8192,0.110806
348929,484246,8192,0.118089
348993,485248,8192,0.106183
349057,486091,8192,0.097093
349121,485762,8192,0.099801
349185,486124,8192,0.097275
349249,485065,8192,0.113028
349313,484963,8192,0.111621
349377,484286,8192,0.107777
349441,484084,8192,0.109900
349505,483739,8192,0.113191
349569,483025,8192,0.120702
349633,484185,8192,0.103628
349697,484147,8192,0.107905
349761,484740,8192,0.101252
349825,484414,8192,0.114946
349889,484178,8192,0.119194
349953,484063,8192,0.117948
350017,484843,8192,0.114851
350081,484601,8192,0.111543
350145,483652,8192,0.116382
350209,483772,8192,0.118801
350273,484383,8192,0.115234
350337,483775,8192,0.113165
350401,483980,8192,0.111732
350465,484437,8192,0.101509
350529,484459,8192,0.100959
350593,485244,8192,0.094796
350657,485213,8192,0.094417
350721,485118,8192,0.097428
350785,485259,8192,0.095354
350849,484680,8192,0.091832
350913,485653,8192,0.083184
350977,485359,8192,0.081580
351041,485505,8192,0.075646
351105,485585,8192,0.081788
351169,485715,8192,0.080603
351233,485573,8192,0.082092
351297,484822,8192,0.085281
351361,483929,8192,0.086078
351425,483644,8192,0.088086
351489,483572,8192,0.084899
351553,483928,8192,0.082010
351617,483460,8192,0.082602
351681,483508,8192,0.086566
351745,482945,8192,0.090972
351809,482975,8192,0.090228
351873,483646,8192,0.083994
351937,484483,8192,0.079284
352001,483787,8192,0.090319
352065,482863,8192,0.109536
352129,483114,8192,0.117519
352193,482884,8192,0.120817
352257,482456,8192,0.128087
352321,482386,8192,0.130873
352385,483009,8192,0.125826
352449,483026,8192,0.128169
352513,482985,8192,0.121037
352577,482300,8192,0.127571
352641,481911,8192,0.129763
352705,482431,8192,0.129613
352769,482740,8192,0.121501
352833,482619,8192,0.124674
352897,482217,8192,0.133074
352961,482678,8192,0.124481
353025,482728,8192,0.126525
353089,483418,8192,0.115906
353153,483002,8192,0.122163
353217,482975,8192,0.130011
353281,483956,8192,0.119511
353345,484692,8192,0.113481
353409,485276,8192,0.111009
353473,484707,8192,0.125445
353537,485016,8192,0.125618
353601,484456,8192,0.136787
353665,484813,8192,0.133753
353729,484816,8192,0.130335
353793,484433,8192,0.123930
353857,484518,8192,0.117624
353921,484945,8192,0.114430
353985,485467,8192,0.107188
354049,485894,8192,0.102080
354113,486719,8192,0.096840
354177,486552,8192,0.104097
354241,486743,8192,0.104398
354305,486214,8192,0.114653
354369,486239,8192,0.117270
354433,485247,8192,0.131047
354497,485757,8192,0.126990
354561,486443,8192,0.118995
354625,486223,8192,0.117803
354689,485443,8192,0.130605
354753,485271,8192,0.130314
354817,485570,8192,0.125003
354881,485512,8192,0.128446
354945,484690,8192,0.135990
355009,484968,8192,0.143301
355073,484904,8192,0.147897
355137,484631,8192,0.154784
355201,484959,8192,0.143433
355265,486095,8192,0.131852
355329,486235,8192,0.136090
355393,486531,8192,0.131646
355457,486776,8192,0.127955
355521,486295,8192,0.136476
355585,486339,8192,0.138538
355649,485996,8192,0.138755
355713,485221,8192,0.153631
355777,484848,8192,0.153664
355841,484653,8192,0.150417
355905,484663,8192,0.145358
355969,483949,8192,0.141775
356033,483096,8192,0.147845
356097,483116,8192,0.146784
356161,483144,8192,0.140984
356225,483170,8192,0.132939
356289,483841,8192,0.129767
356353,483079,8192,0.135064
356417,482218,8192,0.141066
356481,481551,8192,0.147172
356545,481977,8192,0.143105
356609,481410,8192,0.150264
356673,482217,8192,0.148501
356737,482692,8192,0.140976
356801,481971,8192,0.140702
356865,480937,8192,0.140973
356929,481538,8192,0.141750
356993,481115,8192,0.151806
357057,481691,8192,0.142439
357121,482009,8192,0.144312
357185,483090,8192,0.132916
357249,482318,8192,0.146233
357313,481985,8192,0.146311
357377,481858,8192,0.153714
357441,482694,8192,0.139832
357505,482404,8192,0.141607
357569,482423,8192,0.136979
357633,482800,8192,0.129503
357697,482870,8192,0.127114
357761,482724,8192,0.127001
357825,482309,8192,0.132277
357889,482522,8192,0.132678
357953,482817,8192,0.131392
358017,482463,8192,0.135731
358081,482101,8192,0.139373
358145,482605,8192,0.132146
358209,482154,8192,0.139129
358273,482678,8192,0.136581
358337,482642,8192,0.136460
358401,483358,8192,0.130319
358465,483045,8192,0.134228
358529,483030,8192,0.136244
358593,482737,8192,0.141578
358657,483544,8192,0.136662
358721,483748,8192,0.135003
358785,483232,8192,0.143830
358849,482297,8192,0.155210
358913,482223,8192,0.155925
358977,483002,8192,0.150035
359041,482906,8192,0.152202
359105,482948,8192,0.149119
359169,482994,8192,0.148083
359233,482666,8192,0.146938
359297,483171,8192,0.135871
359361,483427,8192,0.137527
359425,482974,8192,0.142414
359489,483624,8192,0.134494
359553,483783,8192,0.133054
359617,483613,8192,0.137989
359681,483628,8192,0.132594
359745,483671,8192,0.130208
359809,484555,8192,0.133894
359873,485485,8192,0.127466
359937,484793,8192,0.131527
360001,485204,8192,0.127119
360065,485091,8192,0.127964
360129,485008,8192,0.125131
360193,484955,8192,0.128307
360257,483942,8192,0.137762
360321,483876,8192,0.144442
360385,484566,8192,0.138006
360449,485120,8192,0.125432
360513,484927,8192,0.129131
