epoch,brotli_size,soup_size,higher_entropy
1,524289,8192,-0.000380
65,516646,8192,0.115065
129,511034,8192,0.198917
193,505091,8192,0.286625
257,500692,8192,0.349930
321,499765,8192,0.361429
385,498110,8192,0.383815
449,497040,8192,0.396488
513,495791,8192,0.410491
577,495679,8192,0.408333
641,497368,8192,0.377629
705,498244,8192,0.359594
769,498449,8192,0.351201
833,498484,8192,0.344424
897,497629,8192,0.351333
961,497186,8192,0.353792
1025,497607,8192,0.340015
1089,497625,8192,0.332740
1153,497011,8192,0.331793
1217,497506,8192,0.315729
1281,497963,8192,0.298497
1345,498793,8192,0.279247
1409,497857,8192,0.286282
1473,496503,8192,0.299928
1537,495918,8192,0.298303
1601,495799,8192,0.295780
1665,494916,8192,0.299840
1729,494693,8192,0.291914
1793,494717,8192,0.280878
1857,494964,8192,0.267342
1921,495212,8192,0.254712
1985,494714,8192,0.247212
2049,494079,8192,0.248200
2113,495011,8192,0.228777
2177,493765,8192,0.239135
2241,493750,8192,0.228743
2305,493781,8192,0.218824
2369,493232,8192,0.216882
2433,492663,8192,0.216377
2497,492891,8192,0.204893
2561,492678,8192,0.200463
2625,492836,8192,0.194115
2689,492456,8192,0.197585
2753,493082,8192,0.179729
2817,493446,8192,0.172625
2881,494694,8192,0.146893
2945,494002,8192,0.144651
3009,494584,8192,0.141125
3073,494979,8192,0.132170
3137,495027,8192,0.125176
3201,494325,8192,0.126823
3265,494526,8192,0.118932
3329,493938,8192,0.122305
3393,494647,8192,0.107933
3457,494645,8192,0.107920
3521,494433,8192,0.105340
3585,494550,8192,0.105911
3649,494343,8192,0.106354
3713,494724,8192,0.099158
3777,494015,8192,0.107607
3841,494680,8192,0.101751
3905,494625,8192,0.103179
3969,494252,8192,0.103909
4033,493300,8192,0.115358
4097,493496,8192,0.108315
4161,493644,8192,0.101582
4225,492482,8192,0.113541
4289,492486,8192,0.107053
4353,491868,8192,0.110234
4417,491699,8192,0.113557
4481,491570,8192,0.111259
4545,492313,8192,0.100476
4609,492426,8192,0.096436
4673,492911,8192,0.086098
4737,493249,8192,0.078864
4801,492432,8192,0.080681
4865,492549,8192,0.077087
4929,492599,8192,0.075190
4993,492722,8192,0.070709
5057,492491,8192,0.067949
5121,493000,8192,0.068923
5185,492855,8192,0.066969
5249,491877,8192,0.078049
5313,492130,8192,0.069574
5377,491297,8192,0.074245
5441,491626,8192,0.075595
5505,491527,8192,0.078795
5569,491201,8192,0.081256
5633,490695,8192,0.079737
5697,490557,8192,0.077692
5761,490267,8192,0.085668
5825,489592,8192,0.095604
5889,489342,8192,0.096270
5953,489360,8192,0.096808
6017,488580,8192,0.104110
6081,487868,8192,0.108242
6145,487290,8192,0.116574
6209,486941,8192,0.118603
6273,487806,8192,0.108942
6337,487749,8192,0.101975
6401,488041,8192,0.103707
6465,487044,8192,0.110435
6529,486808,8192,0.117776
6593,487078,8192,0.114291
6657,487930,8192,0.100362
6721,487433,8192,0.106570
6785,487373,8192,0.102929
6849,487678,8192,0.094881
6913,487525,8192,0.092957
6977,487234,8192,0.101623
7041,486597,8192,0.104551
7105,486751,8192,0.104960
7169,487311,8192,0.099703
7233,487262,8192,0.108388
7297,487188,8192,0.110614
7361,487956,8192,0.108896
7425,488171,8192,0.102690
7489,488501,8192,0.101185
7553,488750,8192,0.102703
7617,488758,8192,0.099605
7681,487736,8192,0.113842
7745,488126,8192,0.111522
7809,487858,8192,0.107131
7873,488346,8192,0.095429
7937,489039,8192,0.092901
8001,489502,8192,0.091978
8065,489729,8192,0.088844
8129,490397,8192,0.089150
8193,489585,8192,0.096743
8257,489499,8192,0.095725
8321,489429,8192,0.097013
8385,489731,8192,0.098260
8449,488510,8192,0.113313
8513,488668,8192,0.113669
8577,489997,8192,0.100664
8641,489063,8192,0.110090
8705,489767,8192,0.104999
8769,490228,8192,0.100900
8833,490766,8192,0.086215
8897,489763,8192,0.101133
8961,489353,8192,0.107980
9025,488627,8192,0.119835
9089,488191,8192,0.128302
9153,488932,8192,0.115090
9217,488416,8192,0.109742
9281,488278,8192,0.107422
9345,488458,8192,0.098222
9409,487960,8192,0.103483
9473,488012,8192,0.095711
9537,486797,8192,0.108696
9601,487470,8192,0.102354
9665,487286,8192,0.101584
9729,487221,8192,0.101012
9793,487794,8192,0.088095
9857,487758,8192,0.088205
9921,487302,8192,0.092674
9985,487631,8192,0.084380
10049,486826,8192,0.091256
10113,487496,8192,0.082379
10177,487014,8192,0.092166
10241,486873,8192,0.081751
10305,487426,8192,0.070434
10369,486578,8192,0.081179
10433,487570,8192,0.073908
10497,487737,8192,0.073843
10561,487380,8192,0.085913
10625,486798,8192,0.100893
10689,486255,8192,0.107773
10753,486461,8192,0.106742
10817,486285,8192,0.113070
10881,485903,8192,0.122433
10945,486505,8192,0.118362
11009,487072,8192,0.106379
11073,486570,8192,0.113431
11137,485880,8192,0.123590
11201,485199,8192,0.133149
11265,485759,8192,0.125207
11329,484628,8192,0.137894
11393,483656,8192,0.143738
11457,482711,8192,0.154688
11521,482425,8192,0.150328
11585,482147,8192,0.160444
11649,482964,8192,0.143957
11713,483488,8192,0.139030
11777,483071,8192,0.146861
11841,483730,8192,0.138758
11905,483198,8192,0.135571
11969,483761,8192,0.124202
12033,485091,8192,0.104901
12097,485171,8192,0.098102
12161,485695,8192,0.099894
12225,485651,8192,0.103717
12289,485516,8192,0.100923
12353,485830,8192,0.098272
12417,486280,8192,0.091384
12481,486337,8192,0.092435
12545,486659,8192,0.085157
12609,487131,8192,0.077230
12673,486848,8192,0.081095
12737,487281,8192,0.077285
12801,487280,8192,0.077470
12865,487074,8192,0.072189
12929,486083,8192,0.080415
12993,485439,8192,0.089004
13057,485707,8192,0.089999
13121,486169,8192,0.081815
13185,485868,8192,0.086654
13249,486354,8192,0.082924
13313,486487,8192,0.077375
13377,486492,8192,0.079775
13441,486897,8192,0.079675
13505,485591,8192,0.098244
13569,486045,8192,0.099447
13633,485221,8192,0.110452
13697,485304,8192,0.107532
13761,484757,8192,0.111099
13825,484453,8192,0.115024
13889,483775,8192,0.117851
13953,484098,8192,0.112038
14017,483782,8192,0.106134
14081,484387,8192,0.097956
14145,483824,8192,0.104951
14209,483746,8192,0.110919
14273,483882,8192,0.106961
14337,483446,8192,0.111227
14401,483826,8192,0.104056
14465,484769,8192,0.092162
14529,483972,8192,0.102236
14593,483825,8192,0.108140
14657,483280,8192,0.113401
14721,483492,8192,0.112535
14785,483321,8192,0.115453
14849,483885,8192,0.105189
14913,483732,8192,0.109928
14977,483648,8192,0.115431
15041,483130,8192,0.119807
15105,482088,8192,0.131412
15169,482559,8192,0.125075
15233,482657,8192,0.121364
15297,482684,8192,0.123466
15361,482562,8192,0.113730
15425,482271,8192,0.116765
15489,481415,8192,0.126580
15553,481111,8192,0.121336
15617,480047,8192,0.128665
15681,480667,8192,0.126711
15745,480426,8192,0.133603
15809,479898,8192,0.134692
15873,480860,8192,0.122117
15937,480622,8192,0.125504
16001,481036,8192,0.120158
16065,479963,8192,0.126413
16129,479380,8192,0.134100
16193,480274,8192,0.123961
16257,480428,8192,0.126267
16321,481673,8192,0.113751
16385,481142,8192,0.111511
16449,480312,8192,0.120942
16513,480101,8192,0.118142
16577,480317,8192,0.120964
16641,481011,8192,0.111447
16705,481720,8192,0.107005
16769,481061,8192,0.108610
16833,481361,8192,0.105478
16897,481790,8192,0.102780
16961,481791,8192,0.099709
17025,481424,8192,0.099742
17089,481563,8192,0.104720
17153,482066,8192,0.105516
17217,481393,8192,0.114491
17281,482520,8192,0.099299
17345,481635,8192,0.111748
17409,482643,8192,0.110303
17473,482978,8192,0.104264
17537,483113,8192,0.099471
17601,483216,8192,0.107318
17665,482282,8192,0.117487
17729,482466,8192,0.121868
17793,482896,8192,0.125815
17857,482588,8192,0.131855
17921,482594,8192,0.136944
17985,481884,8192,0.140654
18049,481449,8192,0.146728
18113,481641,8192,0.150890
18177,481838,8192,0.147116
18241,481600,8192,0.152288
18305,481771,8192,0.151547
18369,481663,8192,0.157167
18433,482002,8192,0.149703
18497,482827,8192,0.140247
18561,482713,8192,0.140376
18625,481934,8192,0.144689
18689,482956,8192,0.135398
18753,482235,8192,0.147030
18817,481926,8192,0.153667
18881,482325,8192,0.138974
18945,482332,8192,0.140140
19009,481706,8192,0.146586
19073,482155,8192,0.148021
19137,482157,8192,0.147078
19201,482904,8192,0.135593
19265,482688,8192,0.142272
19329,482219,8192,0.147140
19393,481623,8192,0.152675
19457,481308,8192,0.159757
19521,481707,8192,0.148414
19585,483494,8192,0.133740
19649,483416,8192,0.138146
19713,483523,8192,0.136709
19777,484287,8192,0.129042
19841,484170,8192,0.125129
19905,483581,8192,0.125348
19969,483313,8192,0.133722
20033,483817,8192,0.127663
20097,483836,8192,0.136612
20161,484367,8192,0.133555
20225,484606,8192,0.130162
20289,484413,8192,0.132676
20353,483633,8192,0.143629
20417,483222,8192,0.151181
20481,482537,8192,0.153346
20545,481414,8192,0.163914
20609,482007,8192,0.157733
20673,481853,8192,0.159915
20737,481448,8192,0.165792
20801,480851,8192,0.166775
20865,479611,8192,0.176482
20929,481001,8192,0.155602
20993,481408,8192,0.150693
21057,480732,8192,0.159864
21121,481533,8192,0.149535
21185,481467,8192,0.146082
21249,482849,8192,0.129709
21313,482908,8192,0.127935
21377,482676,8192,0.126875
21441,482731,8192,0.127659
21505,482475,8192,0.130415
21569,482316,8192,0.132599
21633,481712,8192,0.136768
21697,481810,8192,0.143366
21761,481564,8192,0.150191
21825,480205,8192,0.161452
21889,479655,8192,0.169630
21953,480212,8192,0.160734
22017,480642,8192,0.160548
22081,480476,8192,0.158845
22145,480771,8192,0.156893
22209,481657,8192,0.147623
22273,482268,8192,0.143293
22337,481656,8192,0.151524
22401,481974,8192,0.137312
22465,483293,8192,0.121268
22529,482631,8192,0.127929
22593,483194,8192,0.124263
22657,483760,8192,0.115982
22721,483654,8192,0.119380
22785,483549,8192,0.123989
22849,483258,8192,0.127820
22913,482727,8192,0.133691
22977,483013,8192,0.131716
23041,483200,8192,0.123350
23105,483983,8192,0.117704
23169,483674,8192,0.117964
23233,483267,8192,0.126288
23297,484587,8192,0.116070
23361,484291,8192,0.124565
23425,483820,8192,0.126031
23489,484411,8192,0.126450
23553,484496,8192,0.127803
23617,485259,8192,0.128815
23681,485302,8192,0.126859
23745,485619,8192,0.126961
23809,486781,8192,0.114869
23873,485998,8192,0.122212
23937,486117,8192,0.125039
24001,485435,8192,0.129285
24065,485042,8192,0.129577
24129,484640,8192,0.134258
24193,484183,8192,0.140112
24257,483529,8192,0.146872
24321,484473,8192,0.140425
24385,483218,8192,0.153303
24449,483997,8192,0.142437
24513,483158,8192,0.153559
24577,483066,8192,0.151543
24641,482883,8192,0.151509
24705,483760,8192,0.141755
24769,483627,8192,0.140148
24833,483075,8192,0.145939
24897,483200,8192,0.142307
24961,483337,8192,0.138624
25025,483791,8192,0.133987
25089,482661,8192,0.148324
25153,482218,8192,0.149446
25217,482658,8192,0.145039
25281,483795,8192,0.140710
25345,483738,8192,0.141200
25409,483842,8192,0.139382
25473,484359,8192,0.126653
25537,483963,8192,0.134126
25601,483322,8192,0.136116
25665,483083,8192,0.133695
25729,483444,8192,0.120589
25793,483401,8192,0.119431
25857,482657,8192,0.121401
25921,483241,8192,0.121975
25985,483708,8192,0.119373
26049,482984,8192,0.126597
26113,483391,8192,0.125011
26177,483490,8192,0.123003
26241,483916,8192,0.112565
26305,483990,8192,0.120200
26369,484031,8192,0.122721
26433,483635,8192,0.130459
26497,483334,8192,0.131910
26561,483216,8192,0.137353
26625,483181,8192,0.143018
26689,482352,8192,0.153706
26753,482292,8192,0.149731
26817,482489,8192,0.150169
26881,483238,8192,0.143953
26945,483248,8192,0.140222
27009,483138,8192,0.140004
27073,483519,8192,0.138631
27137,483739,8192,0.135740
27201,484721,8192,0.120942
27265,484763,8192,0.119382
27329,484897,8192,0.117270
27393,484048,8192,0.119278
27457,483836,8192,0.121383
27521,483630,8192,0.125484
27585,483162,8192,0.132639
27649,483372,8192,0.132365
27713,483676,8192,0.127473
27777,485050,8192,0.112770
27841,484634,8192,0.114083
27905,485537,8192,0.103842
27969,485353,8192,0.110834
28033,485507,8192,0.107419
28097,485106,8192,0.105916
28161,485393,8192,0.102094
28225,484534,8192,0.105152
28289,483657,8192,0.115874
28353,483462,8192,0.117691
28417,483359,8192,0.125770
28481,483965,8192,0.118438
28545,483799,8192,0.117208
28609,483502,8192,0.125325
28673,483292,8192,0.129162
28737,482527,8192,0.136637
28801,482190,8192,0.136692
28865,481623,8192,0.143269
28929,480694,8192,0.152370
28993,480293,8192,0.160036
29057,479806,8192,0.165526
29121,479348,8192,0.174293
29185,479741,8192,0.166122
29249,478986,8192,0.177284
29313,478890,8192,0.179348
29377,479723,8192,0.168287
29441,479809,8192,0.157780
29505,479765,8192,0.148616
29569,479185,8192,0.148753
29633,478359,8192,0.157242
29697,478271,8192,0.156683
29761,478228,8192,0.154842
29825,479100,8192,0.146620
29889,480013,8192,0.137047
29953,479659,8192,0.148048
30017,479730,8192,0.144147
30081,481062,8192,0.131855
30145,480713,8192,0.136478
30209,481435,8192,0.130331
30273,481510,8192,0.124799
30337,481974,8192,0.123008
30401,481126,8192,0.130416
30465,480590,8192,0.135634
30529,480131,8192,0.134260
30593,480211,8192,0.133408
30657,480557,8192,0.132737
30721,480612,8192,0.131366
30785,481013,8192,0.125613
30849,481494,8192,0.120207
30913,481661,8192,0.118281
30977,482655,8192,0.107458
31041,482664,8192,0.110025
31105,482666,8192,0.105767
31169,482502,8192,0.110222
31233,481527,8192,0.128966
31297,480411,8192,0.134260
31361,480506,8192,0.132315
31425,479952,8192,0.138724
31489,479135,8192,0.141012
31553,479743,8192,0.138859
31617,480158,8192,0.130923
31681,479279,8192,0.142946
31745,479702,8192,0.133294
31809,478974,8192,0.132013
31873,479797,8192,0.122164
31937,479342,8192,0.127648
32001,479315,8192,0.123816
32065,479822,8192,0.120570
32129,480423,8192,0.112862
32193,480245,8192,0.113316
32257,481084,8192,0.103938
32321,481887,8192,0.092179
32385,481746,8192,0.090646
32449,481590,8192,0.093330
32513,482175,8192,0.092955
32577,481238,8192,0.101646
32641,482032,8192,0.102795
32705,481849,8192,0.110334
32769,481116,8192,0.125999
32833,481673,8192,0.123034
32897,481040,8192,0.139603
32961,481729,8192,0.130334
33025,482101,8192,0.128405
33089,482063,8192,0.127673
33153,482670,8192,0.122638
33217,483808,8192,0.110362
33281,482624,8192,0.128660
33345,481946,8192,0.137899
33409,481948,8192,0.132162
33473,482106,8192,0.138060
33537,481768,8192,0.145194
33601,482156,8192,0.143892
33665,482677,8192,0.135907
33729,483020,8192,0.131260
33793,483029,8192,0.132421
33857,482700,8192,0.130692
33921,482598,8192,0.129287
33985,483280,8192,0.125665
34049,483225,8192,0.124732
34113,483888,8192,0.116285
34177,484008,8192,0.121294
34241,483812,8192,0.123383
34305,483389,8192,0.124192
34369,483269,8192,0.122637
34433,482872,8192,0.121246
34497,482580,8192,0.121235
34561,482847,8192,0.120186
34625,482861,8192,0.115418
34689,482724,8192,0.119075
34753,482727,8192,0.122967
34817,483308,8192,0.117046
34881,483809,8192,0.114193
34945,483269,8192,0.116433
35009,482716,8192,0.112191
35073,483015,8192,0.104125
35137,482811,8192,0.104002
35201,482764,8192,0.110597
35265,482564,8192,0.114528
35329,483090,8192,0.108169
35393,482350,8192,0.113821
35457,481893,8192,0.120588
35521,482438,8192,0.116715
35585,482331,8192,0.121485
35649,482644,8192,0.124275
35713,482565,8192,0.129776
35777,482357,8192,0.127350
35841,483671,8192,0.117795
35905,484247,8192,0.113324
35969,484411,8192,0.115120
36033,484237,8192,0.115498
36097,484831,8192,0.118212
36161,484315,8192,0.128167
36225,484966,8192,0.124895
36289,485257,8192,0.121104
36353,484749,8192,0.122200
36417,484969,8192,0.122308
36481,484785,8192,0.127642
36545,484884,8192,0.130314
36609,486059,8192,0.119796
36673,484482,8192,0.127514
36737,483980,8192,0.129320
36801,484181,8192,0.127753
36865,484464,8192,0.125868
36929,484060,8192,0.134930
36993,483744,8192,0.143745
37057,483588,8192,0.145585
37121,483610,8192,0.140870
37185,484082,8192,0.129232
37249,484139,8192,0.122753
37313,483374,8192,0.128477
37377,483886,8192,0.113046
37441,483768,8192,0.116784
37505,484032,8192,0.119498
37569,484376,8192,0.113125
37633,484575,8192,0.110730
37697,483278,8192,0.129652
37761,481633,8192,0.153856
37825,481847,8192,0.145545
37889,481524,8192,0.152023
37953,482979,8192,0.139122
38017,482733,8192,0.150233
38081,482806,8192,0.153101
38145,482394,8192,0.156474
38209,483443,8192,0.139203
38273,482652,8192,0.153846
38337,483511,8192,0.142909
38401,483176,8192,0.142673
38465,482154,8192,0.150131
38529,481340,8192,0.165554
38593,481749,8192,0.160470
38657,481823,8192,0.161398
38721,481927,8192,0.150085
38785,480135,8192,0.168502
38849,480085,8192,0.164391
38913,479792,8192,0.169706
38977,480129,8192,0.156814
39041,480267,8192,0.159441
39105,481379,8192,0.139800
39169,482383,8192,0.128844
39233,482757,8192,0.127299
39297,482222,8192,0.133210
39361,482790,8192,0.125094
39425,482566,8192,0.124928
39489,482259,8192,0.130215
39553,482153,8192,0.131006
39617,482357,8192,0.131889
39681,482485,8192,0.128444
39745,483079,8192,0.125057
39809,483129,8192,0.118971
39873,483474,8192,0.122952
39937,483368,8192,0.125317
40001,483774,8192,0.127247
40065,483496,8192,0.128046
40129,482851,8192,0.137887
40193,481678,8192,0.146148
40257,482200,8192,0.138515
40321,482218,8192,0.135028
40385,482142,8192,0.132749
40449,482391,8192,0.128212
40513,482718,8192,0.124457
40577,481565,8192,0.132500
40641,481944,8192,0.132134
40705,481205,8192,0.133284
40769,481128,8192,0.135075
40833,482427,8192,0.122262
40897,482721,8192,0.120301
40961,481652,8192,0.127014
41025,481930,8192,0.124336
41089,483146,8192,0.107133
41153,483726,8192,0.100452
41217,484243,8192,0.096904
41281,484296,8192,0.098759
41345,484299,8192,0.097375
41409,484054,8192,0.099952
41473,483580,8192,0.104587
41537,484156,8192,0.098506
41601,483068,8192,0.108665
41665,482521,8192,0.109208
41729,482680,8192,0.107409
41793,482009,8192,0.109192
41857,482335,8192,0.102413
41921,481893,8192,0.105121
41985,482486,8192,0.101569
42049,482737,8192,0.086362
42113,481788,8192,0.091158
42177,481836,8192,0.081616
42241,481105,8192,0.089460
42305,481109,8192,0.092827
42369,482177,8192,0.085607
42433,481909,8192,0.099508
42497,482153,8192,0.098143
42561,481361,8192,0.101520
42625,481967,8192,0.093736
42689,481518,8192,0.094434
42753,481957,8192,0.091814
42817,482704,8192,0.089813
42881,482539,8192,0.098206
42945,481919,8192,0.101692
43009,481828,8192,0.104142
43073,481344,8192,0.105724
43137,481726,8192,0.102071
43201,481703,8192,0.100481
43265,481483,8192,0.099329
43329,480996,8192,0.098855
43393,481407,8192,0.097549
43457,482060,8192,0.090806
43521,482182,8192,0.092524
43585,482634,8192,0.085300
43649,482978,8192,0.080925
43713,483050,8192,0.086596
43777,482563,8192,0.088455
43841,481950,8192,0.086620
43905,483110,8192,0.072470
43969,483735,8192,0.070305
44033,483806,8192,0.071536
44097,484688,8192,0.064245
44161,485062,8192,0.065174
44225,484318,8192,0.083361
44289,483728,8192,0.097196
44353,483537,8192,0.104522
44417,483943,8192,0.104325
44481,482665,8192,0.117367
44545,483016,8192,0.116671
44609,482921,8192,0.120513
44673,481915,8192,0.124677
44737,481789,8192,0.126142
44801,482187,8192,0.126447
44865,481819,8192,0.131819
44929,481166,8192,0.141841
44993,480236,8192,0.146714
45057,480212,8192,0.144272
45121,480849,8192,0.138940
45185,480374,8192,0.150578
45249,480610,8192,0.152312
45313,480579,8192,0.142607
45377,481389,8192,0.140690
45441,481648,8192,0.142108
45505,480598,8192,0.143653
45569,479528,8192,0.156996
45633,479536,8192,0.150618
45697,479531,8192,0.145101
45761,480647,8192,0.135732
45825,480357,8192,0.140400
45889,481438,8192,0.124469
45953,481203,8192,0.128606
46017,481047,8192,0.132606
46081,480712,8192,0.147229
46145,481445,8192,0.143785
46209,481735,8192,0.139093
46273,481004,8192,0.144695
46337,480630,8192,0.145577
46401,480326,8192,0.153567
46465,480547,8192,0.151892
46529,480812,8192,0.156829
46593,480345,8192,0.167791
46657,481012,8192,0.160383
46721,481191,8192,0.162367
46785,481082,8192,0.156781
46849,481551,8192,0.152687
46913,480876,8192,0.161161
46977,480476,8192,0.163795
47041,479651,8192,0.166793
47105,480242,8192,0.160105
47169,481399,8192,0.147818
47233,481625,8192,0.144883
47297,481104,8192,0.152285
47361,481522,8192,0.146496
47425,481195,8192,0.151339
47489,481436,8192,0.155445
47553,481824,8192,0.152340
47617,480414,8192,0.166194
47681,480072,8192,0.171039
47745,479431,8192,0.173449
47809,479220,8192,0.181291
47873,480702,8192,0.162355
47937,480832,8192,0.164842
48001,480803,8192,0.167959
48065,480766,8192,0.166583
48129,480569,8192,0.167264
48193,480179,8192,0.166491
48257,479594,8192,0.169891
48321,478932,8192,0.174471
48385,478821,8192,0.172637
48449,479107,8192,0.158437
48513,479590,8192,0.146860
48577,480536,8192,0.141307
48641,480692,8192,0.144949
48705,480667,8192,0.142231
48769,480929,8192,0.148404
48833,481604,8192,0.150664
48897,482588,8192,0.135622
48961,482199,8192,0.143215
49025,482352,8192,0.140463
49089,482992,8192,0.136739
49153,482604,8192,0.132287
49217,483430,8192,0.124176
49281,483715,8192,0.123322
49345,482846,8192,0.137319
49409,482078,8192,0.150241
49473,482438,8192,0.143395
49537,481455,8192,0.164078
49601,480758,8192,0.167653
49665,480401,8192,0.168387
49729,480727,8192,0.166375
49793,480925,8192,0.160029
49857,480529,8192,0.164220
49921,480659,8192,0.168777
49985,480505,8192,0.162342
50049,481051,8192,0.156666
50113,480197,8192,0.157770
50177,480582,8192,0.151790
50241,481474,8192,0.145869
50305,481750,8192,0.138948
50369,481716,8192,0.140638
50433,481511,8192,0.135794
50497,482225,8192,0.133880
50561,482482,8192,0.128478
50625,482590,8192,0.123626
50689,483133,8192,0.120793
50753,482828,8192,0.120553
50817,481874,8192,0.133374
50881,481503,8192,0.138908
50945,481006,8192,0.141779
51009,481986,8192,0.132120
51073,481905,8192,0.135615
51137,482430,8192,0.126734
51201,482964,8192,0.119092
51265,481846,8192,0.131256
51329,481416,8192,0.132754
51393,479734,8192,0.144916
51457,478985,8192,0.148928
51521,479199,8192,0.145511
51585,479903,8192,0.142078
51649,480965,8192,0.135338
51713,481840,8192,0.122993
51777,481656,8192,0.120864
51841,481628,8192,0.123920
51905,482380,8192,0.113895
51969,482712,8192,0.116027
52033,483397,8192,0.110043
52097,484032,8192,0.099989
52161,484318,8192,0.100853
52225,483443,8192,0.110374
52289,482500,8192,0.117931
52353,482456,8192,0.120663
52417,483314,8192,0.110852
52481,483262,8192,0.115712
52545,483105,8192,0.118173
52609,484231,8192,0.106123
52673,485152,8192,0.097780
52737,485309,8192,0.098329
52801,485017,8192,0.107962
52865,485688,8192,0.098414
52929,485381,8192,0.103386
52993,485731,8192,0.098336
53057,486163,8192,0.098648
53121,486302,8192,0.103708
53185,486518,8192,0.107397
53249,487415,8192,0.101318
53313,487196,8192,0.103253
53377,486833,8192,0.107387
53441,485460,8192,0.122554
53505,484861,8192,0.124123
53569,483774,8192,0.140350
53633,483648,8192,0.143425
53697,484160,8192,0.142143
53761,483967,8192,0.142644
53825,483643,8192,0.146908
53889,482816,8192,0.155716
53953,482336,8192,0.159357
54017,480648,8192,0.174441
54081,480904,8192,0.166591
54145,480962,8192,0.165075
54209,481169,8192,0.163786
54273,482032,8192,0.151501
54337,480898,8192,0.159900
54401,480965,8192,0.154809
54465,482358,8192,0.136300
54529,482350,8192,0.138620
54593,483210,8192,0.124670
54657,483479,8192,0.119008
54721,483710,8192,0.113950
54785,483608,8192,0.109715
54849,484481,8192,0.102632
54913,485272,8192,0.091591
54977,486050,8192,0.086550
55041,485755,8192,0.090921
55105,485832,8192,0.094279
55169,485310,8192,0.102778
55233,484831,8192,0.105066
55297,485143,8192,0.102231
55361,483705,8192,0.118659
55425,483472,8192,0.125614
55489,484137,8192,0.124655
55553,484692,8192,0.126743
55617,484745,8192,0.128785
55681,484071,8192,0.132185
55745,483897,8192,0.137077
55809,483977,8192,0.136261
55873,483848,8192,0.131362
55937,484341,8192,0.122230
56001,484047,8192,0.125313
56065,483097,8192,0.132867
56129,482647,8192,0.135796
56193,483503,8192,0.122827
56257,482769,8192,0.135705
56321,483125,8192,0.128448
56385,482403,8192,0.139876
56449,481921,8192,0.147213
56513,482057,8192,0.147337
56577,482074,8192,0.152118
56641,482434,8192,0.156877
56705,482444,8192,0.149581
56769,482195,8192,0.150651
56833,481529,8192,0.156415
56897,480606,8192,0.163503
56961,481391,8192,0.154931
57025,481038,8192,0.156225
57089,480770,8192,0.156352
57153,480950,8192,0.150592
57217,480205,8192,0.154610
57281,479772,8192,0.163119
57345,479256,8192,0.163946
57409,479207,8192,0.154987
57473,479708,8192,0.144944
57537,478568,8192,0.156595
57601,478654,8192,0.149903
57665,478682,8192,0.142324
57729,478142,8192,0.149266
57793,478333,8192,0.151939
57857,478143,8192,0.146934
57921,479160,8192,0.138843
57985,480383,8192,0.131180
58049,480133,8192,0.143087
58113,480396,8192,0.145307
58177,480730,8192,0.145808
58241,481081,8192,0.144379
58305,481736,8192,0.137151
58369,481745,8192,0.136944
58433,482450,8192,0.129618
58497,481862,8192,0.146507
58561,481923,8192,0.136733
58625,481585,8192,0.139475
58689,480813,8192,0.147594
58753,480420,8192,0.155254
58817,479359,8192,0.167743
58881,479558,8192,0.172533
58945,479947,8192,0.169395
59009,480927,8192,0.159929
59073,481509,8192,0.156948
59137,480888,8192,0.162857
59201,482311,8192,0.145570
59265,483012,8192,0.144300
59329,482134,8192,0.154287
59393,482383,8192,0.145903
59457,482667,8192,0.148017
59521,482736,8192,0.144251
59585,482173,8192,0.146635
59649,482782,8192,0.141836
59713,483448,8192,0.137714
59777,483757,8192,0.133728
59841,483369,8192,0.141658
59905,483090,8192,0.144464
59969,483557,8192,0.146489
60033,483119,8192,0.153883
60097,484298,8192,0.135907
60161,484941,8192,0.134777
60225,484983,8192,0.137006
60289,484584,8192,0.140522
60353,484439,8192,0.136814
60417,484679,8192,0.130671
60481,484955,8192,0.134508
60545,485388,8192,0.129704
60609,486584,8192,0.123373
60673,485936,8192,0.129865
60737,486907,8192,0.114680
60801,486523,8192,0.116227
60865,486910,8192,0.110485
60929,487436,8192,0.108457
60993,486372,8192,0.116592
61057,485681,8192,0.125837
61121,485987,8192,0.120573
61185,486000,8192,0.124972
61249,485426,8192,0.130601
61313,486018,8192,0.119595
61377,486342,8192,0.113872
61441,485229,8192,0.125183
61505,483999,8192,0.137238
61569,484278,8192,0.143697
61633,483507,8192,0.157673
61697,483653,8192,0.154120
61761,484382,8192,0.147885
61825,484183,8192,0.156808
61889,484532,8192,0.148986
61953,483906,8192,0.147066
62017,483656,8192,0.149469
62081,483191,8192,0.156553
62145,484596,8192,0.142218
62209,485151,8192,0.133837
62273,484824,8192,0.134845
62337,484097,8192,0.135676
62401,483727,8192,0.134838
62465,483357,8192,0.128367
62529,482732,8192,0.130507
62593,482944,8192,0.121971
62657,483219,8192,0.115869
62721,483015,8192,0.108461
62785,481664,8192,0.130132
62849,482037,8192,0.125243
62913,481262,8192,0.134600
62977,480834,8192,0.136566
63041,481731,8192,0.122557
63105,482035,8192,0.115715
63169,481448,8192,0.121861
63233,481483,8192,0.115436
63297,481793,8192,0.115914
63361,482245,8192,0.107821
63425,482796,8192,0.108268
63489,482117,8192,0.120994
63553,482233,8192,0.117516
63617,482667,8192,0.110384
63681,481941,8192,0.112672
63745,480756,8192,0.129187
63809,480578,8192,0.133986
63873,480268,8192,0.135809
63937,481743,8192,0.119310
64001,481838,8192,0.123522
64065,481881,8192,0.121432
64129,482102,8192,0.122888
64193,479833,8192,0.139095
64257,480378,8192,0.136887
64321,480911,8192,0.125324
64385,480778,8192,0.124123
64449,480076,8192,0.132294
64513,480668,8192,0.130576
64577,480967,8192,0.133579
64641,480856,8192,0.128025
64705,481539,8192,0.126602
64769,482115,8192,0.121559
64833,482144,8192,0.121830
64897,481469,8192,0.121562
64961,481255,8192,0.123720
65025,481074,8192,0.120802
65089,481201,8192,0.118113
65153,481959,8192,0.112483
65217,482470,8192,0.108729
65281,481893,8192,0.110813
65345,482359,8192,0.108770
65409,482559,8192,0.100985
65473,482623,8192,0.098334
65537,482834,8192,0.090187
65601,481631,8192,0.101633
65665,481453,8192,0.104403
65729,481937,8192,0.097056
65793,482385,8192,0.092456
65857,483178,8192,0.090744
65921,482623,8192,0.091041
65985,483324,8192,0.082232
66049,483164,8192,0.085812
66113,483234,8192,0.082847
66177,483941,8192,0.070812
66241,484283,8192,0.069555
66305,484781,8192,0.069769
66369,485128,8192,0.068324
66433,485148,8192,0.072629
66497,485347,8192,0.069247
66561,485549,8192,0.059830
66625,485925,8192,0.058785
66689,485891,8192,0.057986
66753,485492,8192,0.062665
66817,485232,8192,0.067223
66881,485983,8192,0.063779
66945,485712,8192,0.069621
67009,485581,8192,0.075065
67073,485658,8192,0.076508
67137,484417,8192,0.095177
67201,484640,8192,0.092267
67265,484103,8192,0.100361
67329,484328,8192,0.097228
67393,484651,8192,0.097043
67457,485222,8192,0.093618
67521,485145,8192,0.098837
67585,485259,8192,0.089618
67649,485056,8192,0.096059
67713,485720,8192,0.095933
67777,484855,8192,0.110052
67841,484214,8192,0.112720
67905,483929,8192,0.110574
67969,483440,8192,0.114931
68033,483977,8192,0.109716
68097,485233,8192,0.101527
68161,485743,8192,0.104141
68225,485416,8192,0.109808
68289,485645,8192,0.107943
68353,484285,8192,0.124143
68417,484976,8192,0.122136
68481,485352,8192,0.125095
68545,484539,8192,0.130698
68609,484697,8192,0.131742
68673,484679,8192,0.132534
68737,485234,8192,0.120924
68801,484479,8192,0.129499
68865,484753,8192,0.127633
68929,485287,8192,0.116567
68993,485237,8192,0.118936
69057,484614,8192,0.119836
69121,484576,8192,0.117900
69185,484760,8192,0.117314
69249,483661,8192,0.131770
69313,483608,8192,0.125336
69377,483406,8192,0.119784
69441,483410,8192,0.118728
69505,482441,8192,0.134119
69569,481963,8192,0.132445
69633,481595,8192,0.135189
69697,481950,8192,0.131885
69761,481755,8192,0.134668
69825,481827,8192,0.139536
69889,482517,8192,0.131441
69953,482687,8192,0.130373
70017,482744,8192,0.131039
70081,482155,8192,0.142195
70145,482035,8192,0.144351
70209,482582,8192,0.142359
70273,482576,8192,0.144373
70337,481957,8192,0.148099
70401,482342,8192,0.145167
70465,482196,8192,0.147591
70529,481940,8192,0.146291
70593,482158,8192,0.139959
70657,481925,8192,0.138201
70721,481842,8192,0.138678
70785,480832,8192,0.142261
70849,480803,8192,0.147595
70913,481037,8192,0.145555
70977,480376,8192,0.153634
71041,480530,8192,0.149448
71105,481115,8192,0.138113
71169,480103,8192,0.153595
71233,479932,8192,0.149387
71297,480532,8192,0.141894
71361,480779,8192,0.142061
71425,480735,8192,0.141323
71489,480260,8192,0.147434
71553,480129,8192,0.154543
71617,479755,8192,0.164945
71681,479045,8192,0.170284
71745,478806,8192,0.162294
71809,479063,8192,0.162975
71873,478218,8192,0.167631
71937,477494,8192,0.176763
72001,477583,8192,0.169216
72065,478458,8192,0.163180
72129,478335,8192,0.160263
72193,478428,8192,0.161499
72257,478754,8192,0.159116
72321,479739,8192,0.147093
72385,480219,8192,0.132826
72449,480283,8192,0.122621
72513,479713,8192,0.134794
72577,478507,8192,0.156984
72641,478197,8192,0.160240
72705,478534,8192,0.150833
72769,478695,8192,0.151613
72833,478734,8192,0.146592
72897,479314,8192,0.143833
72961,479687,8192,0.142206
73025,479377,8192,0.147866
73089,479595,8192,0.141272
73153,480154,8192,0.134965
73217,480504,8192,0.135432
73281,480679,8192,0.135875
73345,481367,8192,0.134013
73409,482229,8192,0.125680
73473,482720,8192,0.120219
73537,483070,8192,0.111632
73601,483360,8192,0.111192
73665,482745,8192,0.116194
73729,483194,8192,0.109696
73793,483980,8192,0.098051
73857,482836,8192,0.106211
73921,483105,8192,0.103535
73985,482885,8192,0.105762
74049,483656,8192,0.094793
74113,483420,8192,0.102573
74177,483695,8192,0.094149
74241,484302,8192,0.092003
74305,485392,8192,0.081231
74369,485534,8192,0.082060
74433,484571,8192,0.095791
74497,484040,8192,0.106945
74561,483795,8192,0.107409
74625,484077,8192,0.098467
74689,484245,8192,0.098915
74753,484676,8192,0.094990
74817,484834,8192,0.101736
74881,484961,8192,0.104246
74945,483650,8192,0.122558
75009,482720,8192,0.134127
75073,482647,8192,0.130368
75137,482917,8192,0.123035
75201,482962,8192,0.114299
75265,482267,8192,0.115791
75329,482784,8192,0.112059
75393,481589,8192,0.120616
75457,481667,8192,0.128092
75521,481140,8192,0.133869
75585,480978,8192,0.130680
75649,480396,8192,0.141743
75713,480705,8192,0.138802
75777,480225,8192,0.143080
75841,480172,8192,0.144176
75905,480153,8192,0.151546
75969,480799,8192,0.149032
76033,480307,8192,0.158972
76097,480297,8192,0.159323
76161,479148,8192,0.170249
76225,479070,8192,0.164648
76289,479979,8192,0.153215
76353,479781,8192,0.153884
76417,479314,8192,0.154575
76481,479914,8192,0.150068
76545,480337,8192,0.151239
76609,480706,8192,0.145659
76673,480834,8192,0.143368
76737,481661,8192,0.139593
76801,480983,8192,0.147169
76865,482367,8192,0.138507
76929,482878,8192,0.136155
76993,482784,8192,0.139816
77057,481978,8192,0.142132
77121,481679,8192,0.149272
77185,481457,8192,0.154991
77249,481530,8192,0.149431
77313,481690,8192,0.152537
77377,482102,8192,0.148814
77441,483078,8192,0.139730
77505,482614,8192,0.149489
77569,481471,8192,0.164365
77633,480732,8192,0.170899
77697,480291,8192,0.174655
77761,480634,8192,0.169358
77825,479907,8192,0.168371
77889,479763,8192,0.166172
77953,479053,8192,0.166029
78017,478645,8192,0.171085
78081,479160,8192,0.171912
78145,478687,8192,0.170123
78209,478601,8192,0.175130
78273,478041,8192,0.174366
78337,479071,8192,0.156053
78401,478723,8192,0.159376
78465,478764,8192,0.157387
78529,478553,8192,0.162836
78593,478916,8192,0.164175
78657,478876,8192,0.166767
78721,479061,8192,0.164877
78785,479389,8192,0.155922
78849,479798,8192,0.147126
78913,480156,8192,0.139974
78977,480282,8192,0.135303
79041,480577,8192,0.128065
79105,480134,8192,0.128426
79169,480665,8192,0.122352
79233,481504,8192,0.118884
79297,480851,8192,0.124542
79361,480388,8192,0.128418
79425,480402,8192,0.133468
79489,481385,8192,0.128671
79553,480940,8192,0.133036
79617,481488,8192,0.132248
79681,482059,8192,0.132097
79745,481793,8192,0.133908
79809,482231,8192,0.132348
79873,482045,8192,0.138405
79937,482335,8192,0.137731
80001,482517,8192,0.134980
80065,482999,8192,0.130626
80129,483126,8192,0.128346
80193,483267,8192,0.134793
80257,482995,8192,0.136910
80321,482611,8192,0.136715
80385,482507,8192,0.138473
80449,482621,8192,0.135421
80513,482870,8192,0.127177
80577,483369,8192,0.127290
80641,483601,8192,0.130391
80705,483423,8192,0.135602
80769,483946,8192,0.132584
80833,484523,8192,0.128080
80897,484079,8192,0.134933
80961,483400,8192,0.151209
81025,482548,8192,0.164570
81089,481475,8192,0.183395
81153,481538,8192,0.184046
81217,482332,8192,0.171333
81281,481825,8192,0.171868
81345,481972,8192,0.170521
81409,481879,8192,0.181531
81473,481594,8192,0.187281
81537,482529,8192,0.177263
81601,481396,8192,0.187782
81665,481247,8192,0.188957
81729,480457,8192,0.196989
81793,480401,8192,0.190324
81857,480121,8192,0.188696
81921,480225,8192,0.190540
81985,480885,8192,0.181811
82049,480672,8192,0.177883
82113,480762,8192,0.175264
82177,481199,8192,0.173342
82241,481741,8192,0.167136
82305,481631,8192,0.167971
82369,481784,8192,0.165126
82433,481241,8192,0.166198
82497,481583,8192,0.160459
82561,481154,8192,0.161673
82625,481729,8192,0.151861
82689,482343,8192,0.140804
82753,482503,8192,0.135331
82817,482563,8192,0.130917
82881,482427,8192,0.128772
82945,482489,8192,0.129491
83009,482346,8192,0.128271
83073,481456,8192,0.129765
83137,481320,8192,0.123526
83201,481305,8192,0.118978
83265,481932,8192,0.111051
83329,481257,8192,0.123307
83393,481918,8192,0.118508
83457,482201,8192,0.121396
83521,482014,8192,0.127348
83585,482881,8192,0.120835
83649,482200,8192,0.132694
83713,481794,8192,0.141935
83777,481185,8192,0.152458
83841,481773,8192,0.147755
83905,481453,8192,0.147902
83969,481405,8192,0.145744
84033,481990,8192,0.136898
84097,481761,8192,0.138161
84161,481810,8192,0.137841
84225,481814,8192,0.138420
84289,481995,8192,0.135907
84353,482446,8192,0.130782
84417,483423,8192,0.121212
84481,483559,8192,0.115640
84545,483407,8192,0.115230
84609,483718,8192,0.117324
84673,483147,8192,0.123227
84737,483868,8192,0.114385
84801,483169,8192,0.121258
84865,484243,8192,0.112956
84929,484177,8192,0.116491
84993,483374,8192,0.125699
85057,483097,8192,0.130919
85121,483436,8192,0.129149
85185,483490,8192,0.131093
85249,482667,8192,0.145645
85313,482656,8192,0.147918
85377,481898,8192,0.158658
85441,481522,8192,0.160110
85505,481684,8192,0.158465
85569,481170,8192,0.154981
85633,481298,8192,0.154212
85697,481776,8192,0.143265
85761,481980,8192,0.135625
85825,481543,8192,0.140264
85889,481670,8192,0.138687
85953,482594,8192,0.130905
86017,482385,8192,0.127685
86081,483089,8192,0.120841
86145,483517,8192,0.119556
86209,483484,8192,0.127622
86273,483172,8192,0.124166
86337,482796,8192,0.129542
86401,482462,8192,0.133236
86465,483289,8192,0.124098
86529,483585,8192,0.121660
86593,483881,8192,0.117050
86657,483188,8192,0.126330
86721,482560,8192,0.133591
86785,483278,8192,0.128062
86849,483762,8192,0.119477
86913,482894,8192,0.128621
86977,481881,8192,0.143815
87041,482599,8192,0.138534
87105,483016,8192,0.132665
87169,483355,8192,0.133384
87233,483063,8192,0.135080
87297,483165,8192,0.126742
87361,482693,8192,0.133399
87425,482186,8192,0.142195
87489,482080,8192,0.138907
87553,482476,8192,0.129932
87617,483786,8192,0.118968
87681,483937,8192,0.123543
87745,484799,8192,0.116015
87809,483893,8192,0.131611
87873,484204,8192,0.134378
87937,484591,8192,0.125323
88001,485492,8192,0.119519
88065,484459,8192,0.132780
88129,485021,8192,0.126654
88193,484906,8192,0.136339
88257,484309,8192,0.146331
88321,483150,8192,0.160129
88385,483312,8192,0.157813
88449,483973,8192,0.149370
88513,483380,8192,0.151948
88577,483556,8192,0.150651
88641,482738,8192,0.160305
88705,483519,8192,0.151451
88769,483697,8192,0.145243
88833,483833,8192,0.146084
88897,485248,8192,0.132294
88961,485306,8192,0.134302
89025,484878,8192,0.132972
89089,485297,8192,0.127618
89153,484929,8192,0.130369
89217,484949,8192,0.136366
89281,484530,8192,0.142392
89345,484301,8192,0.143500
89409,484302,8192,0.149872
89473,484732,8192,0.145953
89537,484457,8192,0.147179
89601,483528,8192,0.160502
89665,484165,8192,0.147719
89729,483630,8192,0.154313
89793,483933,8192,0.150838
89857,482422,8192,0.176750
89921,482058,8192,0.185214
89985,481800,8192,0.193064
90049,482837,8192,0.182620
90113,483605,8192,0.170178
90177,483778,8192,0.169199
90241,483688,8192,0.171920
90305,483735,8192,0.170017
90369,484589,8192,0.154087
90433,485004,8192,0.149506
90497,485778,8192,0.141958
90561,485379,8192,0.145455
90625,484969,8192,0.150272
90689,484468,8192,0.156717
90753,484682,8192,0.156280
90817,485520,8192,0.144081
90881,485492,8192,0.141800
90945,486048,8192,0.140260
91009,486114,8192,0.142072
91073,485943,8192,0.144669
91137,486404,8192,0.141552
91201,486436,8192,0.139587
91265,485587,8192,0.144900
91329,485777,8192,0.135489
91393,484368,8192,0.149066
91457,484571,8192,0.144896
91521,485061,8192,0.136314
91585,484703,8192,0.141765
91649,484288,8192,0.140689
91713,484929,8192,0.142782
91777,484849,8192,0.142520
91841,484439,8192,0.143338
91905,483712,8192,0.152984
91969,483915,8192,0.148884
92033,484052,8192,0.143185
92097,483985,8192,0.135868
92161,482995,8192,0.140868
92225,482726,8192,0.141632
92289,482003,8192,0.143631
92353,481132,8192,0.156025
92417,482646,8192,0.141146
92481,482397,8192,0.139831
92545,482820,8192,0.132223
92609,482381,8192,0.137345
92673,481931,8192,0.140922
92737,481139,8192,0.146220
92801,481206,8192,0.141408
92865,481236,8192,0.151211
92929,481112,8192,0.154809
92993,481620,8192,0.144276
93057,482216,8192,0.137156
93121,482614,8192,0.131411
93185,483204,8192,0.134727
93249,483316,8192,0.132265
93313,483392,8192,0.133510
93377,484174,8192,0.133645
93441,484633,8192,0.129377
93505,484789,8192,0.129835
93569,484655,8192,0.133671
93633,484794,8192,0.137661
93697,485252,8192,0.141804
93761,485194,8192,0.143402
93825,485208,8192,0.146095
93889,485231,8192,0.141233
93953,484333,8192,0.152279
94017,483959,8192,0.153864
94081,482948,8192,0.159617
94145,483580,8192,0.160070
94209,483173,8192,0.160434
94273,482581,8192,0.170841
94337,481557,8192,0.179459
94401,481189,8192,0.180437
94465,481336,8192,0.174313
94529,481761,8192,0.164721
94593,481241,8192,0.164223
94657,482074,8192,0.150190
94721,482282,8192,0.154036
94785,481435,8192,0.168216
94849,481600,8192,0.164293
94913,481258,8192,0.164544
94977,481318,8192,0.157173
95041,481318,8192,0.156726
95105,481325,8192,0.151683
95169,480636,8192,0.152423
95233,479580,8192,0.160828
95297,479706,8192,0.156568
95361,480261,8192,0.150439
95425,480181,8192,0.142706
95489,481017,8192,0.135335
95553,481861,8192,0.137500
95617,481553,8192,0.139587
95681,481943,8192,0.134853
95745,482084,8192,0.142675
95809,482890,8192,0.139677
95873,482551,8192,0.144503
95937,482849,8192,0.148465
96001,482089,8192,0.156930
96065,481292,8192,0.163014
96129,481358,8192,0.158588
96193,480193,8192,0.174579
96257,480450,8192,0.168965
96321,480538,8192,0.167149
96385,481024,8192,0.163142
96449,481673,8192,0.150046
96513,481802,8192,0.139080
96577,481400,8192,0.149403
96641,481704,8192,0.141587
96705,482156,8192,0.136133
96769,483002,8192,0.137627
96833,483378,8192,0.136514
96897,483177,8192,0.139389
96961,483636,8192,0.132920
97025,483942,8192,0.133572
97089,483907,8192,0.134141
97153,484423,8192,0.129569
97217,483963,8192,0.136473
97281,483913,8192,0.135808
97345,484162,8192,0.133130
97409,483295,8192,0.145500
97473,483450,8192,0.141066
97537,484001,8192,0.137264
97601,484136,8192,0.125246
97665,485218,8192,0.113643
97729,485557,8192,0.105758
97793,486021,8192,0.098827
97857,485927,8192,0.102437
97921,486192,8192,0.096444
97985,486166,8192,0.101145
98049,485626,8192,0.113971
98113,485765,8192,0.114694
98177,485532,8192,0.119318
98241,485497,8192,0.125217
98305,484867,8192,0.128852
98369,485141,8192,0.123557
98433,484991,8192,0.119821
98497,485687,8192,0.109456
98561,485409,8192,0.110506
98625,485178,8192,0.120705
98689,485316,8192,0.118340
98753,485837,8192,0.113016
98817,485112,8192,0.117457
98881,484730,8192,0.130761
98945,484178,8192,0.133266
99009,484042,8192,0.135030
99073,484058,8192,0.134871
99137,483684,8192,0.137544
99201,484242,8192,0.124883
99265,482795,8192,0.133839
99329,483582,8192,0.122602
99393,484111,8192,0.117377
99457,483996,8192,0.123800
99521,483832,8192,0.128475
99585,484236,8192,0.129334
99649,483702,8192,0.141478
99713,484069,8192,0.136206
99777,484228,8192,0.133257
99841,484609,8192,0.134171
99905,485365,8192,0.123933
99969,484595,8192,0.129676
100033,484162,8192,0.132978
100097,484492,8192,0.131616
100161,484557,8192,0.130285
100225,483970,8192,0.143260
100289,483561,8192,0.149771
100353,483126,8192,0.149978
100417,483393,8192,0.146977
100481,483775,8192,0.141287
100545,483416,8192,0.142406
100609,483678,8192,0.130629
100673,482749,8192,0.131676
100737,482200,8192,0.134188
100801,482163,8192,0.135676
100865,482085,8192,0.138851
100929,482568,8192,0.130114
100993,482727,8192,0.129016
101057,483482,8192,0.119708
101121,482713,8192,0.130950
101185,482291,8192,0.139963
101249,482807,8192,0.133883
101313,482607,8192,0.137152
101377,482312,8192,0.138835
101441,482611,8192,0.137075
101505,481723,8192,0.138349
101569,482180,8192,0.138084
101633,482368,8192,0.138780
101697,482279,8192,0.138703
101761,482704,8192,0.130500
101825,482812,8192,0.130016
101889,482683,8192,0.131384
101953,482997,8192,0.124733
102017,483465,8192,0.129892
102081,482906,8192,0.140583
102145,482936,8192,0.139633
102209,482365,8192,0.143857
102273,483111,8192,0.138063
102337,483831,8192,0.136041
102401,484150,8192,0.136111
102465,484560,8192,0.134601
102529,484102,8192,0.140167
102593,484242,8192,0.145110
102657,484079,8192,0.150495
102721,484462,8192,0.149914
102785,485449,8192,0.138649
102849,484717,8192,0.156564
102913,485106,8192,0.157760
102977,485362,8192,0.160298
103041,486415,8192,0.150355
103105,487120,8192,0.138819
103169,485422,8192,0.155380
103233,485776,8192,0.153941
103297,485199,8192,0.160075
103361,484347,8192,0.169349
103425,484511,8192,0.169882
103489,484914,8192,0.161628
103553,483924,8192,0.172773
103617,483488,8192,0.176605
103681,483932,8192,0.171623
103745,483597,8192,0.175967
103809,483750,8192,0.168062
103873,483701,8192,0.155494
103937,484194,8192,0.143860
104001,485138,8192,0.132935
104065,484337,8192,0.142701
104129,483753,8192,0.142713
104193,483730,8192,0.140944
104257,484655,8192,0.124907
104321,484767,8192,0.121637
104385,484704,8192,0.120997
104449,484547,8192,0.130843
104513,484793,8192,0.134777
104577,484381,8192,0.134592
104641,483949,8192,0.136479
104705,484495,8192,0.137694
104769,484414,8192,0.132167
104833,485000,8192,0.124816
104897,485696,8192,0.115093
104961,485700,8192,0.113263
105025,485680,8192,0.110053
105089,485941,8192,0.106927
105153,485215,8192,0.112531
105217,485114,8192,0.116885
105281,485734,8192,0.113506
105345,485692,8192,0.116791
105409,485084,8192,0.119516
105473,485531,8192,0.114060
105537,485342,8192,0.113047
105601,484490,8192,0.120228
105665,484385,8192,0.119186
105729,484710,8192,0.120988
105793,484987,8192,0.123359
105857,485383,8192,0.121685
105921,485115,8192,0.121998
105985,484938,8192,0.123837
106049,484104,8192,0.137116
106113,484201,8192,0.136970
106177,484217,8192,0.140400
106241,484082,8192,0.142477
106305,483461,8192,0.154322
106369,483652,8192,0.151810
106433,483350,8192,0.162703
106497,483789,8192,0.160850
106561,483538,8192,0.167014
106625,483494,8192,0.165177
106689,483504,8192,0.171882
106753,482550,8192,0.179338
106817,483437,8192,0.164283
106881,483160,8192,0.163679
106945,481637,8192,0.186412
107009,481641,8192,0.179770
107073,481618,8192,0.185122
107137,481646,8192,0.184535
107201,483304,8192,0.168172
107265,484323,8192,0.151638
107329,483407,8192,0.158344
107393,484680,8192,0.141615
107457,484975,8192,0.141040
107521,486421,8192,0.123509
107585,487163,8192,0.111693
107649,487357,8192,0.118811
107713,486743,8192,0.130663
107777,486238,8192,0.135252
107841,486407,8192,0.133381
107905,485733,8192,0.138228
107969,485556,8192,0.135864
108033,485624,8192,0.136550
108097,485467,8192,0.133027
108161,484881,8192,0.133209
108225,485133,8192,0.128826
108289,485506,8192,0.125555
108353,485535,8192,0.125903
108417,484976,8192,0.128720
108481,485333,8192,0.122113
108545,485201,8192,0.129436
108609,485006,8192,0.132968
108673,484200,8192,0.140313
108737,484800,8192,0.128774
108801,485374,8192,0.121403
108865,484879,8192,0.126568
108929,484885,8192,0.129990
108993,484442,8192,0.136608
109057,483984,8192,0.139683
109121,484290,8192,0.135689
109185,484929,8192,0.131046
109249,485640,8192,0.121194
109313,486520,8192,0.112709
109377,486414,8192,0.115260
109441,486354,8192,0.116462
109505,485953,8192,0.118112
109569,485935,8192,0.120078
109633,485566,8192,0.121746
109697,485939,8192,0.117391
109761,487298,8192,0.106754
109825,487371,8192,0.101426
109889,487055,8192,0.103849
109953,487318,8192,0.100071
110017,486809,8192,0.106185
110081,485987,8192,0.123370
110145,484929,8192,0.139338
110209,483504,8192,0.153185
110273,482837,8192,0.158136
110337,481832,8192,0.169487
110401,481566,8192,0.169016
110465,482419,8192,0.154770
110529,483538,8192,0.141803
110593,484415,8192,0.133130
110657,484486,8192,0.132579
110721,484297,8192,0.133314
110785,483481,8192,0.142624
110849,484423,8192,0.134025
110913,485892,8192,0.110946
110977,485414,8192,0.122722
111041,486083,8192,0.115062
111105,486124,8192,0.118860
111169,486666,8192,0.115898
111233,486469,8192,0.110745
111297,485732,8192,0.113939
111361,485302,8192,0.114602
111425,486037,8192,0.105851
111489,485806,8192,0.099874
111553,485221,8192,0.111255
111617,485531,8192,0.108078
111681,486215,8192,0.098213
111745,486767,8192,0.089206
111809,486468,8192,0.095441
111873,485810,8192,0.096441
111937,485630,8192,0.095212
112001,485483,8192,0.099079
112065,485148,8192,0.104843
112129,485824,8192,0.101356
112193,485914,8192,0.099160
112257,486462,8192,0.097952
112321,486782,8192,0.091720
112385,487381,8192,0.087887
112449,487195,8192,0.085452
112513,487194,8192,0.089466
112577,487711,8192,0.084753
112641,487059,8192,0.095427
112705,486057,8192,0.108560
112769,485164,8192,0.121254
112833,484733,8192,0.126313
112897,485145,8192,0.123644
112961,484718,8192,0.133148
113025,484562,8192,0.135796
113089,484129,8192,0.145382
113153,484424,8192,0.145605
113217,483826,8192,0.158476
113281,483433,8192,0.165762
113345,483699,8192,0.161217
113409,484084,8192,0.160225
113473,483868,8192,0.156736
113537,484641,8192,0.144805
113601,484115,8192,0.151071
113665,484556,8192,0.145529
113729,483862,8192,0.145662
113793,484453,8192,0.141246
113857,485950,8192,0.125271
113921,485799,8192,0.131005
113985,486430,8192,0.131826
114049,486416,8192,0.128506
114113,486181,8192,0.128342
114177,485961,8192,0.129840
114241,485462,8192,0.124766
114305,484682,8192,0.134874
114369,484151,8192,0.140215
114433,484428,8192,0.134938
114497,484162,8192,0.145333
114561,484731,8192,0.140305
114625,484651,8192,0.138634
114689,484672,8192,0.137493
114753,484324,8192,0.139157
114817,483463,8192,0.151065
114881,482889,8192,0.162512
114945,482471,8192,0.161340
115009,482642,8192,0.159859
115073,482952,8192,0.155208
115137,483154,8192,0.156141
115201,483221,8192,0.145315
115265,482427,8192,0.143890
115329,481517,8192,0.159595
115393,480647,8192,0.161576
115457,480653,8192,0.161100
115521,480782,8192,0.161533
115585,480129,8192,0.170622
115649,480235,8192,0.171543
115713,481171,8192,0.154558
115777,480096,8192,0.178183
115841,478076,8192,0.207644
115905,477616,8192,0.216601
115969,478700,8192,0.200649
116033,478176,8192,0.223579
116097,478148,8192,0.220839
116161,478516,8192,0.218891
116225,479554,8192,0.199118
116289,478417,8192,0.219529
116353,479414,8192,0.201551
116417,480901,8192,0.180615
116481,480574,8192,0.185489
116545,479435,8192,0.195076
116609,479478,8192,0.192143
116673,480006,8192,0.184911
116737,479718,8192,0.189579
116801,479177,8192,0.199410
116865,479336,8192,0.195194
116929,478852,8192,0.194802
116993,479388,8192,0.191025
117057,478986,8192,0.195105
117121,479353,8192,0.184882
117185,480108,8192,0.180432
117249,479890,8192,0.183151
117313,479799,8192,0.175614
117377,480722,8192,0.159968
117441,480895,8192,0.159270
117505,481225,8192,0.157126
117569,481091,8192,0.163633
117633,480750,8192,0.161528
117697,481553,8192,0.153425
117761,481669,8192,0.150759
117825,481853,8192,0.145198
117889,481754,8192,0.148675
117953,482494,8192,0.143886
118017,482272,8192,0.149502
118081,482728,8192,0.141580
118145,482708,8192,0.135717
118209,483078,8192,0.137465
118273,483009,8192,0.140483
118337,483516,8192,0.137390
118401,483478,8192,0.128550
118465,483769,8192,0.124966
118529,482326,8192,0.137167
118593,482296,8192,0.135136
118657,481950,8192,0.133803
118721,480818,8192,0.141031
118785,480943,8192,0.139014
118849,480185,8192,0.149317
118913,480321,8192,0.146319
118977,480517,8192,0.146307
119041,481002,8192,0.128437
119105,480369,8192,0.138009
119169,480666,8192,0.136099
119233,481169,8192,0.136415
119297,481736,8192,0.129370
119361,482318,8192,0.126086
119425,482097,8192,0.135226
119489,481511,8192,0.136294
119553,482355,8192,0.118841
119617,482729,8192,0.114863
119681,483275,8192,0.113339
119745,483147,8192,0.113204
119809,483250,8192,0.109898
119873,483548,8192,0.106615
119937,484785,8192,0.100789
120001,484562,8192,0.108349
120065,485172,8192,0.106628
120129,485051,8192,0.102174
120193,483973,8192,0.116091
120257,483735,8192,0.123135
120321,483523,8192,0.130701
120385,483303,8192,0.133106
120449,482446,8192,0.139529
120513,483309,8192,0.134834
120577,483120,8192,0.140462
120641,482037,8192,0.152917
120705,482146,8192,0.151690
120769,482302,8192,0.148165
120833,482029,8192,0.145214
120897,480857,8192,0.154443
120961,480701,8192,0.156915
121025,479675,8192,0.170081
121089,479379,8192,0.168834
121153,479526,8192,0.161199
121217,480103,8192,0.149810
121281,480472,8192,0.144323
121345,480517,8192,0.145298
121409,481089,8192,0.139836
121473,482091,8192,0.131574
121537,482663,8192,0.124377
121601,482378,8192,0.131209
121665,482581,8192,0.126950
121729,482204,8192,0.130410
121793,482355,8192,0.125557
121857,482254,8192,0.128830
121921,481667,8192,0.135886
121985,480502,8192,0.143796
122049,479699,8192,0.154790
122113,479533,8192,0.149549
122177,479609,8192,0.154648
122241,479581,8192,0.155127
122305,479112,8192,0.168027
122369,478586,8192,0.169237
122433,478010,8192,0.172185
122497,477742,8192,0.177462
122561,478093,8192,0.172801
122625,477372,8192,0.177336
122689,477011,8192,0.177640
122753,478278,8192,0.159739
122817,477769,8192,0.165963
122881,478426,8192,0.158130
122945,479360,8192,0.151805
123009,478748,8192,0.153085
123073,478698,8192,0.157180
123137,480121,8192,0.135670
123201,481488,8192,0.131602
123265,482455,8192,0.113790
123329,482913,8192,0.108824
123393,483539,8192,0.106625
123457,483150,8192,0.115355
123521,482949,8192,0.115730
123585,483339,8192,0.117489
123649,482911,8192,0.122965
123713,482658,8192,0.127277
123777,481922,8192,0.139766
123841,481506,8192,0.144618
123905,480510,8192,0.155820
123969,479634,8192,0.167642
124033,480012,8192,0.167936
124097,480399,8192,0.166570
124161,479265,8192,0.177972
124225,479925,8192,0.163551
124289,479516,8192,0.167253
124353,478514,8192,0.172410
124417,478891,8192,0.164698
124481,478973,8192,0.160781
124545,478753,8192,0.155598
124609,479423,8192,0.148526
124673,479813,8192,0.144803
124737,480107,8192,0.138778
124801,480298,8192,0.133287
124865,480630,8192,0.130012
124929,481006,8192,0.127946
124993,481452,8192,0.128976
125057,481627,8192,0.128188
125121,483107,8192,0.120969
125185,482488,8192,0.134587
125249,483393,8192,0.125555
125313,483264,8192,0.128622
125377,483229,8192,0.129217
125441,483066,8192,0.131980
125505,482295,8192,0.146459
125569,482273,8192,0.142961
125633,482893,8192,0.137247
125697,482024,8192,0.144445
125761,481196,8192,0.155714
125825,482126,8192,0.150333
125889,483219,8192,0.139506
125953,484236,8192,0.133601
126017,484856,8192,0.129676
126081,484695,8192,0.128294
126145,484848,8192,0.133007
126209,485166,8192,0.130766
126273,485239,8192,0.130279
126337,484643,8192,0.143012
126401,484846,8192,0.142777
126465,483708,8192,0.160209
126529,483926,8192,0.161087
126593,483649,8192,0.164024
126657,483321,8192,0.165206
126721,481989,8192,0.177582
126785,481840,8192,0.178728
126849,482171,8192,0.172631
126913,482178,8192,0.175859
126977,483140,8192,0.161195
127041,483020,8192,0.159522
127105,482614,8192,0.157596
127169,482891,8192,0.154241
127233,483512,8192,0.144120
127297,483478,8192,0.143826
127361,484206,8192,0.139159
127425,483830,8192,0.145544
127489,483771,8192,0.148174
127553,482926,8192,0.154783
127617,482601,8192,0.155960
127681,482544,8192,0.156958
127745,482468,8192,0.154500
127809,482467,8192,0.154707
127873,482271,8192,0.150094
127937,482835,8192,0.142907
128001,482967,8192,0.142663
128065,482598,8192,0.136924
128129,482350,8192,0.136273
128193,482465,8192,0.126556
128257,482306,8192,0.119976
128321,482426,8192,0.119729
128385,482168,8192,0.116616
128449,482800,8192,0.106938
128513,483225,8192,0.102208
128577,483112,8192,0.105823
128641,483280,8192,0.101301
128705,483476,8192,0.099976
128769,484023,8192,0.097571
128833,483747,8192,0.106440
128897,483458,8192,0.112458
128961,482846,8192,0.112549
129025,482524,8192,0.111053
129089,482119,8192,0.120145
129153,481829,8192,0.115561
129217,482050,8192,0.117495
129281,482989,8192,0.111290
129345,483434,8192,0.108176
129409,482982,8192,0.110318
129473,482644,8192,0.116835
129537,482968,8192,0.111978
129601,482788,8192,0.114173
129665,482537,8192,0.111008
129729,482598,8192,0.113507
129793,482852,8192,0.115651
129857,482811,8192,0.117770
129921,482062,8192,0.124581
129985,482331,8192,0.121609
130049,482183,8192,0.128055
130113,482640,8192,0.123976
130177,481510,8192,0.138358
130241,481255,8192,0.135047
130305,481338,8192,0.136369
130369,482337,8192,0.123422
130433,481568,8192,0.133199
130497,481934,8192,0.137035
130561,481545,8192,0.137989
130625,481901,8192,0.141517
130689,483009,8192,0.133692
130753,483162,8192,0.128954
130817,482272,8192,0.148765
130881,483040,8192,0.142412
130945,484092,8192,0.131627
131009,484747,8192,0.127562
131073,484266,8192,0.126449
131137,483533,8192,0.138678
131201,483925,8192,0.135834
131265,483938,8192,0.139556
131329,483589,8192,0.139930
131393,484360,8192,0.131714
131457,484871,8192,0.129268
131521,483489,8192,0.136553
131585,482969,8192,0.141306
131649,482916,8192,0.143219
131713,482101,8192,0.157998
131777,483182,8192,0.144937
131841,483141,8192,0.150513
131905,482824,8192,0.155278
131969,482321,8192,0.156507
132033,482245,8192,0.157328
132097,482373,8192,0.154703
132161,482416,8192,0.147807
132225,481647,8192,0.155731
132289,482402,8192,0.143193
132353,482589,8192,0.139329
132417,481434,8192,0.150055
132481,481670,8192,0.142979
132545,482313,8192,0.132757
132609,481747,8192,0.135428
132673,481710,8192,0.130546
132737,481824,8192,0.136314
132801,482350,8192,0.125746
132865,481329,8192,0.130879
132929,481516,8192,0.130148
132993,482272,8192,0.120561
133057,481954,8192,0.123959
133121,481982,8192,0.120164
133185,482144,8192,0.118971
133249,481816,8192,0.118268
133313,480649,8192,0.130815
133377,481773,8192,0.113442
133441,482109,8192,0.109919
133505,483073,8192,0.102368
133569,482353,8192,0.109334
133633,482195,8192,0.107371
133697,482380,8192,0.103563
133761,481853,8192,0.101785
133825,481683,8192,0.108360
133889,480679,8192,0.120301
133953,480714,8192,0.120181
134017,480134,8192,0.114312
134081,480482,8192,0.110374
134145,479947,8192,0.114721
134209,480291,8192,0.108344
134273,481278,8192,0.108245
134337,480873,8192,0.111766
134401,480926,8192,0.113880
134465,481738,8192,0.097575
134529,482114,8192,0.098488
134593,482885,8192,0.091703
134657,483546,8192,0.089294
134721,483176,8192,0.086196
134785,483712,8192,0.081765
134849,483861,8192,0.078543
134913,483776,8192,0.084179
134977,483036,8192,0.100343
135041,481975,8192,0.113316
135105,482690,8192,0.106515
135169,482796,8192,0.107657
135233,482722,8192,0.114682
135297,482328,8192,0.121267
135361,482248,8192,0.116107
135425,482495,8192,0.117266
135489,483054,8192,0.112338
135553,483226,8192,0.112278
135617,484122,8192,0.101930
135681,483925,8192,0.107692
135745,484128,8192,0.105216
135809,483458,8192,0.111577
135873,483310,8192,0.109021
135937,483529,8192,0.107064
136001,483751,8192,0.104130
136065,484174,8192,0.099337
136129,484181,8192,0.096023
136193,484149,8192,0.101847
136257,484325,8192,0.091938
136321,484298,8192,0.086466
136385,484293,8192,0.087972
136449,484602,8192,0.083478
136513,484904,8192,0.088994
136577,484569,8192,0.089205
136641,485047,8192,0.077493
136705,484543,8192,0.080461
136769,484590,8192,0.073776
136833,484192,8192,0.074982
136897,484130,8192,0.074417
136961,485340,8192,0.067716
137025,484816,8192,0.076449
137089,485027,8192,0.074055
137153,484714,8192,0.082717
137217,483759,8192,0.091115
137281,484305,8192,0.086134
137345,484199,8192,0.084427
137409,483988,8192,0.089921
137473,484396,8192,0.090195
137537,484108,8192,0.087612
137601,484826,8192,0.085673
137665,484419,8192,0.096882
137729,484539,8192,0.094601
137793,484612,8192,0.093972
137857,483532,8192,0.105539
137921,482981,8192,0.109413
137985,483335,8192,0.105293
138049,483589,8192,0.102145
138113,483449,8192,0.105796
138177,482483,8192,0.118321
138241,483541,8192,0.110055
138305,482591,8192,0.122103
138369,482271,8192,0.126618
138433,481739,8192,0.134728
138497,482173,8192,0.129088
138561,482720,8192,0.114424
138625,482380,8192,0.121537
138689,483608,8192,0.114227
138753,483619,8192,0.111685
138817,483871,8192,0.110615
138881,483287,8192,0.117501
138945,483739,8192,0.113045
139009,483058,8192,0.127062
139073,483336,8192,0.124456
139137,482591,8192,0.130595
139201,482598,8192,0.127572
139265,482910,8192,0.128241
139329,483342,8192,0.127992
139393,484023,8192,0.117159
139457,482857,8192,0.128265
139521,482074,8192,0.140098
139585,482308,8192,0.137716
139649,482813,8192,0.119971
139713,483016,8192,0.116265
139777,483110,8192,0.120031
139841,483109,8192,0.119627
139905,482609,8192,0.119892
139969,482596,8192,0.118408
140033,481230,8192,0.140262
140097,480710,8192,0.142130
140161,480591,8192,0.143274
140225,481719,8192,0.126182
140289,481110,8192,0.133584
140353,481188,8192,0.134662
140417,481993,8192,0.123396
140481,481300,8192,0.134012
140545,481933,8192,0.123341
140609,481824,8192,0.129937
140673,481614,8192,0.136805
140737,481666,8192,0.133861
140801,482087,8192,0.139738
140865,482748,8192,0.137581
140929,482940,8192,0.141128
140993,483022,8192,0.136818
141057,482806,8192,0.138565
141121,482206,8192,0.141215
141185,482144,8192,0.136265
141249,481795,8192,0.143058
141313,481585,8192,0.142438
141377,481068,8192,0.151877
141441,481746,8192,0.140264
141505,482474,8192,0.140357
141569,482291,8192,0.149521
141633,482017,8192,0.151492
141697,482225,8192,0.155306
141761,481937,8192,0.152712
141825,481222,8192,0.159625
141889,480653,8192,0.170372
141953,481505,8192,0.163812
142017,481910,8192,0.156661
142081,481209,8192,0.159722
142145,481987,8192,0.149574
142209,482726,8192,0.136007
142273,482648,8192,0.138494
142337,483938,8192,0.117605
142401,484397,8192,0.115512
142465,484375,8192,0.119088
142529,484313,8192,0.115626
142593,482609,8192,0.128200
142657,481469,8192,0.136605
142721,480810,8192,0.137071
142785,481315,8192,0.126487
142849,480918,8192,0.128019
142913,482185,8192,0.110065
142977,483836,8192,0.100251
143041,483711,8192,0.111377
143105,483978,8192,0.106895
143169,483932,8192,0.107684
143233,484637,8192,0.105906
143297,483914,8192,0.112524
143361,484906,8192,0.101946
143425,484525,8192,0.106929
143489,485246,8192,0.099079
143553,484796,8192,0.098096
143617,484710,8192,0.095325
143681,484650,8192,0.097195
143745,484047,8192,0.098660
143809,484359,8192,0.099498
143873,483929,8192,0.097172
143937,483022,8192,0.103618
144001,482879,8192,0.095611
144065,482848,8192,0.096081
144129,483147,8192,0.093070
144193,483697,8192,0.085356
144257,484724,8192,0.081512
144321,483106,8192,0.103848
144385,483383,8192,0.100260
144449,483364,8192,0.101521
144513,481624,8192,0.121705
144577,482527,8192,0.118476
144641,482111,8192,0.122904
144705,482304,8192,0.112953
144769,481188,8192,0.120511
144833,481419,8192,0.120351
144897,481676,8192,0.119254
144961,482354,8192,0.113185
145025,481783,8192,0.111876
145089,481027,8192,0.114093
145153,481458,8192,0.107667
145217,481159,8192,0.111200
145281,481393,8192,0.101482
145345,481103,8192,0.105942
145409,482268,8192,0.095533
145473,481776,8192,0.097947
145537,482462,8192,0.096967
145601,481809,8192,0.108850
145665,481920,8192,0.106875
145729,481248,8192,0.119160
145793,481069,8192,0.122004
145857,480907,8192,0.119567
145921,481489,8192,0.109273
145985,481759,8192,0.109534
146049,482576,8192,0.106352
146113,482063,8192,0.106330
146177,482138,8192,0.099099
146241,482751,8192,0.095805
146305,482481,8192,0.094508
146369,481791,8192,0.102964
146433,481501,8192,0.109416
146497,481466,8192,0.108069
146561,482517,8192,0.101315
146625,482889,8192,0.096561
146689,483224,8192,0.096070
146753,484130,8192,0.086248
146817,484127,8192,0.079335
146881,484418,8192,0.083450
146945,484067,8192,0.089500
147009,483381,8192,0.099032
147073,483187,8192,0.103300
147137,482892,8192,0.109391
147201,482759,8192,0.114611
147265,482120,8192,0.122296
147329,481842,8192,0.125267
147393,482349,8192,0.123340
147457,481879,8192,0.129125
147521,482679,8192,0.123561
147585,482367,8192,0.126286
147649,482479,8192,0.118119
147713,482456,8192,0.116419
147777,482376,8192,0.112688
147841,482268,8192,0.114732
147905,482427,8192,0.120993
147969,482703,8192,0.113887
148033,482455,8192,0.115887
148097,483338,8192,0.116345
148161,482943,8192,0.125444
148225,482981,8192,0.120371
148289,482387,8192,0.124622
148353,482952,8192,0.121178
148417,483033,8192,0.119047
148481,483797,8192,0.112349
148545,484018,8192,0.113746
148609,483397,8192,0.118245
148673,482424,8192,0.130495
148737,483582,8192,0.119329
148801,484194,8192,0.115366
148865,484056,8192,0.123528
148929,483468,8192,0.132295
148993,484160,8192,0.125949
149057,484066,8192,0.133735
149121,483904,8192,0.132252
149185,484752,8192,0.124880
149249,484667,8192,0.126874
149313,483993,8192,0.127664
149377,482652,8192,0.146519
149441,482518,8192,0.153916
149505,483078,8192,0.147889
149569,483641,8192,0.143706
149633,483593,8192,0.142712
149697,483107,8192,0.154539
149761,483137,8192,0.151986
149825,483067,8192,0.151685
149889,483382,8192,0.142839
149953,483191,8192,0.146003
150017,482075,8192,0.155279
150081,481753,8192,0.155870
150145,480589,8192,0.181018
150209,480500,8192,0.181917
150273,480050,8192,0.183445
150337,481428,8192,0.168250
150401,480801,8192,0.179592
150465,480268,8192,0.185004
150529,479583,8192,0.190584
150593,478993,8192,0.195444
150657,479283,8192,0.192035
150721,479419,8192,0.189434
150785,478886,8192,0.189066
150849,478437,8192,0.185517
150913,477732,8192,0.185664
150977,477665,8192,0.180309
151041,478485,8192,0.171488
151105,478168,8192,0.169953
151169,478809,8192,0.158123
151233,479206,8192,0.156503
151297,478768,8192,0.159135
151361,478201,8192,0.157850
151425,478026,8192,0.163249
151489,477661,8192,0.159115
151553,478349,8192,0.152081
151617,477887,8192,0.151756
151681,477336,8192,0.156718
151745,477024,8192,0.149827
151809,477448,8192,0.132884
151873,478150,8192,0.124290
151937,478925,8192,0.113934
152001,479194,8192,0.109674
152065,479626,8192,0.108092
152129,480166,8192,0.102212
152193,480487,8192,0.103872
152257,480699,8192,0.105295
152321,480749,8192,0.109075
152385,481610,8192,0.096757
152449,481767,8192,0.096165
152513,482168,8192,0.095840
152577,482810,8192,0.093357
152641,482599,8192,0.099081
152705,482176,8192,0.106906
152769,481555,8192,0.124213
152833,482251,8192,0.119820
152897,482486,8192,0.119695
152961,482247,8192,0.120739
153025,481769,8192,0.125814
153089,482458,8192,0.122362
153153,482752,8192,0.123873
153217,482144,8192,0.136474
153281,482076,8192,0.138359
153345,481693,8192,0.132796
153409,481147,8192,0.127698
153473,480238,8192,0.129837
153537,480927,8192,0.129944
153601,480505,8192,0.134814
153665,480661,8192,0.133931
153729,480559,8192,0.133294
153793,480405,8192,0.128895
153857,480614,8192,0.127095
153921,480129,8192,0.134682
153985,480076,8192,0.138263
154049,480186,8192,0.140806
154113,480865,8192,0.134153
154177,480774,8192,0.141360
154241,480631,8192,0.141054
154305,481165,8192,0.136191
154369,481197,8192,0.136931
154433,480662,8192,0.141591
154497,481264,8192,0.142248
154561,481481,8192,0.136579
154625,481729,8192,0.137396
154689,481540,8192,0.136954
154753,481497,8192,0.142469
154817,482006,8192,0.128022
154881,481950,8192,0.126328
154945,481233,8192,0.130320
155009,480714,8192,0.140391
155073,480702,8192,0.136054
155137,479812,8192,0.137853
155201,480370,8192,0.133070
155265,481087,8192,0.132297
155329,481042,8192,0.131149
155393,481008,8192,0.136084
155457,480375,8192,0.144837
155521,480325,8192,0.137489
155585,480503,8192,0.132792
155649,480860,8192,0.125922
155713,481336,8192,0.134588
155777,481450,8192,0.128979
155841,481681,8192,0.126659
155905,481483,8192,0.124452
155969,482318,8192,0.121843
156033,482468,8192,0.119918
156097,483142,8192,0.111885
156161,483356,8192,0.108422
156225,483378,8192,0.099809
156289,483751,8192,0.093871
156353,484331,8192,0.098299
156417,483358,8192,0.114044
156481,483896,8192,0.104179
156545,483141,8192,0.119610
156609,483158,8192,0.122387
156673,483243,8192,0.119093
156737,483453,8192,0.124068
156801,482912,8192,0.131146
156865,482596,8192,0.138086
156929,482423,8192,0.150792
156993,482466,8192,0.153958
157057,481704,8192,0.163669
157121,481974,8192,0.156709
157185,481954,8192,0.153961
157249,482048,8192,0.156879
157313,481918,8192,0.158958
157377,482495,8192,0.159212
157441,481788,8192,0.173468
157505,481245,8192,0.185963
157569,482106,8192,0.175391
157633,481209,8192,0.188988
157697,480693,8192,0.197873
157761,480422,8192,0.198318
157825,481024,8192,0.190385
157889,480800,8192,0.192295
157953,481016,8192,0.182896
158017,481292,8192,0.183586
158081,481386,8192,0.182689
158145,480984,8192,0.176788
158209,480929,8192,0.170154
158273,481058,8192,0.163036
158337,481383,8192,0.164989
158401,481526,8192,0.158094
158465,481535,8192,0.153334
158529,482227,8192,0.144942
158593,482362,8192,0.136734
158657,482665,8192,0.129287
158721,483433,8192,0.119450
158785,482916,8192,0.124597
158849,482771,8192,0.120872
158913,482213,8192,0.126409
158977,482378,8192,0.129177
159041,480896,8192,0.142404
159105,480065,8192,0.146582
159169,479506,8192,0.149965
159233,480283,8192,0.147419
159297,480693,8192,0.142643
159361,479581,8192,0.154362
159425,479626,8192,0.154122
159489,479564,8192,0.160939
159553,479893,8192,0.156699
159617,478576,8192,0.168989
159681,477664,8192,0.174015
159745,476626,8192,0.182300
159809,476082,8192,0.188987
159873,476552,8192,0.177422
159937,476241,8192,0.179590
160001,476352,8192,0.172371
160065,476579,8192,0.175822
160129,476979,8192,0.163160
160193,475672,8192,0.174868
160257,477540,8192,0.158111
160321,477295,8192,0.164993
160385,477762,8192,0.158915
160449,477643,8192,0.163031
160513,477644,8192,0.170081
160577,476976,8192,0.176541
160641,477123,8192,0.175913
160705,476766,8192,0.180040
160769,477294,8192,0.168566
160833,477304,8192,0.171298
160897,477542,8192,0.163842
160961,478597,8192,0.146211
161025,479244,8192,0.145409
161089,479018,8192,0.147181
161153,479432,8192,0.142600
161217,478726,8192,0.147581
161281,478968,8192,0.153168
161345,478734,8192,0.159599
161409,479752,8192,0.153232
161473,478183,8192,0.170562
161537,477601,8192,0.173282
161601,478036,8192,0.164008
161665,479248,8192,0.149733
161729,479885,8192,0.143440
161793,480828,8192,0.133130
161857,480907,8192,0.132548
161921,482026,8192,0.115820
161985,482030,8192,0.116274
162049,482165,8192,0.112917
162113,482110,8192,0.107930
162177,482916,8192,0.108068
162241,483416,8192,0.109541
162305,484053,8192,0.108611
162369,484296,8192,0.109483
162433,484802,8192,0.103716
162497,485874,8192,0.094720
162561,486104,8192,0.097726
162625,485288,8192,0.104093
162689,485445,8192,0.102306
162753,485417,8192,0.109668
162817,485581,8192,0.110060
162881,486329,8192,0.099743
162945,486250,8192,0.104543
163009,485305,8192,0.104026
163073,484919,8192,0.108681
163137,484649,8192,0.115489
163201,484761,8192,0.108480
163265,484500,8192,0.115481
163329,484661,8192,0.118729
163393,485333,8192,0.104074
163457,485216,8192,0.107443
163521,485084,8192,0.114339
163585,483830,8192,0.128106
163649,483159,8192,0.136007
163713,483571,8192,0.140664
163777,483902,8192,0.137620
163841,482845,8192,0.143741
163905,483343,8192,0.132316
163969,483985,8192,0.126940
164033,483709,8192,0.138934
164097,483374,8192,0.138165
164161,483056,8192,0.138018
164225,482362,8192,0.148122
164289,482538,8192,0.142328
164353,482569,8192,0.138488
164417,482226,8192,0.140989
164481,482050,8192,0.143628
164545,482646,8192,0.131464
164609,483003,8192,0.128239
164673,482846,8192,0.136448
164737,482354,8192,0.146270
164801,482141,8192,0.149385
164865,482796,8192,0.138249
164929,483500,8192,0.133226
164993,483767,8192,0.133013
165057,483972,8192,0.132831
165121,484351,8192,0.132775
165185,483151,8192,0.140304
165249,483695,8192,0.131564
165313,482715,8192,0.138606
165377,482119,8192,0.145905
165441,482206,8192,0.141351
165505,481918,8192,0.145490
165569,481813,8192,0.152584
165633,481389,8192,0.153429
165697,481011,8192,0.159241
165761,481202,8192,0.151301
165825,480736,8192,0.152954
165889,481897,8192,0.143804
165953,481912,8192,0.141300
166017,482119,8192,0.137262
166081,483939,8192,0.123720
166145,483424,8192,0.132395
166209,483409,8192,0.132287
166273,483392,8192,0.131787
166337,483483,8192,0.127964
166401,482727,8192,0.128749
166465,482705,8192,0.120441
166529,482943,8192,0.121384
166593,482030,8192,0.139449
166657,481847,8192,0.140699
166721,482022,8192,0.143214
166785,482508,8192,0.142828
166849,482911,8192,0.136124
166913,482267,8192,0.143529
166977,482228,8192,0.139373
167041,482577,8192,0.130769
167105,482436,8192,0.129157
167169,481946,8192,0.136848
167233,481780,8192,0.131823
167297,482587,8192,0.120793
167361,482639,8192,0.121141
167425,482145,8192,0.127231
167489,482789,8192,0.123259
167553,482476,8192,0.122805
167617,482504,8192,0.120918
167681,482224,8192,0.117877
167745,481854,8192,0.117435
167809,482145,8192,0.119221
167873,482426,8192,0.119368
167937,482907,8192,0.121459
168001,482656,8192,0.125146
168065,482590,8192,0.126898
168129,482375,8192,0.124681
168193,483066,8192,0.119177
168257,481946,8192,0.132803
168321,482472,8192,0.128310
168385,483363,8192,0.113277
168449,483324,8192,0.112445
168513,483215,8192,0.118517
168577,483369,8192,0.117264
168641,483309,8192,0.119766
168705,482698,8192,0.124488
168769,482633,8192,0.128069
168833,483447,8192,0.120961
168897,482984,8192,0.125789
168961,483194,8192,0.121700
169025,482929,8192,0.119261
169089,482608,8192,0.123938
169153,481602,8192,0.136436
169217,482315,8192,0.127531
169281,482572,8192,0.118905
169345,481953,8192,0.129442
169409,481921,8192,0.128506
169473,481365,8192,0.134746
169537,482413,8192,0.124787
169601,482137,8192,0.126086
169665,482998,8192,0.119140
169729,483334,8192,0.115672
169793,483734,8192,0.110757
169857,483049,8192,0.114246
169921,483286,8192,0.106190
169985,483428,8192,0.107319
170049,482297,8192,0.120188
170113,481626,8192,0.122227
170177,480289,8192,0.132821
170241,480322,8192,0.133476
170305,480209,8192,0.138760
170369,480758,8192,0.141468
170433,480400,8192,0.146683
170497,480564,8192,0.144462
170561,480811,8192,0.145150
170625,480836,8192,0.141900
170689,481306,8192,0.133544
170753,481157,8192,0.135831
170817,481342,8192,0.130901
170881,481409,8192,0.124498
170945,481514,8192,0.125295
171009,481308,8192,0.122435
171073,481909,8192,0.113966
171137,482648,8192,0.106588
171201,483225,8192,0.107156
171265,483045,8192,0.106579
171329,483700,8192,0.106549
171393,483655,8192,0.107630
171457,483137,8192,0.109631
171521,482584,8192,0.122380
171585,482723,8192,0.127829
171649,482816,8192,0.120999
171713,483167,8192,0.120127
171777,483197,8192,0.124172
171841,484126,8192,0.116606
171905,483834,8192,0.114161
171969,483994,8192,0.111432
172033,483910,8192,0.108580
172097,483273,8192,0.113407
172161,483525,8192,0.111551
172225,482723,8192,0.128500
172289,482667,8192,0.132735
172353,483007,8192,0.124347
172417,483521,8192,0.121206
172481,483021,8192,0.127861
172545,483943,8192,0.122380
172609,483872,8192,0.123393
172673,484416,8192,0.123052
172737,484925,8192,0.121002
172801,484709,8192,0.123629
172865,483584,8192,0.131534
172929,483847,8192,0.131479
172993,484064,8192,0.129420
173057,484292,8192,0.130240
173121,485232,8192,0.119881
173185,485344,8192,0.122516
173249,485045,8192,0.126346
173313,485041,8192,0.132012
173377,485383,8192,0.130099
173441,485230,8192,0.127918
173505,485515,8192,0.125553
173569,486034,8192,0.125950
173633,486203,8192,0.119788
173697,485656,8192,0.129690
173761,485660,8192,0.131672
173825,485373,8192,0.135293
173889,485184,8192,0.136916
173953,485694,8192,0.133470
174017,485664,8192,0.139225
174081,486612,8192,0.126453
174145,486635,8192,0.129783
174209,485122,8192,0.150757
174273,485001,8192,0.150734
174337,484774,8192,0.150548
174401,485623,8192,0.143319
174465,485239,8192,0.151524
174529,485359,8192,0.154938
174593,485691,8192,0.151848
174657,486204,8192,0.147103
174721,486869,8192,0.133139
174785,487055,8192,0.136351
174849,487606,8192,0.128511
174913,487478,8192,0.125110
174977,486009,8192,0.138017
175041,486369,8192,0.139896
175105,486146,8192,0.139065
175169,486363,8192,0.129861
175233,486378,8192,0.127723
175297,486534,8192,0.125284
175361,486338,8192,0.124779
175425,486310,8192,0.127878
175489,485334,8192,0.142312
175553,484200,8192,0.156689
175617,485058,8192,0.143422
175681,484702,8192,0.147933
175745,484999,8192,0.142329
175809,485238,8192,0.142219
175873,484786,8192,0.146061
175937,484220,8192,0.141115
176001,484732,8192,0.133166
176065,484417,8192,0.135527
176129,484709,8192,0.130970
176193,483554,8192,0.144885
176257,484209,8192,0.137285
176321,483606,8192,0.143311
176385,483165,8192,0.150727
176449,483487,8192,0.145606
176513,482546,8192,0.156060
176577,482384,8192,0.156318
176641,483018,8192,0.150528
176705,483217,8192,0.149868
176769,482621,8192,0.152685
176833,482359,8192,0.160988
176897,482513,8192,0.152295
176961,482546,8192,0.147770
177025,483434,8192,0.140227
177089,484149,8192,0.133198
177153,485301,8192,0.118603
177217,484763,8192,0.127441
177281,484731,8192,0.133612
177345,484549,8192,0.129843
177409,484235,8192,0.130954
177473,483678,8192,0.132349
177537,484250,8192,0.120079
177601,484531,8192,0.116849
177665,483916,8192,0.121412
177729,484092,8192,0.116903
177793,484872,8192,0.108466
177857,484853,8192,0.106155
177921,485450,8192,0.102551
177985,485172,8192,0.102618
178049,485640,8192,0.097574
178113,484953,8192,0.109469
178177,483827,8192,0.114255
178241,482827,8192,0.131455
178305,482356,8192,0.135785
178369,481513,8192,0.142256
178433,481772,8192,0.132880
178497,481177,8192,0.144492
178561,480694,8192,0.148725
178625,480648,8192,0.145844
178689,480474,8192,0.143588
178753,480672,8192,0.134801
178817,481049,8192,0.133166
178881,481511,8192,0.137647
178945,482065,8192,0.126495
179009,480823,8192,0.144414
179073,481044,8192,0.141570
179137,480668,8192,0.148783
179201,480979,8192,0.144990
179265,480999,8192,0.153449
179329,481843,8192,0.141099
179393,482658,8192,0.136757
179457,481508,8192,0.143414
179521,481794,8192,0.148873
179585,482738,8192,0.140416
179649,483355,8192,0.130677
179713,482852,8192,0.148150
179777,482826,8192,0.151501
179841,483719,8192,0.148331
179905,482540,8192,0.165425
179969,482782,8192,0.163851
180033,481619,8192,0.176424
180097,480950,8192,0.184163
180161,481184,8192,0.181532
180225,481245,8192,0.191203
180289,481712,8192,0.186302
180353,480870,8192,0.202475
180417,480619,8192,0.201360
180481,480365,8192,0.204741
180545,481262,8192,0.195761
180609,481120,8192,0.191476
180673,480201,8192,0.197158
180737,480787,8192,0.181038
180801,481729,8192,0.163318
180865,481802,8192,0.159034
180929,481842,8192,0.153803
180993,482655,8192,0.142180
181057,482888,8192,0.139394
181121,483067,8192,0.136119
181185,482960,8192,0.134498
181249,483144,8192,0.124170
181313,483449,8192,0.118540
181377,482973,8192,0.122106
181441,482049,8192,0.132346
181505,481599,8192,0.129770
181569,482226,8192,0.124434
181633,482858,8192,0.119934
181697,482672,8192,0.123075
181761,483533,8192,0.119040
181825,484089,8192,0.116985
181889,484903,8192,0.113934
181953,484943,8192,0.107411
182017,484905,8192,0.108888
182081,485446,8192,0.098847
182145,484694,8192,0.117935
182209,484696,8192,0.120875
182273,485354,8192,0.114034
182337,485651,8192,0.112050
182401,484713,8192,0.119267
182465,484567,8192,0.114610
182529,483291,8192,0.129094
182593,483138,8192,0.128431
182657,482907,8192,0.127017
182721,483025,8192,0.125149
182785,482766,8192,0.124256
182849,482772,8192,0.112242
182913,482450,8192,0.109984
182977,483117,8192,0.106093
183041,482470,8192,0.110482
183105,482627,8192,0.106057
183169,481689,8192,0.113302
183233,481512,8192,0.111625
183297,481249,8192,0.111858
183361,480533,8192,0.117792
183425,480075,8192,0.120719
183489,480965,8192,0.109679
183553,481794,8192,0.104968
183617,482199,8192,0.097800
183681,482988,8192,0.101661
183745,482701,8192,0.101017
183809,481247,8192,0.119324
183873,481282,8192,0.123364
183937,481763,8192,0.118158
184001,481921,8192,0.116053
184065,481844,8192,0.124341
184129,482078,8192,0.119829
184193,481251,8192,0.131734
184257,482096,8192,0.120897
184321,481061,8192,0.131553
184385,480812,8192,0.132667
184449,480337,8192,0.136774
184513,481817,8192,0.125606
184577,483073,8192,0.116006
184641,483277,8192,0.111098
184705,483430,8192,0.108360
184769,483769,8192,0.106314
184833,483844,8192,0.109325
184897,483683,8192,0.104643
184961,484581,8192,0.093550
185025,484273,8192,0.103019
185089,483461,8192,0.112457
185153,483537,8192,0.108789
185217,483333,8192,0.112325
185281,484077,8192,0.102859
185345,482846,8192,0.119003
185409,482839,8192,0.122326
185473,483020,8192,0.117568
185537,483138,8192,0.120825
185601,483702,8192,0.115707
185665,483820,8192,0.121425
185729,483392,8192,0.126487
185793,483267,8192,0.133068
185857,483522,8192,0.138427
185921,484254,8192,0.134266
185985,484059,8192,0.141179
186049,483971,8192,0.150940
186113,483478,8192,0.153907
186177,484289,8192,0.150796
186241,484783,8192,0.143729
186305,484679,8192,0.146658
186369,485219,8192,0.141057
186433,484722,8192,0.151652
186497,484138,8192,0.156973
186561,483001,8192,0.177987
186625,483461,8192,0.175979
186689,483392,8192,0.174080
186753,483365,8192,0.172769
186817,484516,8192,0.158911
186881,483967,8192,0.160859
186945,483963,8192,0.160470
187009,482329,8192,0.175103
187073,482334,8192,0.164681
187137,481822,8192,0.171430
187201,481715,8192,0.173921
187265,482446,8192,0.160125
187329,481314,8192,0.166730
187393,480539,8192,0.172532
187457,479889,8192,0.182906
187521,481008,8192,0.166560
187585,480847,8192,0.163927
187649,480818,8192,0.159830
187713,480080,8192,0.163101
187777,481091,8192,0.153696
187841,480266,8192,0.157454
187905,480980,8192,0.151975
187969,481375,8192,0.141897
188033,482532,8192,0.133706
188097,482230,8192,0.133030
188161,482677,8192,0.126088
188225,483011,8192,0.118633
188289,482769,8192,0.119970
188353,482478,8192,0.113712
188417,482577,8192,0.112179
188481,481609,8192,0.122621
188545,481186,8192,0.125601
188609,480482,8192,0.133374
188673,481491,8192,0.121126
188737,480140,8192,0.135071
188801,480577,8192,0.129486
188865,482410,8192,0.122123
188929,482465,8192,0.126095
188993,483519,8192,0.111373
189057,483920,8192,0.107181
189121,483831,8192,0.111310
189185,484154,8192,0.112001
189249,484959,8192,0.105044
189313,484320,8192,0.104148
189377,485098,8192,0.097197
189441,485243,8192,0.104974
189505,484832,8192,0.109755
189569,483421,8192,0.126765
189633,482722,8192,0.140400
189697,482833,8192,0.140617
189761,482290,8192,0.149811
189825,481953,8192,0.156659
189889,482270,8192,0.151683
189953,482692,8192,0.151234
190017,482717,8192,0.154971
190081,482292,8192,0.158769
190145,482415,8192,0.150947
190209,482548,8192,0.151455
190273,482833,8192,0.141766
190337,481724,8192,0.159074
190401,481689,8192,0.151865
190465,481613,8192,0.153653
190529,481007,8192,0.163123
190593,481378,8192,0.166080
190657,481821,8192,0.166244
190721,481342,8192,0.173431
190785,480447,8192,0.176512
190849,480768,8192,0.165318
190913,481322,8192,0.156703
190977,481957,8192,0.145450
191041,481775,8192,0.145762
191105,481202,8192,0.147033
191169,480633,8192,0.152663
191233,480873,8192,0.148179
191297,480921,8192,0.147879
191361,480860,8192,0.157121
191425,481879,8192,0.142706
191489,482609,8192,0.131531
191553,482571,8192,0.134182
191617,481646,8192,0.148674
191681,481420,8192,0.151460
191745,480240,8192,0.162413
191809,480575,8192,0.159168
191873,480981,8192,0.153381
191937,480969,8192,0.149504
192001,481147,8192,0.142500
192065,481685,8192,0.134053
192129,481606,8192,0.134204
192193,482112,8192,0.129348
192257,481651,8192,0.140665
192321,481786,8192,0.133260
192385,482700,8192,0.123530
192449,482718,8192,0.127144
192513,482073,8192,0.132212
192577,481380,8192,0.145091
192641,480881,8192,0.152010
192705,480686,8192,0.153888
192769,480535,8192,0.158852
192833,480223,8192,0.158224
192897,480603,8192,0.161281
192961,481309,8192,0.147810
193025,481120,8192,0.148989
193089,481469,8192,0.143952
193153,481273,8192,0.145276
193217,481275,8192,0.151084
193281,480295,8192,0.155324
193345,481022,8192,0.153015
193409,481131,8192,0.155971
193473,481852,8192,0.145734
193537,482714,8192,0.137191
193601,482793,8192,0.141650
193665,483204,8192,0.136761
193729,482653,8192,0.149586
193793,482589,8192,0.155656
193857,482422,8192,0.155180
193921,483040,8192,0.151607
193985,482757,8192,0.158427
194049,482595,8192,0.161480
194113,482510,8192,0.165923
194177,482012,8192,0.170819
194241,482648,8192,0.166456
194305,482823,8192,0.164297
194369,483092,8192,0.155903
194433,483219,8192,0.152616
194497,483255,8192,0.151165
194561,483593,8192,0.139516
194625,483467,8192,0.134023
194689,483420,8192,0.137333
194753,483450,8192,0.140492
194817,483141,8192,0.145287
194881,484012,8192,0.135726
194945,484132,8192,0.127436
195009,484026,8192,0.130129
195073,483832,8192,0.131158
195137,484715,8192,0.127486
195201,484575,8192,0.131560
195265,485177,8192,0.125511
195329,484986,8192,0.134994
195393,484874,8192,0.138090
195457,484343,8192,0.139367
195521,484126,8192,0.145546
195585,483890,8192,0.152160
195649,483616,8192,0.157379
195713,483549,8192,0.158283
195777,483753,8192,0.151461
195841,483652,8192,0.155813
195905,483433,8192,0.155958
195969,483244,8192,0.147783
196033,482856,8192,0.161140
196097,482888,8192,0.154232
196161,482289,8192,0.157426
196225,481963,8192,0.158999
196289,481496,8192,0.164683
196353,480756,8192,0.166813
196417,481247,8192,0.161518
196481,482055,8192,0.158533
196545,483020,8192,0.142822
196609,483536,8192,0.142238
196673,484689,8192,0.125807
196737,484645,8192,0.128031
196801,484558,8192,0.134575
196865,484984,8192,0.132905
196929,485484,8192,0.131438
196993,485457,8192,0.125553
197057,485513,8192,0.127988
197121,486315,8192,0.122866
197185,486635,8192,0.120672
197249,485956,8192,0.126494
197313,486159,8192,0.120566
197377,485915,8192,0.126679
197441,486004,8192,0.124785
197505,486531,8192,0.117059
197569,486795,8192,0.114807
197633,487792,8192,0.102955
197697,487998,8192,0.103289
197761,488705,8192,0.097513
197825,488737,8192,0.092692
197889,489233,8192,0.092694
197953,489066,8192,0.096793
198017,488762,8192,0.102559
198081,488309,8192,0.107652
198145,487390,8192,0.112265
198209,487267,8192,0.110463
198273,486711,8192,0.115027
198337,486422,8192,0.118911
198401,486682,8192,0.113910
198465,486032,8192,0.124873
198529,486371,8192,0.122652
198593,486912,8192,0.115869
198657,487384,8192,0.109848
198721,486869,8192,0.107889
198785,486115,8192,0.115633
198849,485669,8192,0.116877
198913,485824,8192,0.111770
198977,486935,8192,0.095162
199041,487097,8192,0.090744
199105,486988,8192,0.092680
199169,487792,8192,0.081461
199233,487659,8192,0.091194
199297,488049,8192,0.090139
199361,487620,8192,0.085635
199425,486967,8192,0.087884
199489,486735,8192,0.091978
199553,486987,8192,0.090137
199617,486641,8192,0.094333
199681,486079,8192,0.102556
199745,485181,8192,0.120432
199809,486084,8192,0.112395
199873,486349,8192,0.108262
199937,486536,8192,0.106095
200001,487957,8192,0.090280
200065,487449,8192,0.096183
200129,486721,8192,0.100174
200193,487474,8192,0.093202
200257,487966,8192,0.088599
200321,487272,8192,0.095812
200385,486285,8192,0.099577
200449,486210,8192,0.100029
200513,485859,8192,0.100242
200577,486064,8192,0.098372
200641,485554,8192,0.106425
200705,484901,8192,0.114079
200769,484515,8192,0.120438
200833,484783,8192,0.118025
200897,485360,8192,0.113406
200961,485485,8192,0.114105
201025,485460,8192,0.115230
201089,485157,8192,0.118637
201153,485345,8192,0.116122
201217,484921,8192,0.119200
201281,484979,8192,0.123025
201345,484130,8192,0.127511
201409,484826,8192,0.117133
201473,485314,8192,0.111791
201537,485305,8192,0.121789
201601,485449,8192,0.127781
201665,486096,8192,0.120597
201729,486047,8192,0.117048
201793,486348,8192,0.111443
201857,485652,8192,0.114355
201921,485955,8192,0.106260
201985,487071,8192,0.093776
202049,486976,8192,0.094807
202113,486323,8192,0.103666
202177,485950,8192,0.111527
202241,485672,8192,0.113121
202305,485523,8192,0.126697
202369,484930,8192,0.135118
202433,483932,8192,0.138517
202497,484056,8192,0.134370
202561,484985,8192,0.127173
202625,484974,8192,0.124545
202689,484903,8192,0.118612
202753,484906,8192,0.117597
202817,485489,8192,0.109990
202881,486010,8192,0.107936
202945,485962,8192,0.098888
203009,486030,8192,0.095495
203073,486451,8192,0.096170
203137,485456,8192,0.104169
203201,485651,8192,0.098534
203265,485877,8192,0.094330
203329,485727,8192,0.103928
203393,485560,8192,0.108693
203457,485763,8192,0.101212
203521,485548,8192,0.107509
203585,485891,8192,0.106775
203649,485963,8192,0.109393
203713,485698,8192,0.110905
203777,485356,8192,0.115620
203841,485261,8192,0.119811
203905,485156,8192,0.115802
203969,484712,8192,0.122849
204033,484243,8192,0.122681
204097,485052,8192,0.104156
204161,484860,8192,0.104771
204225,485559,8192,0.096210
204289,485682,8192,0.086024
204353,486101,8192,0.081315
204417,485452,8192,0.080754
204481,486205,8192,0.070654
204545,484870,8192,0.097575
204609,485601,8192,0.082297
204673,485680,8192,0.087317
204737,486176,8192,0.086297
204801,485607,8192,0.094017
204865,485411,8192,0.091707
204929,484804,8192,0.092792
204993,483879,8192,0.098883
205057,484317,8192,0.095778
205121,484120,8192,0.104426
205185,484360,8192,0.100474
205249,483794,8192,0.104598
205313,483760,8192,0.107947
205377,483581,8192,0.102594
205441,483371,8192,0.104837
205505,483438,8192,0.100141
205569,482433,8192,0.107281
205633,482264,8192,0.107883
205697,481034,8192,0.113001
205761,479677,8192,0.126408
205825,478604,8192,0.127209
205889,478686,8192,0.129137
205953,478791,8192,0.137060
206017,479724,8192,0.126388
206081,480993,8192,0.115675
206145,480597,8192,0.119442
206209,479972,8192,0.126102
206273,480321,8192,0.126547
206337,480882,8192,0.124765
206401,480323,8192,0.123469
206465,480539,8192,0.127662
206529,481620,8192,0.116810
206593,480964,8192,0.124807
206657,481019,8192,0.118308
206721,481294,8192,0.115324
206785,481667,8192,0.111221
206849,481795,8192,0.112859
206913,481399,8192,0.121395
206977,482276,8192,0.114957
207041,482469,8192,0.111815
207105,482734,8192,0.109734
207169,481998,8192,0.130162
207233,481936,8192,0.129028
207297,482107,8192,0.134027
207361,481633,8192,0.142764
207425,481335,8192,0.146161
207489,481572,8192,0.140601
207553,481950,8192,0.140268
207617,481942,8192,0.150176
207681,481893,8192,0.150945
207745,481397,8192,0.160793
207809,481192,8192,0.158914
207873,480508,8192,0.167428
207937,480962,8192,0.164360
208001,480403,8192,0.168934
208065,480859,8192,0.164256
208129,479785,8192,0.166988
208193,479010,8192,0.169513
208257,480263,8192,0.157348
208321,481068,8192,0.146254
208385,480862,8192,0.149142
208449,481214,8192,0.140655
208513,480525,8192,0.144714
208577,481301,8192,0.131342
208641,481930,8192,0.121244
208705,482229,8192,0.122485
208769,481419,8192,0.135105
208833,482590,8192,0.123691
208897,482779,8192,0.121741
208961,483269,8192,0.126093
209025,484195,8192,0.115805
209089,484592,8192,0.115496
209153,485120,8192,0.111226
209217,484443,8192,0.118191
209281,484620,8192,0.120061
209345,484346,8192,0.119117
209409,484327,8192,0.119598
209473,484673,8192,0.112931
209537,483577,8192,0.131719
209601,484138,8192,0.128376
209665,484786,8192,0.122202
209729,485022,8192,0.119869
209793,484078,8192,0.132191
209857,483940,8192,0.134349
209921,483888,8192,0.132462
209985,483246,8192,0.135797
210049,482912,8192,0.139606
210113,483628,8192,0.132889
210177,484546,8192,0.123048
210241,484432,8192,0.126680
210305,483785,8192,0.135212
210369,483274,8192,0.135108
210433,483229,8192,0.131536
210497,483460,8192,0.132420
210561,484285,8192,0.125133
210625,484043,8192,0.132356
210689,483826,8192,0.135163
210753,483280,8192,0.133125
210817,482600,8192,0.134688
210881,483189,8192,0.117429
210945,484253,8192,0.110599
211009,484959,8192,0.109159
211073,485233,8192,0.105876
211137,486127,8192,0.097466
211201,485029,8192,0.104766
211265,485985,8192,0.097023
211329,485187,8192,0.105240
211393,485096,8192,0.103467
211457,484925,8192,0.105472
211521,484734,8192,0.112498
211585,484536,8192,0.111648
211649,484881,8192,0.108471
211713,484080,8192,0.118255
211777,483921,8192,0.118189
211841,483778,8192,0.128420
211905,483132,8192,0.136782
211969,482923,8192,0.140137
212033,482406,8192,0.132824
212097,481851,8192,0.139690
212161,481094,8192,0.144008
212225,481654,8192,0.133865
212289,482599,8192,0.119397
212353,482596,8192,0.122565
212417,482425,8192,0.124313
212481,482624,8192,0.132671
212545,482087,8192,0.142261
212609,482440,8192,0.141336
212673,482031,8192,0.149880
212737,482752,8192,0.139547
212801,482496,8192,0.141967
212865,481438,8192,0.153584
212929,481752,8192,0.151579
212993,481745,8192,0.155576
213057,481473,8192,0.154688
213121,481479,8192,0.151581
213185,481961,8192,0.150100
213249,482332,8192,0.139249
213313,481904,8192,0.136455
213377,481642,8192,0.145375
213441,481825,8192,0.140328
213505,481103,8192,0.152710
213569,481260,8192,0.151564
213633,481054,8192,0.149563
213697,481787,8192,0.142788
213761,481827,8192,0.139859
213825,482736,8192,0.131521
213889,482709,8192,0.128024
213953,482872,8192,0.124428
214017,482786,8192,0.130036
214081,481999,8192,0.148290
214145,482117,8192,0.149633
214209,481621,8192,0.144835
214273,481665,8192,0.146161
214337,481964,8192,0.148973
214401,482197,8192,0.147579
214465,481727,8192,0.156213
214529,481006,8192,0.166710
214593,480481,8192,0.170171
214657,480737,8192,0.169891
214721,480614,8192,0.169055
214785,481451,8192,0.166204
214849,482038,8192,0.162771
214913,482576,8192,0.162086
214977,482933,8192,0.153260
215041,483484,8192,0.143044
215105,484321,8192,0.134591
215169,484038,8192,0.136151
215233,484730,8192,0.128851
215297,483862,8192,0.138832
215361,483548,8192,0.142694
215425,483541,8192,0.141321
215489,484318,8192,0.125879
215553,482978,8192,0.138819
215617,483315,8192,0.127775
215681,483614,8192,0.126175
215745,483651,8192,0.128235
215809,483291,8192,0.128108
215873,483960,8192,0.118968
215937,484321,8192,0.123171
216001,484232,8192,0.126626
216065,483085,8192,0.143790
216129,483192,8192,0.138074
216193,482546,8192,0.148612
216257,482578,8192,0.146800
216321,482914,8192,0.136077
216385,483883,8192,0.125620
216449,485049,8192,0.113944
216513,484549,8192,0.119399
216577,484307,8192,0.121681
216641,484486,8192,0.115995
216705,483771,8192,0.121164
216769,483790,8192,0.124183
216833,484328,8192,0.115855
216897,485316,8192,0.102085
216961,486136,8192,0.094751
217025,485856,8192,0.099576
217089,486250,8192,0.083580
217153,486237,8192,0.083887
217217,486530,8192,0.082806
217281,486406,8192,0.082457
217345,486065,8192,0.085502
217409,486324,8192,0.091156
217473,485626,8192,0.100814
217537,486288,8192,0.091394
217601,486393,8192,0.100127
217665,486320,8192,0.100448
217729,485952,8192,0.104861
217793,486996,8192,0.088415
217857,486362,8192,0.091388
217921,486014,8192,0.093285
217985,485587,8192,0.091676
218049,485715,8192,0.082497
218113,484670,8192,0.095553
218177,484865,8192,0.099185
218241,484705,8192,0.101431
218305,485968,8192,0.088140
218369,485373,8192,0.090879
218433,485451,8192,0.086465
218497,485105,8192,0.087197
218561,485284,8192,0.085593
218625,485044,8192,0.083193
218689,485555,8192,0.084339
218753,485138,8192,0.091486
218817,485351,8192,0.086889
218881,485019,8192,0.090340
218945,484623,8192,0.097563
219009,484445,8192,0.103107
219073,484203,8192,0.110832
219137,484268,8192,0.109712
219201,484924,8192,0.103916
219265,485967,8192,0.092653
219329,486155,8192,0.092377
219393,487211,8192,0.081749
219457,487530,8192,0.081093
219521,486808,8192,0.093247
219585,486150,8192,0.101914
219649,485861,8192,0.097497
219713,486145,8192,0.103399
219777,485358,8192,0.112965
219841,484524,8192,0.119414
219905,483616,8192,0.121575
219969,483951,8192,0.108781
220033,484647,8192,0.104884
220097,484243,8192,0.109471
220161,484715,8192,0.102239
220225,483962,8192,0.112283
220289,482526,8192,0.127099
220353,483382,8192,0.118582
220417,483654,8192,0.123591
220481,483369,8192,0.124588
220545,482996,8192,0.131923
220609,482865,8192,0.137708
220673,481993,8192,0.151653
220737,481598,8192,0.161130
220801,481579,8192,0.166494
220865,482463,8192,0.154678
220929,481599,8192,0.163228
220993,481771,8192,0.164909
221057,481975,8192,0.163511
221121,482077,8192,0.166782
221185,481269,8192,0.173262
221249,481557,8192,0.176392
221313,481131,8192,0.177953
221377,482434,8192,0.165103
221441,482444,8192,0.173261
221505,482522,8192,0.176306
221569,482468,8192,0.182228
221633,481614,8192,0.187945
221697,481843,8192,0.181848
221761,481100,8192,0.188866
221825,480259,8192,0.194418
221889,480612,8192,0.186614
221953,481229,8192,0.175944
222017,481678,8192,0.170823
222081,482068,8192,0.161830
222145,483485,8192,0.140257
222209,483754,8192,0.135171
222273,483627,8192,0.139544
222337,482897,8192,0.155041
222401,482502,8192,0.159947
222465,482283,8192,0.155193
222529,482354,8192,0.148727
222593,482681,8192,0.141301
222657,482098,8192,0.149197
222721,481793,8192,0.150970
222785,482401,8192,0.148696
222849,482678,8192,0.141545
222913,482261,8192,0.143040
222977,483178,8192,0.131273
223041,483335,8192,0.125490
223105,482675,8192,0.128393
223169,483530,8192,0.123228
223233,483914,8192,0.120775
223297,483496,8192,0.119757
223361,484039,8192,0.114339
223425,484016,8192,0.110254
223489,484466,8192,0.107121
223553,483691,8192,0.117595
223617,484005,8192,0.116938
223681,483628,8192,0.114992
223745,484369,8192,0.113509
223809,483779,8192,0.116556
223873,483638,8192,0.121123
223937,484000,8192,0.112709
224001,484460,8192,0.108580
224065,484614,8192,0.102559
224129,484305,8192,0.108516
224193,485043,8192,0.103573
224257,483955,8192,0.117050
224321,483895,8192,0.111695
224385,482698,8192,0.121574
224449,483532,8192,0.105859
224513,482694,8192,0.110230
224577,482641,8192,0.114484
224641,482294,8192,0.119106
224705,481934,8192,0.116787
224769,483118,8192,0.103264
224833,483211,8192,0.100785
224897,483475,8192,0.104618
224961,483447,8192,0.103189
225025,483967,8192,0.094915
225089,483243,8192,0.102994
225153,483872,8192,0.101573
225217,483486,8192,0.106534
225281,484019,8192,0.105226
225345,484300,8192,0.102952
225409,483367,8192,0.111803
225473,482378,8192,0.125089
225537,483106,8192,0.117353
225601,483057,8192,0.120057
225665,482946,8192,0.118433
225729,484085,8192,0.101972
225793,484173,8192,0.106258
225857,483671,8192,0.111163
225921,483139,8192,0.114610
225985,482096,8192,0.121443
226049,482594,8192,0.118161
226113,483007,8192,0.110410
226177,483341,8192,0.108239
226241,483705,8192,0.105645
226305,483840,8192,0.098842
226369,483790,8192,0.103340
226433,482622,8192,0.110514
226497,483340,8192,0.106362
226561,483240,8192,0.102096
226625,483502,8192,0.098231
226689,483581,8192,0.100609
226753,483553,8192,0.105263
226817,483741,8192,0.099251
226881,482579,8192,0.101945
226945,482443,8192,0.099282
227009,481026,8192,0.101921
227073,480347,8192,0.102834
227137,481262,8192,0.091019
227201,481395,8192,0.092587
227265,482423,8192,0.092726
227329,482654,8192,0.098736
227393,482455,8192,0.096975
227457,482095,8192,0.097151
227521,481997,8192,0.097928
227585,480999,8192,0.107981
227649,480177,8192,0.116149
227713,480729,8192,0.111231
227777,479713,8192,0.121596
227841,480388,8192,0.106984
227905,479846,8192,0.111710
227969,479540,8192,0.113430
228033,480055,8192,0.105224
228097,479766,8192,0.109782
228161,479994,8192,0.100739
228225,480741,8192,0.095238
228289,481840,8192,0.085325
228353,480924,8192,0.100449
228417,480756,8192,0.099110
228481,481027,8192,0.094631
228545,480552,8192,0.103032
228609,480391,8192,0.105746
228673,479297,8192,0.117078
228737,479746,8192,0.114087
228801,479497,8192,0.120629
228865,479141,8192,0.126714
228929,479388,8192,0.135179
228993,480083,8192,0.137670
229057,479789,8192,0.148539
229121,478862,8192,0.155091
229185,478639,8192,0.157742
229249,478404,8192,0.150973
229313,478275,8192,0.157735
229377,479184,8192,0.156100
229441,479355,8192,0.156978
229505,477637,8192,0.176345
229569,477187,8192,0.172584
229633,477733,8192,0.169140
229697,477702,8192,0.164892
229761,478415,8192,0.158095
229825,478712,8192,0.154358
229889,479676,8192,0.135903
229953,479217,8192,0.143333
230017,478276,8192,0.152314
230081,479114,8192,0.137475
230145,479165,8192,0.137852
230209,479548,8192,0.131286
230273,479543,8192,0.136222
230337,480402,8192,0.123363
230401,479614,8192,0.129191
230465,479888,8192,0.134735
230529,480408,8192,0.127880
230593,479626,8192,0.141000
230657,478954,8192,0.152585
230721,477862,8192,0.154712
230785,477686,8192,0.160973
230849,476791,8192,0.172025
230913,476761,8192,0.166711
230977,476076,8192,0.178174
231041,476043,8192,0.179997
231105,476053,8192,0.174887
231169,476891,8192,0.168974
231233,477796,8192,0.160969
231297,478448,8192,0.152074
231361,478150,8192,0.149869
231425,478884,8192,0.137209
231489,479094,8192,0.132849
231553,478639,8192,0.128610
231617,478610,8192,0.123939
231681,479236,8192,0.121927
231745,478923,8192,0.122868
231809,478754,8192,0.124914
231873,479466,8192,0.112894
231937,479689,8192,0.104692
232001,479025,8192,0.116344
232065,478754,8192,0.126328
232129,478206,8192,0.126242
232193,477917,8192,0.136803
232257,477925,8192,0.132809
232321,477252,8192,0.141089
232385,478342,8192,0.130661
232449,478624,8192,0.116825
232513,477398,8192,0.132245
232577,478039,8192,0.135131
232641,479081,8192,0.119243
232705,479392,8192,0.115813
232769,479682,8192,0.115249
232833,480469,8192,0.110024
232897,479932,8192,0.120444
232961,480262,8192,0.112560
233025,480122,8192,0.110691
233089,480143,8192,0.107066
233153,479454,8192,0.114127
233217,479501,8192,0.113513
233281,479755,8192,0.112156
233345,479245,8192,0.114617
233409,479415,8192,0.113665
233473,479770,8192,0.111445
233537,479547,8192,0.113950
233601,479247,8192,0.109532
233665,480301,8192,0.099790
233729,480666,8192,0.093849
233793,480459,8192,0.097779
233857,480880,8192,0.102423
233921,481326,8192,0.099095
233985,481228,8192,0.104782
234049,481332,8192,0.105202
234113,480105,8192,0.116414
234177,480206,8192,0.109310
234241,480027,8192,0.113302
234305,479784,8192,0.121401
234369,478769,8192,0.124577
234433,479558,8192,0.114507
234497,479293,8192,0.124872
234561,478846,8192,0.128091
234625,479536,8192,0.112530
234689,479400,8192,0.116494
234753,480174,8192,0.112483
234817,480250,8192,0.115295
234881,481436,8192,0.115612
234945,480498,8192,0.122706
235009,480248,8192,0.122286
235073,479783,8192,0.121324
235137,480023,8192,0.119776
235201,479842,8192,0.122399
235265,480136,8192,0.116051
235329,479971,8192,0.123653
235393,480445,8192,0.112335
235457,479108,8192,0.121562
235521,479402,8192,0.116833
235585,479966,8192,0.118771
235649,479460,8192,0.131205
235713,479320,8192,0.136540
235777,478472,8192,0.150207
235841,478332,8192,0.152978
235905,477549,8192,0.161003
235969,477657,8192,0.159780
236033,478348,8192,0.154110
236097,478884,8192,0.152054
236161,479605,8192,0.153686
236225,479787,8192,0.155022
236289,480557,8192,0.153657
236353,480857,8192,0.151301
236417,481067,8192,0.147729
236481,480781,8192,0.149281
236545,480440,8192,0.156528
236609,480403,8192,0.153961
236673,479469,8192,0.162109
236737,479840,8192,0.158705
236801,480014,8192,0.151899
236865,480032,8192,0.143989
236929,480819,8192,0.129629
236993,481058,8192,0.129217
237057,481539,8192,0.122376
237121,481809,8192,0.121411
237185,482098,8192,0.118662
237249,481878,8192,0.128295
237313,482654,8192,0.121846
237377,483750,8192,0.111974
237441,484082,8192,0.108282
237505,483739,8192,0.108044
237569,484119,8192,0.110760
237633,484734,8192,0.107104
237697,483935,8192,0.118374
237761,484106,8192,0.116517
237825,484326,8192,0.117855
237889,484085,8192,0.120280
237953,483598,8192,0.125988
238017,483370,8192,0.130618
238081,484024,8192,0.117676
238145,483887,8192,0.119830
238209,483295,8192,0.123188
238273,483344,8192,0.120372
238337,483543,8192,0.122939
238401,482852,8192,0.127660
238465,483143,8192,0.129224
238529,482301,8192,0.132172
238593,483376,8192,0.118896
238657,483259,8192,0.111526
238721,482988,8192,0.114010
238785,483169,8192,0.110203
238849,483485,8192,0.107085
238913,483875,8192,0.105555
238977,484388,8192,0.100483
239041,484806,8192,0.103524
239105,484493,8192,0.109456
239169,483273,8192,0.123294
239233,482492,8192,0.127856
239297,482974,8192,0.117122
239361,483485,8192,0.114139
239425,484183,8192,0.111704
239489,483343,8192,0.117383
239553,483446,8192,0.116205
239617,483706,8192,0.106228
239681,483528,8192,0.108775
239745,484421,8192,0.104524
239809,484852,8192,0.105062
239873,484986,8192,0.104843
239937,485493,8192,0.096551
240001,486003,8192,0.088965
240065,485043,8192,0.106404
240129,484818,8192,0.107494
240193,483867,8192,0.121178
240257,483530,8192,0.125305
240321,484326,8192,0.114745
240385,485042,8192,0.103441
240449,485018,8192,0.100880
240513,484982,8192,0.100474
240577,484932,8192,0.103301
240641,484868,8192,0.111745
240705,484135,8192,0.119885
240769,483305,8192,0.128074
240833,482595,8192,0.137705
240897,482238,8192,0.136852
240961,482179,8192,0.137161
241025,482461,8192,0.139331
241089,483396,8192,0.135516
241153,484042,8192,0.133174
241217,483019,8192,0.140266
241281,481551,8192,0.153438
241345,481401,8192,0.150536
241409,482568,8192,0.134459
241473,483466,8192,0.123447
241537,483719,8192,0.117951
241601,483969,8192,0.121773
241665,484270,8192,0.119765
241729,485355,8192,0.105374
241793,486044,8192,0.099844
241857,486349,8192,0.100442
241921,485250,8192,0.116329
241985,484673,8192,0.123600
242049,484886,8192,0.122668
242113,484982,8192,0.125312
242177,485089,8192,0.128523
242241,485014,8192,0.128608
242305,485282,8192,0.127651
242369,485890,8192,0.122535
242433,485935,8192,0.119614
242497,486592,8192,0.112707
242561,486764,8192,0.109116
242625,486642,8192,0.117049
242689,486844,8192,0.115835
242753,486396,8192,0.121469
242817,486750,8192,0.114126
242881,486450,8192,0.112759
242945,486070,8192,0.124066
243009,486092,8192,0.122294
243073,485841,8192,0.124398
243137,484911,8192,0.132244
243201,483929,8192,0.140192
243265,483354,8192,0.148408
243329,483671,8192,0.139489
243393,482700,8192,0.150655
243457,483384,8192,0.138327
243521,483843,8192,0.139820
243585,483246,8192,0.150787
243649,483354,8192,0.146656
243713,483323,8192,0.147881
243777,483946,8192,0.144510
243841,483848,8192,0.147588
243905,483676,8192,0.142574
243969,483212,8192,0.143031
244033,483032,8192,0.136728
244097,482378,8192,0.135734
244161,481751,8192,0.143350
244225,481280,8192,0.145992
244289,480911,8192,0.148310
244353,481649,8192,0.143967
244417,482495,8192,0.129455
244481,482193,8192,0.132471
244545,482813,8192,0.125665
244609,482905,8192,0.126005
244673,483160,8192,0.127432
244737,483766,8192,0.125211
244801,483834,8192,0.126258
244865,483843,8192,0.127990
244929,483182,8192,0.135114
244993,483700,8192,0.131676
245057,484538,8192,0.124879
245121,483820,8192,0.132729
245185,483688,8192,0.134732
245249,483434,8192,0.131991
245313,482087,8192,0.143222
245377,481755,8192,0.146217
245441,482412,8192,0.138737
245505,482218,8192,0.140153
245569,483071,8192,0.131984
245633,483167,8192,0.129161
245697,483290,8192,0.133754
245761,482710,8192,0.143806
245825,483278,8192,0.129623
245889,482006,8192,0.143950
245953,482775,8192,0.132402
246017,481785,8192,0.133969
246081,481850,8192,0.127723
246145,482443,8192,0.118403
246209,482617,8192,0.114328
246273,483814,8192,0.104804
246337,484643,8192,0.092221
246401,483884,8192,0.098750
246465,484151,8192,0.090609
246529,484296,8192,0.090632
246593,483818,8192,0.096567
246657,483871,8192,0.097813
246721,485071,8192,0.091532
246785,484286,8192,0.106385
246849,483481,8192,0.116837
246913,482960,8192,0.120928
246977,481928,8192,0.128871
247041,482556,8192,0.127499
247105,481346,8192,0.136147
247169,482328,8192,0.129333
247233,482601,8192,0.124262
247297,482228,8192,0.132721
247361,482504,8192,0.133770
247425,482792,8192,0.128019
247489,482702,8192,0.124388
247553,482219,8192,0.128820
247617,482618,8192,0.118004
247681,482419,8192,0.121345
247745,483372,8192,0.113604
247809,483629,8192,0.108727
247873,484511,8192,0.104550
247937,484127,8192,0.115455
248001,484119,8192,0.112388
248065,485447,8192,0.095569
248129,484567,8192,0.101362
248193,485133,8192,0.101252
248257,484931,8192,0.100072
248321,484641,8192,0.102493
248385,483405,8192,0.117712
248449,483768,8192,0.108196
248513,484110,8192,0.111109
248577,483757,8192,0.113684
248641,483579,8192,0.115197
248705,483943,8192,0.114922
248769,483647,8192,0.121519
248833,483048,8192,0.128420
248897,482452,8192,0.133244
248961,482035,8192,0.134796
249025,482355,8192,0.130806
249089,482544,8192,0.132768
249153,482078,8192,0.131171
249217,482764,8192,0.122642
249281,483867,8192,0.116732
249345,484270,8192,0.114514
249409,484965,8192,0.114105
249473,483838,8192,0.125155
249537,483628,8192,0.126494
249601,483661,8192,0.128600
249665,483341,8192,0.136959
249729,483142,8192,0.139679
249793,482193,8192,0.150531
249857,480936,8192,0.156434
249921,480851,8192,0.151294
249985,480764,8192,0.155205
250049,480932,8192,0.148570
250113,481664,8192,0.140522
250177,482247,8192,0.135458
250241,482404,8192,0.135895
250305,482748,8192,0.125117
250369,482992,8192,0.123624
250433,484018,8192,0.113178
250497,484126,8192,0.110003
250561,484159,8192,0.110074
250625,484220,8192,0.113837
250689,484596,8192,0.111471
250753,484345,8192,0.116695
250817,484188,8192,0.114316
250881,484815,8192,0.105738
250945,483991,8192,0.111679
251009,483721,8192,0.108298
251073,483642,8192,0.105276
251137,483373,8192,0.109882
251201,483154,8192,0.119830
251265,483051,8192,0.123953
251329,482381,8192,0.128593
251393,482150,8192,0.136760
251457,482806,8192,0.126811
251521,482578,8192,0.130327
251585,483022,8192,0.126137
251649,483542,8192,0.121193
251713,483367,8192,0.125429
251777,482930,8192,0.130220
251841,483447,8192,0.124038
251905,484478,8192,0.116752
251969,484793,8192,0.112139
252033,484819,8192,0.107814
252097,484499,8192,0.111198
252161,483993,8192,0.125009
252225,484330,8192,0.119579
252289,483888,8192,0.125465
252353,484099,8192,0.128173
252417,483450,8192,0.128812
252481,483412,8192,0.130977
252545,482967,8192,0.136558
252609,481931,8192,0.137931
252673,481347,8192,0.141185
252737,482174,8192,0.135840
252801,482119,8192,0.132423
252865,482830,8192,0.124486
252929,482776,8192,0.131095
252993,483385,8192,0.120307
253057,484169,8192,0.110324
253121,484460,8192,0.105707
253185,484943,8192,0.100275
253249,485052,8192,0.100527
253313,485621,8192,0.095547
253377,485777,8192,0.097770
253441,485419,8192,0.100873
253505,484551,8192,0.104880
253569,484483,8192,0.110170
253633,484269,8192,0.111380
253697,484467,8192,0.108623
253761,483985,8192,0.120507
253825,483930,8192,0.118140
253889,483739,8192,0.116130
253953,483247,8192,0.123709
254017,483494,8192,0.117106
254081,482550,8192,0.135288
254145,482291,8192,0.138965
254209,482522,8192,0.140264
254273,482827,8192,0.137999
254337,481765,8192,0.142026
254401,480921,8192,0.152891
254465,479668,8192,0.165197
254529,479883,8192,0.165701
254593,479164,8192,0.162500
254657,479405,8192,0.156131
254721,480888,8192,0.140899
254785,481363,8192,0.140978
254849,481742,8192,0.132415
254913,482427,8192,0.126408
254977,482885,8192,0.118644
255041,483569,8192,0.116153
255105,483762,8192,0.118459
255169,483746,8192,0.120137
255233,483312,8192,0.125218
255297,483283,8192,0.125463
255361,483724,8192,0.118850
255425,483651,8192,0.118698
255489,483563,8192,0.115215
255553,483706,8192,0.116414
255617,483073,8192,0.121979
255681,483271,8192,0.113128
255745,482390,8192,0.117803
255809,482849,8192,0.120574
255873,483111,8192,0.114709
255937,483646,8192,0.109653
256001,482660,8192,0.112593
256065,482883,8192,0.113876
256129,482852,8192,0.112976
256193,482608,8192,0.115859
256257,482161,8192,0.117908
256321,481642,8192,0.120134
256385,481068,8192,0.125811
256449,481058,8192,0.132562
256513,481808,8192,0.122511
256577,481841,8192,0.125947
256641,482755,8192,0.124372
256705,482864,8192,0.120784
256769,482504,8192,0.122735
256833,481755,8192,0.131867
256897,482001,8192,0.134385
256961,481784,8192,0.142835
257025,482295,8192,0.133773
257089,481292,8192,0.152799
257153,482071,8192,0.153467
257217,481696,8192,0.163912
257281,481650,8192,0.164053
257345,481942,8192,0.160487
257409,481302,8192,0.167411
257473,480473,8192,0.176054
257537,479625,8192,0.184689
257601,479513,8192,0.182181
257665,480068,8192,0.168001
257729,479603,8192,0.171514
257793,479607,8192,0.170586
257857,478939,8192,0.174223
257921,478926,8192,0.171113
257985,479579,8192,0.163123
258049,480253,8192,0.159473
258113,480763,8192,0.148496
258177,480597,8192,0.143551
258241,480425,8192,0.151282
258305,480475,8192,0.155244
258369,480634,8192,0.149839
258433,481599,8192,0.134186
258497,481836,8192,0.138902
258561,482931,8192,0.126979
258625,481842,8192,0.139134
258689,481662,8192,0.144342
258753,481705,8192,0.148496
258817,481564,8192,0.147597
258881,481162,8192,0.157394
258945,480322,8192,0.167985
259009,479118,8192,0.181503
259073,479567,8192,0.180206
259137,480165,8192,0.168723
259201,479326,8192,0.174384
259265,478456,8192,0.183062
259329,478725,8192,0.179159
259393,478870,8192,0.176703
259457,478586,8192,0.179582
259521,479182,8192,0.172967
259585,478787,8192,0.178680
259649,478293,8192,0.185544
259713,478846,8192,0.175099
259777,479011,8192,0.169697
259841,479976,8192,0.161369
259905,480014,8192,0.165932
259969,479709,8192,0.170345
260033,479579,8192,0.170838
260097,479251,8192,0.172205
260161,478961,8192,0.174878
260225,479450,8192,0.173734
260289,479029,8192,0.171447
260353,479498,8192,0.168663
260417,479964,8192,0.164052
260481,480118,8192,0.163012
260545,480329,8192,0.157344
260609,480649,8192,0.155090
260673,481434,8192,0.150014
260737,481722,8192,0.142253
260801,482442,8192,0.135284
260865,482126,8192,0.140711
260929,482226,8192,0.140331
260993,482313,8192,0.135215
261057,482687,8192,0.138345
261121,482883,8192,0.140151
261185,483190,8192,0.138230
261249,483426,8192,0.134317
261313,484924,8192,0.125259
261377,484277,8192,0.137884
261441,484267,8192,0.136688
261505,483933,8192,0.141699
261569,484083,8192,0.147358
261633,482809,8192,0.163208
261697,482179,8192,0.172777
261761,481473,8192,0.179654
261825,481943,8192,0.173044
261889,481707,8192,0.174549
261953,481848,8192,0.164672
262017,481307,8192,0.164509
262081,480154,8192,0.172114
262145,480492,8192,0.164271
262209,479925,8192,0.180425
262273,479683,8192,0.183840
262337,479825,8192,0.179372
262401,479198,8192,0.182219
262465,480347,8192,0.164489
262529,480838,8192,0.154835
262593,480901,8192,0.152009
262657,480038,8192,0.159957
262721,479627,8192,0.162403
262785,479491,8192,0.161739
262849,479551,8192,0.158386
262913,479786,8192,0.155896
262977,480012,8192,0.148547
263041,479421,8192,0.151603
263105,479665,8192,0.147548
263169,479121,8192,0.148651
263233,479141,8192,0.148914
263297,479386,8192,0.143337
263361,479246,8192,0.147513
263425,479645,8192,0.144862
263489,479696,8192,0.142710
263553,479803,8192,0.139390
263617,480514,8192,0.129112
263681,481195,8192,0.120321
263745,480861,8192,0.126388
263809,480725,8192,0.124031
263873,480954,8192,0.120678
263937,480908,8192,0.118581
264001,480733,8192,0.121126
264065,480547,8192,0.128204
264129,480539,8192,0.131231
264193,480631,8192,0.131191
264257,480132,8192,0.131399
264321,479351,8192,0.138659
264385,479468,8192,0.132765
264449,479481,8192,0.132165
264513,479941,8192,0.126593
264577,480387,8192,0.121578
264641,480397,8192,0.119754
264705,480755,8192,0.123082
264769,480042,8192,0.134089
264833,479926,8192,0.133733
264897,481128,8192,0.122955
264961,480930,8192,0.126826
265025,481780,8192,0.119730
265089,481620,8192,0.119475
265153,481822,8192,0.121119
265217,481311,8192,0.134457
265281,481421,8192,0.139272
265345,481502,8192,0.137872
265409,481823,8192,0.131157
265473,481817,8192,0.128771
265537,481863,8192,0.126164
265601,481812,8192,0.131862
265665,481810,8192,0.127391
265729,481435,8192,0.134580
265793,480906,8192,0.143576
265857,481115,8192,0.141737
265921,481151,8192,0.140175
265985,481799,8192,0.134872
266049,481625,8192,0.138375
266113,481821,8192,0.135514
266177,481254,8192,0.140549
266241,481815,8192,0.140043
266305,481652,8192,0.143099
266369,481410,8192,0.139272
266433,481005,8192,0.139912
266497,481274,8192,0.132301
266561,481083,8192,0.130647
266625,481829,8192,0.120240
266689,482849,8192,0.109910
266753,482612,8192,0.118980
266817,482707,8192,0.117796
266881,482554,8192,0.128041
266945,482941,8192,0.122763
267009,482813,8192,0.128201
267073,482746,8192,0.124408
267137,483364,8192,0.128727
267201,484169,8192,0.129970
267265,483528,8192,0.133378
267329,483636,8192,0.130369
267393,483201,8192,0.135082
267457,482719,8192,0.152062
267521,482301,8192,0.160292
267585,482258,8192,0.160192
267649,481373,8192,0.167478
267713,481566,8192,0.157591
267777,481068,8192,0.160023
267841,480737,8192,0.156279
267905,481212,8192,0.151555
267969,481076,8192,0.157261
268033,480364,8192,0.164041
268097,478703,8192,0.177021
268161,478788,8192,0.178590
268225,478249,8192,0.181689
268289,477349,8192,0.186421
268353,478949,8192,0.171711
268417,479385,8192,0.172714
268481,480411,8192,0.159013
268545,481603,8192,0.148045
268609,482368,8192,0.137204
268673,482869,8192,0.139970
268737,483444,8192,0.135179
268801,482458,8192,0.140568
268865,481097,8192,0.137521
268929,481381,8192,0.132725
268993,480906,8192,0.138117
269057,481328,8192,0.130124
269121,481630,8192,0.118372
269185,480928,8192,0.127957
269249,480665,8192,0.129012
269313,481275,8192,0.123540
269377,481968,8192,0.123590
269441,481927,8192,0.127297
269505,483192,8192,0.117147
269569,483262,8192,0.117649
269633,483139,8192,0.120845
269697,484013,8192,0.114499
269761,484273,8192,0.117304
269825,484153,8192,0.119512
269889,483698,8192,0.132873
269953,484305,8192,0.131363
270017,484027,8192,0.130958
270081,484680,8192,0.122029
270145,485310,8192,0.115490
270209,485407,8192,0.115044
270273,485228,8192,0.122508
270337,484941,8192,0.126446
270401,484945,8192,0.130857
270465,484388,8192,0.141464
270529,483494,8192,0.151195
270593,483510,8192,0.149747
270657,482063,8192,0.165220
270721,482027,8192,0.164262
270785,482888,8192,0.158533
270849,483581,8192,0.149807
270913,483208,8192,0.148877
270977,483644,8192,0.137052
271041,484349,8192,0.124289
271105,484527,8192,0.119211
271169,485001,8192,0.127809
271233,485524,8192,0.120253
271297,485566,8192,0.125273
271361,485387,8192,0.131594
271425,485494,8192,0.128839
271489,485884,8192,0.128909
271553,485900,8192,0.133416
271617,485609,8192,0.135366
271681,485211,8192,0.136542
271745,484943,8192,0.140850
271809,484955,8192,0.137997
271873,484648,8192,0.148480
271937,484216,8192,0.154741
272001,484638,8192,0.150031
272065,484711,8192,0.149980
272129,484575,8192,0.151434
272193,484600,8192,0.149600
272257,483605,8192,0.163586
272321,483557,8192,0.160875
272385,483595,8192,0.158897
272449,483703,8192,0.156007
272513,483432,8192,0.154044
272577,483309,8192,0.155519
272641,483731,8192,0.154807
272705,484454,8192,0.144041
272769,485090,8192,0.125553
272833,484087,8192,0.134631
272897,484567,8192,0.128170
272961,484126,8192,0.134527
273025,484526,8192,0.129214
273089,484496,8192,0.130772
273153,483961,8192,0.136773
273217,483341,8192,0.142377
273281,482746,8192,0.146282
273345,483869,8192,0.135613
273409,484326,8192,0.134713
273473,483997,8192,0.140865
273537,484689,8192,0.135786
273601,484575,8192,0.134475
273665,484621,8192,0.133439
273729,484647,8192,0.132681
273793,485251,8192,0.124970
273857,484627,8192,0.130175
273921,484927,8192,0.133797
273985,484416,8192,0.137853
274049,484652,8192,0.135337
274113,484894,8192,0.133609
274177,484856,8192,0.125981
274241,485276,8192,0.127781
274305,485332,8192,0.126429
274369,485739,8192,0.119442
274433,485309,8192,0.120139
274497,484918,8192,0.121236
274561,484990,8192,0.120305
274625,484858,8192,0.124941
274689,484737,8192,0.129744
274753,485255,8192,0.123634
274817,485620,8192,0.114183
274881,485681,8192,0.107326
274945,485488,8192,0.108751
275009,485137,8192,0.107793
275073,486299,8192,0.098371
275137,485401,8192,0.110740
275201,486668,8192,0.093551
275265,486324,8192,0.097778
275329,486275,8192,0.104594
275393,486232,8192,0.099502
275457,485288,8192,0.108771
275521,485495,8192,0.115849
275585,485072,8192,0.125710
275649,485649,8192,0.117420
275713,485254,8192,0.126379
275777,485679,8192,0.116267
275841,485488,8192,0.121426
275905,486667,8192,0.110551
275969,486925,8192,0.109725
276033,487106,8192,0.109053
276097,486797,8192,0.117159
276161,486821,8192,0.117316
276225,486497,8192,0.120022
276289,486708,8192,0.114721
276353,486736,8192,0.116031
276417,486238,8192,0.120284
276481,485590,8192,0.125490
276545,485760,8192,0.125905
276609,485864,8192,0.122630
276673,484407,8192,0.136948
276737,485520,8192,0.127766
276801,486051,8192,0.124425
276865,485605,8192,0.132659
276929,485898,8192,0.126867
276993,485976,8192,0.128048
277057,486253,8192,0.124492
277121,487214,8192,0.111438
277185,486790,8192,0.117019
277249,487617,8192,0.111898
277313,487311,8192,0.112252
277377,487029,8192,0.120578
277441,487620,8192,0.117848
277505,487857,8192,0.117809
277569,488267,8192,0.112063
277633,488641,8192,0.110925
277697,488901,8192,0.108540
277761,488459,8192,0.112780
277825,488646,8192,0.106853
277889,488486,8192,0.112247
277953,488328,8192,0.114804
278017,488013,8192,0.115062
278081,487082,8192,0.127887
278145,487782,8192,0.123103
278209,486789,8192,0.125374
278273,486668,8192,0.125470
278337,486986,8192,0.116122
278401,487174,8192,0.108240
278465,486328,8192,0.112319
278529,485207,8192,0.124023
278593,485103,8192,0.122549
278657,484511,8192,0.126500
278721,484987,8192,0.111709
278785,485077,8192,0.110241
278849,484395,8192,0.121867
278913,484227,8192,0.121846
278977,484998,8192,0.118395
279041,486112,8192,0.101322
279105,486427,8192,0.096986
279169,485567,8192,0.098085
279233,484848,8192,0.099721
279297,484570,8192,0.103085
279361,484308,8192,0.105095
279425,483873,8192,0.108699
279489,484129,8192,0.104246
279553,483970,8192,0.106633
279617,484447,8192,0.102382
279681,484226,8192,0.104440
279745,484238,8192,0.106432
279809,484042,8192,0.103281
279873,484035,8192,0.110267
279937,482565,8192,0.127332
280001,482117,8192,0.137146
280065,482252,8192,0.135568
280129,482552,8192,0.126758
280193,480897,8192,0.149940
280257,480806,8192,0.150367
280321,481401,8192,0.142320
280385,481470,8192,0.143605
280449,480796,8192,0.151345
280513,479941,8192,0.161964
280577,478622,8192,0.170362
280641,479120,8192,0.157301
280705,479798,8192,0.149031
280769,480081,8192,0.143022
280833,479937,8192,0.152202
280897,480116,8192,0.142464
280961,479811,8192,0.136886
281025,479334,8192,0.129548
281089,480369,8192,0.118468
281153,480250,8192,0.120489
281217,480278,8192,0.125755
281281,480332,8192,0.133973
281345,480984,8192,0.132545
281409,480773,8192,0.134951
281473,481390,8192,0.123757
281537,482036,8192,0.121385
281601,481080,8192,0.135511
281665,480811,8192,0.132116
281729,480399,8192,0.128549
281793,480196,8192,0.131812
281857,480557,8192,0.132423
281921,479785,8192,0.138772
281985,479975,8192,0.128949
282049,480559,8192,0.126057
282113,480831,8192,0.118308
282177,480272,8192,0.123944
282241,480743,8192,0.118729
282305,480894,8192,0.112319
282369,481095,8192,0.113892
282433,481715,8192,0.103166
282497,482202,8192,0.101894
282561,482931,8192,0.092591
282625,481984,8192,0.098618
282689,482856,8192,0.092405
282753,483521,8192,0.081739
282817,482642,8192,0.087908
282881,482276,8192,0.095142
282945,482191,8192,0.103802
283009,482634,8192,0.096277
283073,482957,8192,0.094061
283137,483184,8192,0.088614
283201,482679,8192,0.091309
283265,482340,8192,0.094989
283329,482720,8192,0.094684
283393,481734,8192,0.097605
283457,481578,8192,0.099414
283521,481318,8192,0.103066
283585,482406,8192,0.096230
283649,482649,8192,0.093089
283713,481187,8192,0.102560
283777,481772,8192,0.094305
283841,481487,8192,0.099335
283905,480775,8192,0.114495
283969,480693,8192,0.110120
284033,481075,8192,0.114114
284097,480122,8192,0.121544
284161,480214,8192,0.119234
284225,480098,8192,0.114881
284289,480474,8192,0.111620
284353,480363,8192,0.116405
284417,480197,8192,0.118974
284481,480369,8192,0.114910
284545,481056,8192,0.110801
284609,480168,8192,0.117640
284673,480162,8192,0.116315
284737,480127,8192,0.119304
284801,480919,8192,0.111903
284865,480717,8192,0.111196
284929,481414,8192,0.105799
284993,481410,8192,0.099085
285057,481362,8192,0.104617
285121,481317,8192,0.105747
285185,480020,8192,0.117778
285249,478979,8192,0.114205
285313,479271,8192,0.116959
285377,480318,8192,0.109111
285441,479847,8192,0.117211
285505,480149,8192,0.111092
285569,479195,8192,0.115819
285633,480331,8192,0.115200
285697,480653,8192,0.117995
285761,482234,8192,0.108935
285825,482975,8192,0.105095
285889,483297,8192,0.102260
285953,483828,8192,0.098264
286017,483234,8192,0.099123
286081,483127,8192,0.105188
286145,483190,8192,0.109886
286209,483522,8192,0.113090
286273,483280,8192,0.126333
286337,484034,8192,0.122625
286401,483193,8192,0.125717
286465,483006,8192,0.134382
286529,482562,8192,0.141241
286593,482920,8192,0.137810
286657,483013,8192,0.130775
286721,482268,8192,0.138959
286785,482662,8192,0.139063
286849,482653,8192,0.132782
286913,482147,8192,0.130306
286977,481945,8192,0.132937
287041,481797,8192,0.129596
287105,481464,8192,0.130909
287169,482293,8192,0.118143
287233,481904,8192,0.120225
287297,481662,8192,0.113259
287361,480842,8192,0.121486
287425,480427,8192,0.121529
287489,480956,8192,0.115532
287553,480335,8192,0.121162
287617,480906,8192,0.120192
287681,481725,8192,0.111137
287745,481407,8192,0.113465
287809,480912,8192,0.121377
287873,481299,8192,0.118895
287937,480134,8192,0.130483
288001,480794,8192,0.120984
288065,480050,8192,0.122467
288129,480646,8192,0.115561
288193,480749,8192,0.122301
288257,480836,8192,0.126662
288321,480714,8192,0.127747
288385,480455,8192,0.135215
288449,481348,8192,0.131346
288513,481408,8192,0.127407
288577,480442,8192,0.143404
288641,480660,8192,0.140955
288705,480794,8192,0.140731
288769,479982,8192,0.144314
288833,479660,8192,0.150656
288897,480244,8192,0.150002
288961,480510,8192,0.160873
289025,480474,8192,0.160991
289089,479334,8192,0.169686
289153,479651,8192,0.166476
289217,480604,8192,0.151140
289281,480578,8192,0.152917
289345,480840,8192,0.153791
289409,480768,8192,0.169205
289473,480735,8192,0.169184
289537,481129,8192,0.162756
289601,480975,8192,0.166595
289665,481200,8192,0.165244
289729,480943,8192,0.172432
289793,481044,8192,0.180111
289857,481309,8192,0.175562
289921,481485,8192,0.176254
289985,480914,8192,0.182703
290049,480190,8192,0.195161
290113,480819,8192,0.193089
290177,480154,8192,0.200899
290241,479842,8192,0.194789
290305,479889,8192,0.191331
290369,478911,8192,0.211880
290433,478693,8192,0.221968
290497,478173,8192,0.229520
290561,478678,8192,0.225330
290625,480140,8192,0.208352
290689,480218,8192,0.193901
290753,479520,8192,0.200328
290817,478144,8192,0.214766
290881,479452,8192,0.189808
290945,480518,8192,0.173274
291009,480494,8192,0.178319
291073,480928,8192,0.172946
291137,480163,8192,0.186153
291201,480636,8192,0.182955
291265,481417,8192,0.172583
291329,481789,8192,0.173437
291393,482978,8192,0.159147
291457,482855,8192,0.156064
291521,482971,8192,0.156565
291585,483124,8192,0.148194
291649,483389,8192,0.141033
291713,482604,8192,0.154077
291777,483286,8192,0.138285
291841,482896,8192,0.144496
291905,483671,8192,0.136835
291969,483550,8192,0.138028
292033,482711,8192,0.141521
292097,482386,8192,0.142070
292161,482267,8192,0.142808
292225,482424,8192,0.138570
292289,482786,8192,0.132522
292353,483409,8192,0.126191
292417,483785,8192,0.125545
292481,483630,8192,0.125622
292545,483317,8192,0.133906
292609,484947,8192,0.112637
292673,484664,8192,0.118853
292737,485131,8192,0.120494
292801,485409,8192,0.120722
292865,484622,8192,0.126005
292929,484155,8192,0.129505
292993,484426,8192,0.123994
293057,484610,8192,0.123383
293121,485146,8192,0.119558
293185,484878,8192,0.127539
293249,483988,8192,0.141997
293313,483723,8192,0.143583
293377,484065,8192,0.145222
293441,482490,8192,0.167276
293505,482113,8192,0.166423
293569,482457,8192,0.163504
293633,483196,8192,0.152720
293697,483887,8192,0.140731
293761,484341,8192,0.135382
293825,483023,8192,0.152937
293889,482960,8192,0.149267
293953,483245,8192,0.144598
294017,484254,8192,0.135114
294081,485099,8192,0.118436
294145,484945,8192,0.116371
294209,485022,8192,0.117670
294273,484948,8192,0.119163
294337,485440,8192,0.115072
294401,486157,8192,0.108461
294465,485386,8192,0.113830
294529,485108,8192,0.119540
294593,484666,8192,0.131917
294657,484743,8192,0.134666
294721,485370,8192,0.125749
294785,485082,8192,0.130885
294849,484561,8192,0.140541
294913,484712,8192,0.138721
294977,484335,8192,0.143356
295041,483714,8192,0.152024
295105,484093,8192,0.144990
295169,484118,8192,0.143770
295233,485748,8192,0.126337
295297,485071,8192,0.137046
295361,485793,8192,0.128171
295425,486211,8192,0.123221
295489,485830,8192,0.125068
295553,486603,8192,0.114983
295617,486564,8192,0.118032
295681,485850,8192,0.125804
295745,486887,8192,0.111888
295809,486838,8192,0.108284
295873,487234,8192,0.104313
295937,486849,8192,0.105821
296001,487103,8192,0.099113
296065,487101,8192,0.104904
296129,487031,8192,0.113417
296193,487933,8192,0.108499
296257,488344,8192,0.108889
296321,488568,8192,0.105776
296385,488537,8192,0.104755
296449,488413,8192,0.103174
296513,487941,8192,0.108031
296577,487287,8192,0.111963
296641,488253,8192,0.105690
296705,488851,8192,0.100793
296769,488172,8192,0.106503
296833,488291,8192,0.102523
296897,488316,8192,0.103924
296961,487667,8192,0.109436
297025,488248,8192,0.103180
297089,487868,8192,0.103929
297153,487456,8192,0.107085
297217,487313,8192,0.108217
297281,487278,8192,0.105189
297345,487081,8192,0.116726
297409,486706,8192,0.126912
297473,486541,8192,0.126122
297537,486666,8192,0.125879
297601,486324,8192,0.126444
297665,486746,8192,0.116864
297729,486931,8192,0.115068
297793,486960,8192,0.115146
297857,486758,8192,0.118343
297921,486342,8192,0.121801
297985,486846,8192,0.116462
298049,487013,8192,0.107235
298113,487006,8192,0.102760
298177,487492,8192,0.095186
298241,487866,8192,0.093899
298305,487806,8192,0.098639
298369,487837,8192,0.099140
298433,487369,8192,0.113992
298497,486379,8192,0.127279
298561,486530,8192,0.127622
298625,486104,8192,0.131950
298689,485776,8192,0.138143
298753,486911,8192,0.124718
298817,486513,8192,0.135259
298881,486376,8192,0.140580
298945,486346,8192,0.147085
299009,486930,8192,0.143496
299073,487636,8192,0.129961
299137,487767,8192,0.128235
299201,487638,8192,0.129791
299265,488381,8192,0.116616
299329,487787,8192,0.119744
299393,487903,8192,0.116923
299457,487675,8192,0.117427
299521,488600,8192,0.104522
299585,487922,8192,0.106737
299649,487050,8192,0.114266
299713,486422,8192,0.115432
299777,486228,8192,0.117650
299841,486351,8192,0.117603
299905,486666,8192,0.115953
299969,487031,8192,0.107665
300033,487206,8192,0.100892
300097,486687,8192,0.099509
300161,487312,8192,0.086947
300225,487299,8192,0.095715
300289,487198,8192,0.093065
300353,488088,8192,0.085391
300417,487828,8192,0.084513
300481,487856,8192,0.086190
300545,487901,8192,0.084647
300609,488428,8192,0.081767
300673,488506,8192,0.077967
300737,488650,8192,0.070823
300801,488455,8192,0.078659
300865,488226,8192,0.079017
300929,487811,8192,0.086134
300993,487360,8192,0.087931
301057,487382,8192,0.095485
301121,486539,8192,0.101674
301185,485980,8192,0.114098
301249,486074,8192,0.109689
301313,486349,8192,0.110975
301377,486582,8192,0.110225
301441,486834,8192,0.106414
301505,487147,8192,0.100761
301569,486809,8192,0.105936
301633,486629,8192,0.105229
301697,485765,8192,0.112758
301761,486264,8192,0.105643
301825,486640,8192,0.108012
301889,486338,8192,0.115408
301953,486502,8192,0.105787
302017,486138,8192,0.107146
302081,486194,8192,0.110653
302145,486489,8192,0.106648
302209,486659,8192,0.102649
302273,486650,8192,0.102840
302337,487038,8192,0.101761
302401,487231,8192,0.107109
302465,487030,8192,0.107320
302529,488090,8192,0.102212
302593,488344,8192,0.100004
302657,488049,8192,0.104160
302721,487669,8192,0.102879
302785,487785,8192,0.105753
302849,487723,8192,0.107704
302913,487051,8192,0.114602
302977,486296,8192,0.115556
303041,486697,8192,0.113173
303105,487249,8192,0.108604
303169,486719,8192,0.116513
303233,486747,8192,0.112177
303297,486346,8192,0.119601
303361,485700,8192,0.120474
303425,485662,8192,0.126504
303489,485356,8192,0.132748
303553,484609,8192,0.139635
303617,485037,8192,0.135703
303681,484915,8192,0.137679
303745,484240,8192,0.147291
303809,485495,8192,0.133116
303873,485271,8192,0.131691
303937,485313,8192,0.133637
304001,484971,8192,0.139272
304065,484505,8192,0.140999
304129,484674,8192,0.140399
304193,485121,8192,0.134185
304257,485189,8192,0.127543
304321,485117,8192,0.132877
304385,485188,8192,0.132553
304449,485164,8192,0.127165
304513,485438,8192,0.123772
304577,486741,8192,0.112054
304641,486074,8192,0.113052
304705,486672,8192,0.109638
304769,486614,8192,0.109080
304833,486713,8192,0.114444
304897,486890,8192,0.117154
304961,486805,8192,0.118219
305025,485563,8192,0.129766
305089,485546,8192,0.130641
305153,485514,8192,0.131066
305217,484865,8192,0.137604
305281,484716,8192,0.142876
305345,483643,8192,0.149766
305409,482722,8192,0.162773
305473,482626,8192,0.159111
305537,483822,8192,0.147219
305601,484480,8192,0.132924
305665,483693,8192,0.136869
305729,483325,8192,0.141628
305793,483069,8192,0.146117
305857,483490,8192,0.142565
305921,484448,8192,0.126599
305985,484575,8192,0.119343
306049,485054,8192,0.110835
306113,485190,8192,0.121966
306177,484259,8192,0.130179
306241,484375,8192,0.128968
306305,484302,8192,0.129017
306369,484041,8192,0.137496
306433,484549,8192,0.126831
306497,483547,8192,0.134383
306561,483695,8192,0.124708
306625,484097,8192,0.123013
306689,483750,8192,0.132272
306753,484139,8192,0.128069
306817,484612,8192,0.119256
306881,484023,8192,0.131308
306945,483888,8192,0.138867
307009,484380,8192,0.138127
307073,484462,8192,0.147066
307137,484145,8192,0.141145
307201,484030,8192,0.143356
307265,483092,8192,0.155757
307329,483006,8192,0.156233
307393,484263,8192,0.139214
307457,484220,8192,0.138517
307521,484443,8192,0.134498
307585,484603,8192,0.130535
307649,485223,8192,0.126886
307713,485769,8192,0.124868
307777,484961,8192,0.129367
307841,485143,8192,0.122073
307905,484609,8192,0.124454
307969,485220,8192,0.121131
308033,484899,8192,0.123617
308097,483579,8192,0.140352
308161,483283,8192,0.143506
308225,482661,8192,0.143034
308289,483050,8192,0.136461
308353,482169,8192,0.143771
308417,481886,8192,0.143259
308481,481671,8192,0.147481
308545,481472,8192,0.145583
308609,481112,8192,0.147510
308673,481176,8192,0.151694
308737,481334,8192,0.158334
308801,481348,8192,0.164602
308865,481259,8192,0.161013
308929,480580,8192,0.167342
308993,481047,8192,0.160083
309057,480750,8192,0.171928
309121,480616,8192,0.176189
309185,480618,8192,0.182998
309249,481003,8192,0.173790
309313,480965,8192,0.169576
309377,481884,8192,0.161588
309441,480971,8192,0.170453
309505,480273,8192,0.180295
309569,480993,8192,0.180800
309633,481402,8192,0.173498
309697,481385,8192,0.172436
309761,480848,8192,0.177282
309825,480756,8192,0.177685
309889,481159,8192,0.165281
309953,482287,8192,0.153438
310017,482113,8192,0.153138
310081,482546,8192,0.146125
310145,482671,8192,0.147176
310209,483878,8192,0.134885
310273,483741,8192,0.140770
310337,484473,8192,0.131942
310401,485102,8192,0.133346
310465,485596,8192,0.133699
310529,485639,8192,0.133700
310593,486126,8192,0.120438
310657,485720,8192,0.129443
310721,485458,8192,0.132529
310785,485857,8192,0.126063
310849,486023,8192,0.126016
310913,485914,8192,0.125374
310977,485846,8192,0.120404
311041,485801,8192,0.127364
311105,486576,8192,0.120300
311169,487889,8192,0.111372
311233,487869,8192,0.111705
311297,487590,8192,0.111681
311361,487735,8192,0.118415
311425,485974,8192,0.143170
311489,484822,8192,0.155655
311553,484913,8192,0.144767
311617,485120,8192,0.144424
311681,485345,8192,0.139865
311745,485518,8192,0.130859
311809,485814,8192,0.125127
311873,485855,8192,0.125252
311937,485692,8192,0.130064
312001,485199,8192,0.130106
312065,486081,8192,0.117004
312129,485899,8192,0.118047
312193,486001,8192,0.114346
312257,486078,8192,0.113529
312321,486170,8192,0.110461
312385,485410,8192,0.124554
312449,486867,8192,0.116422
312513,486539,8192,0.122862
312577,487623,8192,0.105433
312641,487846,8192,0.101113
312705,487795,8192,0.102608
312769,488266,8192,0.100192
312833,488405,8192,0.100018
312897,487369,8192,0.105999
312961,487453,8192,0.102864
313025,487654,8192,0.103180
313089,488069,8192,0.098058
313153,487870,8192,0.098512
313217,487336,8192,0.103367
313281,487025,8192,0.102197
313345,486298,8192,0.111745
313409,486129,8192,0.109659
313473,486561,8192,0.104885
313537,486021,8192,0.110102
313601,485729,8192,0.116874
313665,485044,8192,0.122389
313729,485398,8192,0.118697
313793,486332,8192,0.107160
313857,486606,8192,0.105184
313921,486643,8192,0.102619
313985,486037,8192,0.109038
314049,485242,8192,0.108948
314113,484333,8192,0.115995
314177,483961,8192,0.122311
314241,483118,8192,0.133459
314305,483383,8192,0.126401
314369,485542,8192,0.106044
314433,485542,8192,0.109980
314497,485494,8192,0.107676
314561,486496,8192,0.103303
314625,486333,8192,0.114565
314689,485405,8192,0.128386
314753,486431,8192,0.119269
314817,486570,8192,0.117825
314881,485732,8192,0.122759
314945,486203,8192,0.123854
315009,485315,8192,0.134787
315073,484829,8192,0.149880
315137,484327,8192,0.147993
315201,484904,8192,0.136238
315265,484688,8192,0.137427
315329,483800,8192,0.146540
315393,483479,8192,0.148008
315457,483905,8192,0.142602
315521,482754,8192,0.153045
315585,482965,8192,0.149857
315649,482899,8192,0.152249
315713,483055,8192,0.153933
315777,483164,8192,0.162698
315841,484749,8192,0.146649
315905,484571,8192,0.147099
315969,484999,8192,0.140521
316033,485171,8192,0.142185
316097,485897,8192,0.134122
316161,485135,8192,0.143420
316225,484571,8192,0.148571
316289,484059,8192,0.152883
316353,483429,8192,0.165354
316417,482965,8192,0.167447
316481,482580,8192,0.167576
316545,481907,8192,0.178755
316609,481325,8192,0.185187
316673,482094,8192,0.174119
316737,481638,8192,0.177713
316801,481125,8192,0.183731
316865,482361,8192,0.165808
316929,482955,8192,0.155919
316993,482328,8192,0.162516
317057,482118,8192,0.164400
317121,481791,8192,0.164861
317185,482640,8192,0.159541
317249,482163,8192,0.165172
317313,482949,8192,0.157851
317377,483245,8192,0.153809
317441,483095,8192,0.159097
317505,483002,8192,0.160893
317569,483566,8192,0.152857
317633,483722,8192,0.155180
317697,483597,8192,0.150612
317761,483961,8192,0.147133
317825,483851,8192,0.144276
317889,483551,8192,0.153475
317953,483645,8192,0.152172
318017,483790,8192,0.152072
318081,482983,8192,0.171003
318145,481818,8192,0.181728
318209,481462,8192,0.178797
318273,481541,8192,0.178351
318337,482563,8192,0.159477
318401,483306,8192,0.142348
318465,482922,8192,0.148233
318529,482944,8192,0.149026
318593,482597,8192,0.149195
318657,481629,8192,0.164402
318721,481102,8192,0.171296
318785,482179,8192,0.153301
318849,482395,8192,0.153578
318913,482185,8192,0.147912
318977,483136,8192,0.126701
319041,482611,8192,0.128789
319105,482922,8192,0.125109
319169,482061,8192,0.133296
319233,482173,8192,0.127251
319297,482623,8192,0.113994
319361,483223,8192,0.105076
319425,482201,8192,0.114061
319489,481882,8192,0.114210
319553,482256,8192,0.105922
319617,481838,8192,0.110568
319681,481551,8192,0.113840
319745,480495,8192,0.116064
319809,481290,8192,0.107900
319873,481644,8192,0.107049
319937,481504,8192,0.109858
320001,481282,8192,0.095404
320065,480120,8192,0.100428
320129,480255,8192,0.089441
320193,480536,8192,0.080062
320257,481380,8192,0.078366
320321,480776,8192,0.091544
320385,480692,8192,0.094705
320449,480225,8192,0.099491
320513,480044,8192,0.108509
320577,479116,8192,0.117196
320641,478044,8192,0.127973
320705,477752,8192,0.125880
320769,478245,8192,0.126096
320833,478517,8192,0.125338
320897,478384,8192,0.136298
320961,478267,8192,0.135685
321025,477270,8192,0.145758
321089,476868,8192,0.147811
321153,477269,8192,0.139763
321217,477890,8192,0.134848
321281,478225,8192,0.132739
321345,478337,8192,0.124371
321409,478553,8192,0.120197
321473,478625,8192,0.119657
321537,478984,8192,0.114983
321601,478457,8192,0.122316
321665,479381,8192,0.108231
321729,478619,8192,0.112044
321793,478036,8192,0.109101
321857,478494,8192,0.105058
321921,478408,8192,0.102656
321985,478461,8192,0.104902
322049,478771,8192,0.102764
322113,478505,8192,0.104415
322177,478285,8192,0.104619
322241,478522,8192,0.098204
322305,478977,8192,0.100163
322369,478503,8192,0.103636
322433,477959,8192,0.116351
322497,477033,8192,0.132158
322561,476445,8192,0.147563
322625,476029,8192,0.158540
322689,475981,8192,0.168362
322753,475891,8192,0.168772
322817,475815,8192,0.157589
322881,476310,8192,0.153958
322945,477141,8192,0.136515
323009,476509,8192,0.144647
323073,475966,8192,0.155174
323137,475488,8192,0.156795
323201,474613,8192,0.172233
323265,474536,8192,0.174556
323329,474681,8192,0.177634
323393,474956,8192,0.172340
323457,476361,8192,0.159964
323521,477219,8192,0.157042
323585,478469,8192,0.146727
323649,478148,8192,0.155873
323713,478382,8192,0.154829
323777,477750,8192,0.165063
323841,478811,8192,0.153978
323905,479324,8192,0.150166
323969,479780,8192,0.150304
324033,480061,8192,0.153727
324097,479875,8192,0.165595
324161,481548,8192,0.149498
324225,481088,8192,0.149606
324289,481443,8192,0.149133
324353,481052,8192,0.154275
324417,480833,8192,0.163467
324481,481409,8192,0.157896
324545,482078,8192,0.154976
324609,482060,8192,0.165185
324673,482047,8192,0.166908
324737,482136,8192,0.171779
324801,482355,8192,0.174249
324865,482242,8192,0.176461
324929,481538,8192,0.180066
324993,480703,8192,0.192370
325057,480143,8192,0.200754
325121,479763,8192,0.199485
325185,479859,8192,0.193687
325249,480503,8192,0.184156
325313,481124,8192,0.172974
325377,481769,8192,0.163534
325441,481734,8192,0.159785
325505,480589,8192,0.176753
325569,481378,8192,0.162976
325633,481713,8192,0.161037
325697,482759,8192,0.150754
325761,482821,8192,0.145132
325825,482345,8192,0.157244
325889,482722,8192,0.150522
325953,483139,8192,0.152038
326017,483505,8192,0.147557
326081,482948,8192,0.155533
326145,484125,8192,0.145238
326209,483304,8192,0.154254
326273,483102,8192,0.158979
326337,482724,8192,0.163315
326401,482604,8192,0.172951
326465,481815,8192,0.181571
326529,481528,8192,0.183293
326593,482100,8192,0.175309
326657,481470,8192,0.182653
326721,481104,8192,0.185078
326785,481798,8192,0.177454
326849,481403,8192,0.187884
326913,481125,8192,0.189934
326977,481513,8192,0.186511
327041,480581,8192,0.191993
327105,481748,8192,0.167410
327169,482177,8192,0.162532
327233,483200,8192,0.146903
327297,483222,8192,0.145233
327361,482870,8192,0.145691
327425,482289,8192,0.152379
327489,482282,8192,0.162296
327553,483058,8192,0.154192
327617,483675,8192,0.151498
327681,484243,8192,0.142444
327745,483894,8192,0.144842
327809,483983,8192,0.141465
327873,484130,8192,0.134985
327937,483869,8192,0.135899
328001,483408,8192,0.137459
328065,484139,8192,0.133025
328129,484674,8192,0.121546
328193,484618,8192,0.123239
328257,485287,8192,0.119877
328321,484920,8192,0.123161
328385,484516,8192,0.130611
328449,485188,8192,0.127122
328513,484695,8192,0.137747
328577,485414,8192,0.132403
328641,485626,8192,0.134656
328705,484628,8192,0.150056
328769,485680,8192,0.139352
328833,485198,8192,0.146435
328897,484572,8192,0.161430
328961,484748,8192,0.153376
329025,485295,8192,0.145169
329089,484890,8192,0.155736
329153,485142,8192,0.151337
329217,485905,8192,0.138248
329281,485803,8192,0.139740
329345,485468,8192,0.137688
329409,485396,8192,0.133776
329473,485625,8192,0.126497
329537,484824,8192,0.138344
329601,485279,8192,0.140579
329665,485901,8192,0.136091
329729,486669,8192,0.128631
329793,486672,8192,0.126344
329857,486856,8192,0.125151
329921,485597,8192,0.136876
329985,485400,8192,0.136079
330049,486549,8192,0.123421
330113,486848,8192,0.121657
330177,486604,8192,0.117935
330241,487520,8192,0.110656
330305,487913,8192,0.101086
330369,486969,8192,0.108976
330433,487516,8192,0.106051
330497,486899,8192,0.115839
330561,487228,8192,0.113600
330625,487282,8192,0.113129
330689,487271,8192,0.110364
330753,487336,8192,0.113516
330817,486354,8192,0.122333
330881,486621,8192,0.123019
330945,485844,8192,0.135057
331009,484612,8192,0.149745
331073,483948,8192,0.162113
331137,484647,8192,0.152174
331201,484613,8192,0.153088
331265,483866,8192,0.156768
331329,484345,8192,0.149736
331393,485325,8192,0.135588
331457,485291,8192,0.135655
331521,485492,8192,0.139301
331585,485785,8192,0.135728
331649,486239,8192,0.128571
331713,485793,8192,0.131709
331777,484825,8192,0.141824
331841,484331,8192,0.141352
331905,484757,8192,0.137608
331969,484920,8192,0.135422
332033,485731,8192,0.132468
332097,485948,8192,0.135156
332161,485692,8192,0.140810
332225,486431,8192,0.135730
332289,486203,8192,0.139578
332353,487192,8192,0.129855
332417,487810,8192,0.122096
332481,487263,8192,0.133441
332545,487413,8192,0.135477
332609,487576,8192,0.130706
332673,487531,8192,0.134906
332737,487054,8192,0.147442
332801,486448,8192,0.153080
332865,484405,8192,0.175511
332929,485249,8192,0.158584
332993,485360,8192,0.161767
333057,485231,8192,0.158121
333121,485424,8192,0.156903
333185,485958,8192,0.147729
333249,485194,8192,0.153344
333313,485715,8192,0.150279
333377,486253,8192,0.139567
333441,485582,8192,0.139366
333505,485469,8192,0.137384
333569,484837,8192,0.146240
333633,485260,8192,0.140490
333697,486309,8192,0.124488
333761,486133,8192,0.123550
333825,486116,8192,0.123255
333889,487072,8192,0.107500
333953,487360,8192,0.106897
334017,487177,8192,0.106224
334081,487573,8192,0.108652
334145,486708,8192,0.122110
334209,487304,8192,0.114817
334273,486556,8192,0.113985
334337,486749,8192,0.116711
334401,485664,8192,0.124824
334465,485082,8192,0.132233
334529,485396,8192,0.127949
334593,486483,8192,0.120796
334657,486312,8192,0.114943
334721,486364,8192,0.115585
334785,486736,8192,0.118462
334849,486921,8192,0.119738
334913,487041,8192,0.116359
334977,486895,8192,0.118532
335041,486219,8192,0.125217
335105,486278,8192,0.119487
335169,487283,8192,0.110737
335233,486900,8192,0.115956
335297,487118,8192,0.119388
335361,486118,8192,0.130273
335425,486428,8192,0.128496
335489,486368,8192,0.128089
335553,487019,8192,0.123646
335617,487188,8192,0.123239
335681,485777,8192,0.133543
335745,485712,8192,0.138760
335809,486460,8192,0.132796
335873,486071,8192,0.140659
335937,486563,8192,0.134015
336001,486469,8192,0.130044
336065,486790,8192,0.124327
336129,486107,8192,0.133987
336193,487475,8192,0.116295
336257,487223,8192,0.120327
336321,486709,8192,0.118372
336385,486811,8192,0.113750
336449,486703,8192,0.113782
336513,486917,8192,0.111281
336577,487402,8192,0.110908
336641,486453,8192,0.116656
336705,486774,8192,0.101675
336769,486070,8192,0.107233
336833,486530,8192,0.103179
336897,486884,8192,0.095074
336961,486437,8192,0.094104
337025,486736,8192,0.082051
337089,485994,8192,0.086666
337153,485645,8192,0.090995
337217,485117,8192,0.093984
337281,485583,8192,0.086821
337345,485566,8192,0.090656
337409,485510,8192,0.094145
337473,485658,8192,0.100085
337537,486188,8192,0.090086
337601,486340,8192,0.091786
337665,485697,8192,0.097240
337729,486525,8192,0.086105
337793,486768,8192,0.079910
337857,486570,8192,0.081146
337921,486858,8192,0.081394
337985,487014,8192,0.083800
338049,486018,8192,0.094770
338113,486394,8192,0.094873
338177,486223,8192,0.092600
338241,485874,8192,0.090008
338305,485041,8192,0.102556
338369,485265,8192,0.093202
338433,484737,8192,0.100927
338497,483870,8192,0.105743
338561,483686,8192,0.104104
338625,483283,8192,0.107189
338689,482552,8192,0.114829
338753,483214,8192,0.111433
338817,482707,8192,0.117234
338881,483249,8192,0.113434
338945,482698,8192,0.117657
339009,482013,8192,0.122496
339073,482111,8192,0.121852
339137,481396,8192,0.124739
339201,481428,8192,0.125237
339265,481964,8192,0.121565
339329,482443,8192,0.115375
339393,482564,8192,0.113206
339457,483306,8192,0.107221
339521,482688,8192,0.115523
339585,483104,8192,0.109307
339649,483157,8192,0.104752
339713,483425,8192,0.100848
339777,483452,8192,0.097863
339841,483350,8192,0.100559
339905,483104,8192,0.105419
339969,482901,8192,0.105532
340033,482027,8192,0.118871
340097,482749,8192,0.111745
340161,483722,8192,0.103951
340225,484144,8192,0.099395
340289,483581,8192,0.102272
340353,483051,8192,0.102462
340417,482468,8192,0.103188
340481,482384,8192,0.102047
340545,481676,8192,0.114493
340609,481348,8192,0.117301
340673,480253,8192,0.134080
340737,480504,8192,0.130202
340801,481512,8192,0.118038
340865,480875,8192,0.117025
340929,480894,8192,0.121953
340993,481198,8192,0.128640
341057,482257,8192,0.121044
341121,481541,8192,0.129668
341185,481665,8192,0.128883
341249,482980,8192,0.122791
341313,483565,8192,0.118706
341377,484128,8192,0.114575
341441,483962,8192,0.118496
341505,483813,8192,0.121397
341569,483396,8192,0.135734
341633,482935,8192,0.140395
341697,482428,8192,0.144948
341761,482501,8192,0.141426
341825,483019,8192,0.131271
341889,482997,8192,0.127996
341953,483115,8192,0.125595
342017,484381,8192,0.115573
342081,484321,8192,0.114627
342145,484315,8192,0.111889
342209,483046,8192,0.133052
342273,483788,8192,0.125023
342337,483664,8192,0.123170
342401,483146,8192,0.125346
342465,483719,8192,0.116621
342529,483462,8192,0.120301
342593,483198,8192,0.120439
342657,482738,8192,0.125854
342721,483286,8192,0.116486
342785,482021,8192,0.136779
342849,481912,8192,0.135111
342913,481470,8192,0.140699
342977,482141,8192,0.128256
343041,480628,8192,0.138051
343105,480545,8192,0.133198
343169,480530,8192,0.128411
343233,481046,8192,0.125223
343297,481919,8192,0.112815
343361,481710,8192,0.121844
343425,482436,8192,0.119033
343489,483007,8192,0.115250
343553,483394,8192,0.108707
343617,484481,8192,0.103591
343681,485318,8192,0.096040
343745,485433,8192,0.092586
343809,485930,8192,0.087202
343873,486303,8192,0.092731
343937,486693,8192,0.082189
344001,486797,8192,0.082869
344065,486378,8192,0.085089
344129,487320,8192,0.075558
344193,487189,8192,0.073978
344257,486550,8192,0.077968
344321,487028,8192,0.074724
344385,487085,8192,0.076154
344449,486315,8192,0.090284
344513,485294,8192,0.112821
344577,485828,8192,0.103979
344641,485339,8192,0.113958
344705,483952,8192,0.124686
344769,483430,8192,0.123392
344833,483689,8192,0.116627
344897,483711,8192,0.121144
344961,483848,8192,0.120063
345025,484244,8192,0.111803
345089,485150,8192,0.103473
345153,484895,8192,0.101240
345217,485019,8192,0.105655
345281,484513,8192,0.110228
345345,484445,8192,0.110648
345409,484533,8192,0.103008
345473,483806,8192,0.106180
345537,484349,8192,0.104236
345601,484288,8192,0.099541
345665,484841,8192,0.094196
345729,484214,8192,0.104922
345793,484292,8192,0.099168
345857,484897,8192,0.091367
345921,484488,8192,0.091628
345985,484060,8192,0.094448
346049,484032,8192,0.090215
346113,483815,8192,0.087721
346177,484725,8192,0.083325
346241,483047,8192,0.092701
346305,482819,8192,0.092352
346369,481807,8192,0.107754
346433,480728,8192,0.115170
346497,481049,8192,0.112056
346561,482035,8192,0.099877
346625,482118,8192,0.104276
346689,482123,8192,0.113031
346753,482012,8192,0.114693
346817,481932,8192,0.118283
346881,481994,8192,0.117261
346945,482074,8192,0.114201
347009,482696,8192,0.110236
347073,482917,8192,0.111903
347137,483352,8192,0.105125
347201,483952,8192,0.093663
347265,484401,8192,0.089578
347329,484526,8192,0.087089
347393,484030,8192,0.099888
347457,484662,8192,0.095133
347521,484499,8192,0.101247
347585,484820,8192,0.097318
347649,485229,8192,0.098246
347713,484185,8192,0.111120
347777,484711,8192,0.097174
347841,484960,8192,0.096000
347905,485415,8192,0.098383
347969,484809,8192,0.104187
348033,484063,8192,0.109888
348097,484218,8192,0.106883
348161,483507,8192,0.107482
348225,483238,8192,0.100643
348289,483023,8192,0.099451
348353,482313,8192,0.111018
348417,481997,8192,0.121120
348481,481889,8192,0.121416
348545,481219,8192,0.126662
348609,480882,8192,0.133523
348673,481595,8192,0.119566
348737,481946,8192,0.115410
348801,481946,8192,0.112201
348865,482421,8192,0.111424
348929,481863,8192,0.124093
348993,482115,8192,0.111444
349057,482347,8192,0.109745
349121,482778,8192,0.104620
349185,482701,8192,0.106302
349249,482891,8192,0.106934
349313,482359,8192,0.106975
349377,483122,8192,0.109413
349441,484224,8192,0.105333
349505,484405,8192,0.107159
349569,484468,8192,0.116877
349633,485290,8192,0.110498
349697,485926,8192,0.105452
349761,485950,8192,0.109008
349825,485519,8192,0.115764
349889,483727,8192,0.129056
349953,483181,8192,0.133929
350017,483609,8192,0.133276
350081,483258,8192,0.129870
350145,483508,8192,0.127196
350209,483182,8192,0.132999
350273,482596,8192,0.137272
350337,482746,8192,0.137724
350401,482253,8192,0.147351
350465,481814,8192,0.150308
350529,481842,8192,0.152351
350593,481874,8192,0.159249
350657,482151,8192,0.152143
350721,481335,8192,0.158623
350785,480988,8192,0.166264
350849,482114,8192,0.158526
350913,482479,8192,0.158479
350977,482514,8192,0.158773
351041,483342,8192,0.144149
351105,483899,8192,0.143008
351169,483872,8192,0.140931
351233,484121,8192,0.132939
351297,484855,8192,0.132654
351361,485810,8192,0.130262
351425,486035,8192,0.127820
351489,485879,8192,0.132076
351553,485798,8192,0.133426
351617,485601,8192,0.133820
351681,485171,8192,0.137357
351745,485071,8192,0.136144
351809,484866,8192,0.136328
351873,484385,8192,0.140058
351937,483572,8192,0.146055
352001,483390,8192,0.149213
352065,483499,8192,0.150828
352129,483371,8192,0.148353
352193,484224,8192,0.142353
352257,483451,8192,0.151776
352321,483699,8192,0.136802
352385,482769,8192,0.144129
352449,482545,8192,0.147504
352513,483060,8192,0.140262
352577,483530,8192,0.135616
352641,483080,8192,0.131806
352705,484117,8192,0.127546
352769,483982,8192,0.129243
352833,482411,8192,0.140838
352897,482260,8192,0.146232
352961,481489,8192,0.150308
353025,482114,8192,0.140960
353089,482402,8192,0.136862
353153,481998,8192,0.135529
353217,482703,8192,0.123503
353281,482692,8192,0.119705
353345,483593,8192,0.108831
353409,483651,8192,0.113242
353473,483952,8192,0.112601
353537,483707,8192,0.119430
353601,484301,8192,0.110839
353665,484444,8192,0.115220
353729,483803,8192,0.123564
353793,484017,8192,0.125220
353857,483506,8192,0.133269
353921,483259,8192,0.139870
353985,484184,8192,0.134674
354049,484112,8192,0.139329
354113,484472,8192,0.136084
354177,484585,8192,0.135130
354241,484439,8192,0.135373
354305,484154,8192,0.135234
354369,483860,8192,0.131609
354433,482721,8192,0.143281
354497,483243,8192,0.142125
354561,483214,8192,0.146663
354625,483690,8192,0.142771
354689,483036,8192,0.151485
354753,483347,8192,0.145476
354817,483454,8192,0.145715
354881,483425,8192,0.139935
354945,484130,8192,0.135207
355009,484662,8192,0.127074
355073,485664,8192,0.114573
355137,484911,8192,0.118536
355201,484763,8192,0.118167
355265,484581,8192,0.117805
355329,484460,8192,0.114981
355393,484384,8192,0.117554
355457,484197,8192,0.121964
355521,483606,8192,0.132374
355585,484070,8192,0.126356
355649,484437,8192,0.124704
355713,484541,8192,0.119125
355777,484424,8192,0.127921
355841,483926,8192,0.131402
355905,484042,8192,0.129936
355969,483155,8192,0.134684
356033,483225,8192,0.138159
356097,483273,8192,0.133836
356161,482927,8192,0.135492
356225,483123,8192,0.126849
356289,483002,8192,0.119349
356353,483305,8192,0.112148
356417,483490,8192,0.103363
356481,483795,8192,0.101187
356545,484685,8192,0.090375
356609,484142,8192,0.093022
356673,483923,8192,0.089893
356737,483465,8192,0.091175
356801,484585,8192,0.087779
356865,483322,8192,0.098581
356929,483497,8192,0.100889
356993,483392,8192,0.106143
357057,483644,8192,0.107319
357121,483007,8192,0.110668
357185,482983,8192,0.104764
357249,482067,8192,0.112177
357313,481835,8192,0.115623
357377,482043,8192,0.116231
357441,482163,8192,0.112559
357505,483206,8192,0.098246
357569,482543,8192,0.101044
357633,482229,8192,0.102500
357697,481572,8192,0.108896
357761,481266,8192,0.107902
357825,480641,8192,0.112172
357889,479499,8192,0.118677
357953,480446,8192,0.114212
358017,480245,8192,0.122118
358081,479974,8192,0.124779
358145,480578,8192,0.119772
358209,480401,8192,0.120922
358273,480004,8192,0.121344
358337,480041,8192,0.122666
358401,479825,8192,0.120899
358465,480045,8192,0.123835
358529,480220,8192,0.126835
358593,480478,8192,0.120252
358657,480460,8192,0.121962
358721,481599,8192,0.117976
358785,482337,8192,0.113053
358849,483044,8192,0.109257
358913,483200,8192,0.108593
358977,483242,8192,0.109646
359041,483026,8192,0.114738
359105,482840,8192,0.120773
359169,483077,8192,0.112223
359233,483523,8192,0.116839
359297,483999,8192,0.113483
359361,483745,8192,0.111740
359425,483716,8192,0.107826
359489,483969,8192,0.110765
359553,483323,8192,0.122243
359617,483037,8192,0.117414
359681,483286,8192,0.112407
359745,483298,8192,0.113961
359809,484048,8192,0.104133
359873,483205,8192,0.109341
359937,483753,8192,0.097397
360001,482929,8192,0.105947
360065,483748,8192,0.099496
360129,483539,8192,0.107295
360193,483685,8192,0.103235
360257,484125,8192,0.100754
360321,483564,8192,0.110353
360385,482695,8192,0.120292
360449,482222,8192,0.125409
360513,481873,8192,0.136980
360577,482210,8192,0.131835
360641,481198,8192,0.143658
360705,481700,8192,0.134399
360769,482314,8192,0.130258
360833,483228,8192,0.124977
360897,482741,8192,0.138785
360961,482873,8192,0.134962
361025,481872,8192,0.135680
361089,482468,8192,0.128151
361153,483013,8192,0.124748
361217,483791,8192,0.122127
361281,483754,8192,0.117718
361345,482983,8192,0.121592
361409,483811,8192,0.110069
361473,483638,8192,0.114780
361537,483517,8192,0.120753
361601,483014,8192,0.121116
361665,482936,8192,0.123990
361729,482545,8192,0.127642
361793,482816,8192,0.120323
361857,482873,8192,0.115667
361921,482762,8192,0.121101
361985,482755,8192,0.119485
362049,482205,8192,0.133005
362113,482373,8192,0.126325
362177,482679,8192,0.122553
362241,482626,8192,0.127084
362305,483323,8192,0.118656
362369,483143,8192,0.126263
362433,483117,8192,0.122270
362497,482511,8192,0.132897
362561,481018,8192,0.151459
362625,481938,8192,0.148881
362689,482067,8192,0.144544
362753,482825,8192,0.137001
362817,483296,8192,0.128891
362881,482985,8192,0.137022
362945,482937,8192,0.141220
363009,482565,8192,0.141233
363073,482354,8192,0.150465
363137,482654,8192,0.148972
363201,482666,8192,0.146967
363265,482646,8192,0.147916
363329,483002,8192,0.141600
363393,482586,8192,0.143251
363457,481723,8192,0.144830
363521,481393,8192,0.142064
363585,481535,8192,0.143622
363649,480991,8192,0.155415
363713,480585,8192,0.155893
363777,480939,8192,0.151193
363841,481252,8192,0.149822
363905,481578,8192,0.146152
363969,482187,8192,0.144927
364033,482437,8192,0.137123
364097,482925,8192,0.134891
364161,482627,8192,0.136656
364225,481739,8192,0.145061
364289,480647,8192,0.152660
364353,480503,8192,0.155559
364417,479590,8192,0.163339
364481,479309,8192,0.159851
364545,479961,8192,0.156788
364609,480035,8192,0.159395
364673,479681,8192,0.158233
364737,478599,8192,0.165749
364801,478288,8192,0.170506
364865,479150,8192,0.162933
364929,480422,8192,0.152374
364993,480597,8192,0.147922
365057,480748,8192,0.153320
365121,480515,8192,0.150270
365185,481195,8192,0.144119
365249,480790,8192,0.150968
365313,481218,8192,0.150287
365377,481463,8192,0.146012
365441,482301,8192,0.139029
365505,482266,8192,0.133395
365569,481157,8192,0.150985
365633,480603,8192,0.156362
365697,480504,8192,0.159763
365761,480352,8192,0.160901
365825,480448,8192,0.151706
365889,480645,8192,0.149417
365953,480597,8192,0.150903
366017,481011,8192,0.151935
366081,480806,8192,0.155580
366145,480806,8192,0.146884
366209,481213,8192,0.146656
366273,480504,8192,0.156183
366337,480281,8192,0.148674
366401,480398,8192,0.144811
366465,480486,8192,0.137659
366529,480938,8192,0.136685
366593,481332,8192,0.130293
366657,481107,8192,0.130930
366721,482604,8192,0.121159
366785,482585,8192,0.122026
366849,482945,8192,0.120191
366913,483129,8192,0.118931
366977,482961,8192,0.118917
367041,482685,8192,0.120220
367105,482195,8192,0.132801
367169,483621,8192,0.122294
367233,484254,8192,0.120661
367297,483220,8192,0.133734
367361,482404,8192,0.147525
367425,482268,8192,0.142099
367489,481795,8192,0.144662
367553,481201,8192,0.145264
367617,481631,8192,0.134030
367681,481738,8192,0.129691
367745,481539,8192,0.135292
367809,482062,8192,0.135282
367873,482896,8192,0.123613
367937,482619,8192,0.130092
368001,483605,8192,0.119788
368065,483198,8192,0.133055
368129,482721,8192,0.141006
368193,483047,8192,0.135480
368257,483107,8192,0.134206
368321,482201,8192,0.141727
368385,481837,8192,0.137516
368449,481874,8192,0.126261
368513,482014,8192,0.123447
368577,482818,8192,0.114584
368641,483835,8192,0.105989
368705,483027,8192,0.124815
368769,483076,8192,0.123951
368833,482271,8192,0.132167
368897,482570,8192,0.125587
368961,482222,8192,0.128054
369025,482708,8192,0.124312
369089,482780,8192,0.121625
369153,483201,8192,0.116728
369217,482809,8192,0.115404
369281,481973,8192,0.131078
369345,481484,8192,0.139475
369409,482268,8192,0.134458
369473,481578,8192,0.141919
369537,480539,8192,0.158508
369601,480841,8192,0.152190
369665,480695,8192,0.153933
369729,481331,8192,0.140888
369793,481931,8192,0.130891
369857,481437,8192,0.141033
369921,482573,8192,0.131963
369985,481924,8192,0.138767
370049,482881,8192,0.134378
370113,482664,8192,0.134557
370177,482580,8192,0.140778
370241,482149,8192,0.144087
370305,482452,8192,0.135979
370369,482576,8192,0.133010
370433,481858,8192,0.140339
370497,482453,8192,0.136309
370561,481108,8192,0.154205
370625,481576,8192,0.143751
370689,481159,8192,0.145844
370753,481992,8192,0.129644
370817,481915,8192,0.131627
370881,481818,8192,0.129433
370945,482178,8192,0.123408
371009,482247,8192,0.127650
371073,481752,8192,0.128054
371137,481390,8192,0.133399
371201,482416,8192,0.119742
371265,481442,8192,0.126305
371329,482025,8192,0.121058
371393,482228,8192,0.115610
371457,482390,8192,0.119162
371521,483515,8192,0.100033
371585,482229,8192,0.109866
371649,482738,8192,0.107419
371713,482853,8192,0.107720
371777,482173,8192,0.114898
371841,481836,8192,0.120455
371905,480980,8192,0.132026
371969,480357,8192,0.137814
372033,479638,8192,0.134807
372097,479674,8192,0.133401
372161,478797,8192,0.143795
372225,479509,8192,0.125980
372289,478293,8192,0.139663
372353,478820,8192,0.133239
372417,478834,8192,0.135327
372481,478972,8192,0.137984
372545,478714,8192,0.138258
372609,480222,8192,0.121661
372673,480307,8192,0.122844
372737,480541,8192,0.118776
372801,481306,8192,0.108243
372865,482175,8192,0.102297
372929,481175,8192,0.114262
372993,481605,8192,0.109211
373057,481643,8192,0.109662
373121,482022,8192,0.108672
373185,481876,8192,0.113353
373249,482243,8192,0.109119
373313,482095,8192,0.116889
373377,481656,8192,0.125459
373441,482827,8192,0.115390
373505,482596,8192,0.119742
373569,482877,8192,0.118894
373633,482295,8192,0.126608
373697,481597,8192,0.137845
373761,481706,8192,0.131263
373825,482400,8192,0.124859
373889,483233,8192,0.119833
373953,483319,8192,0.121360
374017,483033,8192,0.124405
374081,482692,8192,0.133603
374145,483500,8192,0.123009
374209,482076,8192,0.133707
374273,482761,8192,0.120169
374337,483566,8192,0.113619
374401,483921,8192,0.116735
374465,484252,8192,0.117069
374529,483664,8192,0.124902
374593,483514,8192,0.124613
374657,483906,8192,0.118348
374721,483781,8192,0.126371
374785,484195,8192,0.110621
374849,483559,8192,0.118012
374913,483231,8192,0.117563
374977,483569,8192,0.122147
375041,483237,8192,0.122011
375105,484828,8192,0.107852
375169,483614,8192,0.129607
375233,483159,8192,0.130487
375297,483545,8192,0.129144
375361,484542,8192,0.120537
375425,484002,8192,0.126996
375489,484821,8192,0.113121
375553,484852,8192,0.113152
375617,485245,8192,0.106488
375681,485147,8192,0.113593
375745,485137,8192,0.115315
375809,486260,8192,0.105101
375873,486470,8192,0.093786
375937,485910,8192,0.101636
376001,484872,8192,0.115756
376065,485077,8192,0.108410
376129,484860,8192,0.113984
376193,485256,8192,0.102763
376257,484865,8192,0.105905
376321,485140,8192,0.105159
376385,484071,8192,0.118449
376449,484952,8192,0.114335
376513,484635,8192,0.118493
376577,485067,8192,0.113102
376641,485101,8192,0.113704
376705,484736,8192,0.118635
376769,483204,8192,0.144247
376833,483538,8192,0.140889
376897,484704,8192,0.131694
376961,484425,8192,0.132209
377025,484882,8192,0.128880
377089,485235,8192,0.128891
377153,485197,8192,0.127007
377217,486073,8192,0.119419
377281,486845,8192,0.111179
377345,486653,8192,0.109431
377409,485698,8192,0.120630
377473,485611,8192,0.121290
377537,485574,8192,0.120187
377601,484870,8192,0.127963
377665,485069,8192,0.119308
377729,485326,8192,0.113746
377793,485438,8192,0.107960
377857,485422,8192,0.105078
377921,486232,8192,0.093723
377985,486354,8192,0.092568
378049,486182,8192,0.099960
378113,486253,8192,0.099405
378177,484750,8192,0.114733
378241,484992,8192,0.103648
378305,484813,8192,0.109272
378369,485093,8192,0.110136
378433,485429,8192,0.106820
378497,486196,8192,0.108310
378561,485289,8192,0.116903
378625,485008,8192,0.114565
378689,485190,8192,0.116437
378753,486122,8192,0.106048
378817,485700,8192,0.106427
378881,485211,8192,0.109230
378945,484670,8192,0.116704
379009,485870,8192,0.105165
379073,485713,8192,0.097676
379137,485598,8192,0.099319
379201,485257,8192,0.106381
379265,484850,8192,0.098756
379329,485097,8192,0.093470
379393,484342,8192,0.109152
379457,484370,8192,0.102939
379521,484481,8192,0.107514
379585,484893,8192,0.104287
379649,484734,8192,0.097639
379713,484602,8192,0.097884
379777,484563,8192,0.096006
379841,483515,8192,0.111915
379905,483645,8192,0.115389
379969,483531,8192,0.118521
380033,483318,8192,0.115368
380097,483865,8192,0.109328
380161,484103,8192,0.110752
380225,484985,8192,0.097757
380289,484885,8192,0.103882
380353,484662,8192,0.112776
380417,485450,8192,0.102254
380481,484958,8192,0.105898
380545,484903,8192,0.108301
380609,485193,8192,0.108403
380673,484395,8192,0.114569
380737,484880,8192,0.104727
380801,484691,8192,0.108668
380865,485254,8192,0.109581
380929,485652,8192,0.108835
380993,484543,8192,0.120394
381057,484751,8192,0.113025
381121,485855,8192,0.105494
381185,485945,8192,0.106179
381249,485671,8192,0.106907
381313,486165,8192,0.103175
381377,486799,8192,0.100571
381441,487222,8192,0.097391
381505,485790,8192,0.120741
381569,486310,8192,0.112552
381633,486353,8192,0.111202
381697,485459,8192,0.116820
381761,485794,8192,0.111073
381825,485574,8192,0.114104
381889,485064,8192,0.110647
381953,485025,8192,0.110732
382017,484519,8192,0.115936
382081,484554,8192,0.117229
382145,485036,8192,0.117834
382209,484622,8192,0.117706
382273,484175,8192,0.121534
382337,485041,8192,0.116426
382401,485884,8192,0.102193
382465,485825,8192,0.099545
382529,485080,8192,0.109923
382593,486255,8192,0.096270
382657,486795,8192,0.090613
382721,486697,8192,0.099336
382785,486253,8192,0.101124
382849,485692,8192,0.113066
382913,486510,8192,0.105663
382977,486116,8192,0.108382
383041,485972,8192,0.106505
383105,486716,8192,0.100150
383169,486264,8192,0.114062
383233,486623,8192,0.109984
383297,487021,8192,0.107430
383361,485990,8192,0.119252
383425,486190,8192,0.118080
383489,487087,8192,0.105392
383553,486188,8192,0.113379
383617,485669,8192,0.117526
383681,484970,8192,0.119835
383745,484536,8192,0.129922
383809,484298,8192,0.127566
383873,484723,8192,0.116208
383937,483692,8192,0.130852
384001,484012,8192,0.119254
384065,484663,8192,0.115781
384129,484232,8192,0.116388
384193,483679,8192,0.123080
384257,483417,8192,0.132325
384321,483393,8192,0.132089
384385,482979,8192,0.134960
384449,483304,8192,0.123869
384513,483279,8192,0.122536
384577,483227,8192,0.121599
384641,483075,8192,0.118113
384705,483635,8192,0.110975
384769,484005,8192,0.110312
384833,484055,8192,0.107355
384897,483254,8192,0.111551
384961,483794,8192,0.109945
385025,484018,8192,0.106916
385089,483433,8192,0.112607
385153,484635,8192,0.106265
385217,484848,8192,0.107438
385281,485308,8192,0.100740
385345,484061,8192,0.118125
385409,483990,8192,0.114700
385473,484474,8192,0.103490
385537,484285,8192,0.104755
385601,484342,8192,0.102263
385665,483924,8192,0.104984
385729,484309,8192,0.103484
385793,484273,8192,0.097935
385857,482318,8192,0.118920
385921,482238,8192,0.118836
385985,482287,8192,0.123673
386049,482091,8192,0.127508
386113,483184,8192,0.113998
386177,483232,8192,0.112411
386241,483449,8192,0.109885
386305,483091,8192,0.109429
386369,483660,8192,0.106627
386433,483170,8192,0.108615
386497,482117,8192,0.118586
386561,481878,8192,0.120338
386625,481260,8192,0.129354
386689,481396,8192,0.122041
386753,482016,8192,0.108339
386817,481403,8192,0.115546
386881,482153,8192,0.113947
386945,482114,8192,0.106411
387009,482258,8192,0.108283
387073,482250,8192,0.106365
387137,482516,8192,0.099553
387201,482505,8192,0.101492
387265,482271,8192,0.107784
387329,481642,8192,0.114130
387393,482011,8192,0.110038
387457,482037,8192,0.111889
387521,482099,8192,0.108110
387585,482074,8192,0.112240
387649,482600,8192,0.104418
387713,483608,8192,0.097207
387777,484194,8192,0.093551
387841,483898,8192,0.093522
387905,483247,8192,0.097702
387969,483826,8192,0.089087
388033,482875,8192,0.109193
388097,483837,8192,0.105980
388161,484014,8192,0.104530
388225,484323,8192,0.104976
388289,484673,8192,0.100892
388353,484924,8192,0.102965
388417,485037,8192,0.107750
388481,483733,8192,0.129343
388545,483607,8192,0.133640
388609,481997,8192,0.144524
388673,482272,8192,0.143178
388737,482308,8192,0.139871
388801,480765,8192,0.160292
388865,480555,8192,0.159962
388929,480366,8192,0.165742
388993,480256,8192,0.159719
389057,480523,8192,0.153815
389121,480878,8192,0.147451
389185,481506,8192,0.132961
389249,482683,8192,0.122333
389313,482841,8192,0.119500
389377,482664,8192,0.115441
389441,482818,8192,0.114425
389505,482379,8192,0.118991
389569,482310,8192,0.117375
389633,482510,8192,0.117902
389697,482842,8192,0.116687
389761,484124,8192,0.106194
389825,483591,8192,0.115871
389889,484392,8192,0.107544
389953,485480,8192,0.102712
390017,486013,8192,0.098549
390081,486487,8192,0.095171
390145,487021,8192,0.094107
390209,486581,8192,0.100704
390273,486708,8192,0.103873
390337,486748,8192,0.099150
390401,486429,8192,0.111418
390465,487287,8192,0.096365
390529,488120,8192,0.090879
390593,488858,8192,0.083983
390657,488384,8192,0.088969
390721,488356,8192,0.094260
390785,488670,8192,0.091683
390849,488147,8192,0.103414
390913,488177,8192,0.103417
390977,487914,8192,0.103866
391041,488151,8192,0.105073
391105,488182,8192,0.105455
391169,488192,8192,0.111749
391233,487565,8192,0.120157
391297,487709,8192,0.124303
391361,487330,8192,0.133418
391425,487039,8192,0.139850
391489,485942,8192,0.156674
391553,485298,8192,0.161740
391617,484840,8192,0.163375
391681,485785,8192,0.150263
391745,485390,8192,0.155702
391809,485330,8192,0.158091
391873,485831,8192,0.149749
391937,485907,8192,0.142715
392001,485024,8192,0.146697
392065,485336,8192,0.144400
392129,485579,8192,0.141269
392193,485493,8192,0.144302
392257,485350,8192,0.141540
392321,484777,8192,0.150647
392385,484248,8192,0.153214
392449,484323,8192,0.159721
392513,483652,8192,0.163154
392577,483282,8192,0.164086
392641,482668,8192,0.162935
392705,483101,8192,0.157355
392769,482001,8192,0.164575
392833,482559,8192,0.150098
392897,483424,8192,0.140613
392961,483604,8192,0.137366
393025,483183,8192,0.139662
393089,483538,8192,0.143975
393153,483101,8192,0.146707
393217,482449,8192,0.150647
393281,481520,8192,0.160138
393345,480089,8192,0.178228
393409,480671,8192,0.168929
393473,479517,8192,0.181278
393537,479837,8192,0.178417
393601,480448,8192,0.171388
393665,481580,8192,0.158287
393729,481959,8192,0.155517
393793,481339,8192,0.155952
393857,480640,8192,0.161319
393921,480810,8192,0.161981
393985,481139,8192,0.154796
394049,481754,8192,0.149845
394113,481444,8192,0.156019
394177,481367,8192,0.150485
394241,481209,8192,0.152308
394305,482158,8192,0.139835
394369,481860,8192,0.143574
394433,481843,8192,0.136305
394497,480691,8192,0.154133
394561,480686,8192,0.154362
394625,481351,8192,0.147458
394689,481798,8192,0.138037
394753,482001,8192,0.140740
394817,481794,8192,0.137255
394881,481681,8192,0.136036
394945,482074,8192,0.128185
395009,482150,8192,0.121896
395073,481420,8192,0.123778
395137,481433,8192,0.118650
395201,481601,8192,0.113744
395265,480784,8192,0.118600
395329,480493,8192,0.114976
395393,480888,8192,0.107323
395457,481572,8192,0.108113
395521,481811,8192,0.107818
395585,481832,8192,0.102566
395649,482544,8192,0.106068
395713,482396,8192,0.109702
395777,482329,8192,0.110465
395841,482200,8192,0.108000
395905,482027,8192,0.110576
395969,482636,8192,0.105181
396033,483702,8192,0.093038
396097,483479,8192,0.093460
396161,484070,8192,0.089929
396225,483349,8192,0.096001
396289,484043,8192,0.091365
396353,483382,8192,0.099331
396417,482175,8192,0.111582
396481,481143,8192,0.129333
396545,481700,8192,0.128536
396609,482573,8192,0.110694
396673,482415,8192,0.119045
396737,483324,8192,0.111993
396801,483280,8192,0.118847
396865,484065,8192,0.108053
396929,483489,8192,0.109722
396993,483012,8192,0.115070
397057,482882,8192,0.106122
397121,483506,8192,0.101350
397185,483940,8192,0.092049
397249,484560,8192,0.085155
397313,484966,8192,0.091241
397377,483839,8192,0.099949
397441,483921,8192,0.098849
397505,484483,8192,0.098339
397569,484215,8192,0.108467
397633,484394,8192,0.107319
397697,484732,8192,0.106628
397761,485600,8192,0.098730
397825,485506,8192,0.105358
397889,485898,8192,0.104861
397953,485193,8192,0.123128
398017,484845,8192,0.128625
398081,484002,8192,0.138387
398145,483759,8192,0.146205
398209,483843,8192,0.147936
398273,484703,8192,0.140719
398337,485946,8192,0.128646
398401,486007,8192,0.127316
398465,486072,8192,0.123495
398529,486545,8192,0.118964
398593,486386,8192,0.119934
398657,486575,8192,0.115319
398721,485931,8192,0.124915
398785,485788,8192,0.127402
398849,486175,8192,0.116660
398913,486048,8192,0.112777
398977,485734,8192,0.116410
399041,486144,8192,0.109397
399105,486138,8192,0.104401
399169,486224,8192,0.100394
399233,485645,8192,0.102450
399297,485919,8192,0.102198
399361,485638,8192,0.104756
399425,485316,8192,0.101525
399489,486126,8192,0.092716
399553,485607,8192,0.103934
399617,486434,8192,0.100275
399681,486055,8192,0.100574
399745,485886,8192,0.104394
399809,485831,8192,0.108339
399873,485469,8192,0.112160
399937,485420,8192,0.115166
400001,485016,8192,0.118773
